Year,Institution,Origin,Students_Total,Students_Male,Students_Female,First_Semester_Total,First_Semester_Male,First_Semester_Female
2024,Magdeburg-Stendal University of Applied Sciences,Saxony-Anhalt,2838,1475,1363,650,337,313
2024,Magdeburg-Stendal University of Applied Sciences,German Citizenship outside Saxony-Anhalt,2339,1290,1049,530,250,280
2024,Magdeburg-Stendal University of Applied Sciences,Afghanistan,12,9,3,5,,
2024,Magdeburg-Stendal University of Applied Sciences,Egypt,15,12,3,5,,
2024,Magdeburg-Stendal University of Applied Sciences,American Samoa,3,,,,,
2024,Magdeburg-Stendal University of Applied Sciences,Albania,,,,0,0,0
2024,Magdeburg-Stendal University of Applied Sciences,Algeria,3,,,0,0,0
2024,Magdeburg-Stendal University of Applied Sciences,Armenia,3,0,3,,,
2024,Magdeburg-Stendal University of Applied Sciences,Azerbaijan,3,,,,,
2024,Magdeburg-Stendal University of Applied Sciences,Ethiopia,,,,0,0,0
2024,Magdeburg-Stendal University of Applied Sciences,Australia,,,,0,0,0
2024,Magdeburg-Stendal University of Applied Sciences,Bangladesh,15,,,,,
2024,Magdeburg-Stendal University of Applied Sciences,Belarus,,,,0,0,0
2024,Magdeburg-Stendal University of Applied Sciences,Belgium,,,,,,
2024,Magdeburg-Stendal University of Applied Sciences,Burma,5,,,0,0,0
2024,Magdeburg-Stendal University of Applied Sciences,Bolivia,0,0,0,0,0,0
2024,Magdeburg-Stendal University of Applied Sciences,Bosnia and Herzegovina,,,,,,
2024,Magdeburg-Stendal University of Applied Sciences,Brazil,,,,0,0,0
2024,Magdeburg-Stendal University of Applied Sciences,Bulgaria,4,4,0,,,
2024,Magdeburg-Stendal University of Applied Sciences,Burundi,0,0,0,0,0,0
2024,Magdeburg-Stendal University of Applied Sciences,Chile,0,0,0,0,0,0
2024,Magdeburg-Stendal University of Applied Sciences,China,38,16,12,18,,
2024,Magdeburg-Stendal University of Applied Sciences,Costa Rica,,,,0,0,0
2024,Magdeburg-Stendal University of Applied Sciences,Ecuador,0,0,0,0,0,0
2024,Magdeburg-Stendal University of Applied Sciences,El Salvador,,,,0,0,0
2024,Magdeburg-Stendal University of Applied Sciences,Eritrea,0,0,0,0,0,0
2024,Magdeburg-Stendal University of Applied Sciences,Ivory Coast,0,0,0,0,0,0
2024,Magdeburg-Stendal University of Applied Sciences,Estonia,0,0,0,0,0,0
2024,Magdeburg-Stendal University of Applied Sciences,Finland,,,,,,
2024,Magdeburg-Stendal University of Applied Sciences,France,3,,,,,
2024,Magdeburg-Stendal University of Applied Sciences,Gabon,,,,0,0,0
2024,Magdeburg-Stendal University of Applied Sciences,Georgia,,,,0,0,0
2024,Magdeburg-Stendal University of Applied Sciences,Gambia,0,0,0,0,0,0
2024,Magdeburg-Stendal University of Applied Sciences,Ghana,7,,,,,
2024,Magdeburg-Stendal University of Applied Sciences,Greece,,,,,,
2024,Magdeburg-Stendal University of Applied Sciences,United Kingdom,,,,0,0,0
2024,Magdeburg-Stendal University of Applied Sciences,Guadeloupe,0,0,0,0,0,0
2024,Magdeburg-Stendal University of Applied Sciences,Guinea,,,,0,0,0
2024,Magdeburg-Stendal University of Applied Sciences,Honduras,0,0,0,0,0,0
2024,Magdeburg-Stendal University of Applied Sciences,Hong Kong,,,,0,0,0
2024,Magdeburg-Stendal University of Applied Sciences,India,38,26,12,6,,
2024,Magdeburg-Stendal University of Applied Sciences,Indonesia,5,,,,,
2024,Magdeburg-Stendal University of Applied Sciences,Iraq,6,,,,,
2024,Magdeburg-Stendal University of Applied Sciences,Iran,46,26,20,3,0,3
2024,Magdeburg-Stendal University of Applied Sciences,Iceland,0,0,0,0,0,0
2024,Magdeburg-Stendal University of Applied Sciences,Italy,4,0,4,,,
2024,Magdeburg-Stendal University of Applied Sciences,Yemen,3,3,0,0,0,0
2024,Magdeburg-Stendal University of Applied Sciences,Jordan,50,40,10,29,21,8
2024,Magdeburg-Stendal University of Applied Sciences,Cameroon,6,,,,,
2024,Magdeburg-Stendal University of Applied Sciences,Canada,0,0,0,0,0,0
2024,Magdeburg-Stendal University of Applied Sciences,Kazakhstan,,,,,,
2024,Magdeburg-Stendal University of Applied Sciences,Kenya,,,,0,0,0
2024,Magdeburg-Stendal University of Applied Sciences,Kyrgyzstan,0,0,0,0,0,0
2024,Magdeburg-Stendal University of Applied Sciences,Colombia,4,,,0,0,0
2024,Magdeburg-Stendal University of Applied Sciences,Korea,,,,,,
2024,Magdeburg-Stendal University of Applied Sciences,Kosovo,,,,,,
2024,Magdeburg-Stendal University of Applied Sciences,Kosovo (old),0,0,0,0,0,0
2024,Magdeburg-Stendal University of Applied Sciences,Croatia,,,,0,0,0
2024,Magdeburg-Stendal University of Applied Sciences,Cuba,0,0,0,0,0,0
2024,Magdeburg-Stendal University of Applied Sciences,Latvia,0,0,0,0,0,0
2024,Magdeburg-Stendal University of Applied Sciences,Lebanon,5,,,0,0,0
2024,Magdeburg-Stendal University of Applied Sciences,Libya,0,0,0,0,0,0
2024,Magdeburg-Stendal University of Applied Sciences,Liechtenstein,0,0,0,0,0,0
2024,Magdeburg-Stendal University of Applied Sciences,Lithuania,,,,0,0,0
2024,Magdeburg-Stendal University of Applied Sciences,Luxembourg,0,0,0,0,0,0
2024,Magdeburg-Stendal University of Applied Sciences,Malaysia,,,,0,0,0
2024,Magdeburg-Stendal University of Applied Sciences,Monaco,0,0,0,0,0,0
2024,Magdeburg-Stendal University of Applied Sciences,Morocco,15,9,6,8,4,4
2024,Magdeburg-Stendal University of Applied Sciences,Mauritius,3,,,0,0,0
2024,Magdeburg-Stendal University of Applied Sciences,Mexico,3,,,0,0,0
2024,Magdeburg-Stendal University of Applied Sciences,Mongolia,,,,0,0,0
2024,Magdeburg-Stendal University of Applied Sciences,Moldova,0,0,0,0,0,0
2024,Magdeburg-Stendal University of Applied Sciences,Moldova,0,0,0,0,0,0
2024,Magdeburg-Stendal University of Applied Sciences,Montenegro,0,0,0,0,0,0
2024,Magdeburg-Stendal University of Applied Sciences,Nepal,6,,,0,0,0
2024,Magdeburg-Stendal University of Applied Sciences,Netherlands,,,,0,0,0
2024,Magdeburg-Stendal University of Applied Sciences,Nigeria,17,,,,,
2024,Magdeburg-Stendal University of Applied Sciences,Norway,0,0,0,0,0,0
2024,Magdeburg-Stendal University of Applied Sciences,Austria,18,14,14,13,3,10
2024,Magdeburg-Stendal University of Applied Sciences,Pakistan,16,16,0,,,
2024,Magdeburg-Stendal University of Applied Sciences,Palestinian Territories,9,,,,,
2024,Magdeburg-Stendal University of Applied Sciences,Peru,3,0,3,0,0,0
2024,Magdeburg-Stendal University of Applied Sciences,Philippines,3,0,3,0,0,0
2024,Magdeburg-Stendal University of Applied Sciences,Poland,,,,0,0,0
2024,Magdeburg-Stendal University of Applied Sciences,Portugal,0,0,0,0,0,0
2024,Magdeburg-Stendal University of Applied Sciences,Romania,,,,0,0,0
2024,Magdeburg-Stendal University of Applied Sciences,Russia,18,6,12,4,,
2024,Magdeburg-Stendal University of Applied Sciences,Saudi Arabia,,,,0,0,0
2024,Magdeburg-Stendal University of Applied Sciences,Sweden,0,0,0,0,0,0
2024,Magdeburg-Stendal University of Applied Sciences,Switzerland,3,,,3,,
2024,Magdeburg-Stendal University of Applied Sciences,Serbia,5,,,,,
2024,Magdeburg-Stendal University of Applied Sciences,Zimbabwe,0,0,0,0,0,0
2024,Magdeburg-Stendal University of Applied Sciences,Slovakia,0,0,0,0,0,0
2024,Magdeburg-Stendal University of Applied Sciences,Spain,7,,,6,,
2024,Magdeburg-Stendal University of Applied Sciences,Sri Lanka,4,,,0,0,0
2024,Magdeburg-Stendal University of Applied Sciences,Stateless,0,0,0,0,0,0
2024,Magdeburg-Stendal University of Applied Sciences,Sudan,,,,0,0,0
2024,Magdeburg-Stendal University of Applied Sciences,Syria,54,43,11,16,13,3
2024,Magdeburg-Stendal University of Applied Sciences,Taiwan,4,,,0,0,0
2024,Magdeburg-Stendal University of Applied Sciences,Tibet,0,0,0,0,0,0
2024,Magdeburg-Stendal University of Applied Sciences,Tajikistan,,,,,,
2024,Magdeburg-Stendal University of Applied Sciences,Czech Republic,0,0,0,0,0,0
2024,Magdeburg-Stendal University of Applied Sciences,Togo,0,0,0,0,0,0
2024,Magdeburg-Stendal University of Applied Sciences,Tunisia,9,9,0,,,
2024,Magdeburg-Stendal University of Applied Sciences,Turkey,12,7,5,0,0,0
2024,Magdeburg-Stendal University of Applied Sciences,Uganda,,,,0,0,0
2024,Magdeburg-Stendal University of Applied Sciences,Ukraine,13,5,8,3,,
2024,Magdeburg-Stendal University of Applied Sciences,Hungary,0,0,0,0,0,0
2024,Magdeburg-Stendal University of Applied Sciences,Unresolved/Unclear,,,,,,
2024,Magdeburg-Stendal University of Applied Sciences,Uzbekistan,,,,,,
2024,Magdeburg-Stendal University of Applied Sciences,Venezuela,,,,0,0,0
2024,Magdeburg-Stendal University of Applied Sciences,United States,0,0,0,0,0,0
2024,Magdeburg-Stendal University of Applied Sciences,United Arab Emirates,,,,0,0,0
2024,Magdeburg-Stendal University of Applied Sciences,United Kingdom,0,0,0,0,0,0
2024,Magdeburg-Stendal University of Applied Sciences,Vietnam,6,,,,,
2024,Magdeburg-Stendal University of Applied Sciences,China,0,0,0,0,0,0
2024,Magdeburg-Stendal University of Applied Sciences,Belarus,0,0,0,0,0,0
2024,Otto von Guericke University Magdeburg,Saxony-Anhalt,3839,1749,2090,897,532,365
2024,Otto von Guericke University Magdeburg,German Citizenship outside Saxony-Anhalt,4057,0,0,0,0,0
2024,Otto von Guericke University Magdeburg,Afghanistan,15,,,6,,
2024,Otto von Guericke University Magdeburg,Egypt,119,102,17,34,27,7
2024,Otto von Guericke University Magdeburg,Albania,32,10,22,7,4,3
2024,Otto von Guericke University Magdeburg,Algeria,,0,0,0,0,0
2024,Otto von Guericke University Magdeburg,Angola,,,,0,0,0
2024,Otto von Guericke University Magdeburg,Syria,127,95,32,12,9,3
2024,Otto von Guericke University Magdeburg,Argentina,7,3,4,6,,
2024,Otto von Guericke University Magdeburg,Armenia,6,,,,,
2024,Otto von Guericke University Magdeburg,Azerbaijan,57,26,31,12,5,7
2024,Otto von Guericke University Magdeburg,Ethiopia,5,,,4,,
2024,Otto von Guericke University Magdeburg,Australia,,,,,,
2024,Otto von Guericke University Magdeburg,Bangladesh,188,135,53,42,33,9
2024,Otto von Guericke University Magdeburg,Belarus,11,6,5,4,,
2024,Otto von Guericke University Magdeburg,Belgium,,0,0,0,0,0
2024,Otto von Guericke University Magdeburg,Bolivia,3,,,0,0,0
2024,Otto von Guericke University Magdeburg,Bosnia and Herzegovina,4,0,4,,,
2024,Otto von Guericke University Magdeburg,Brazil,22,9,13,11,3,8
2024,Otto von Guericke University Magdeburg,Bulgaria,24,10,14,6,,
2024,Otto von Guericke University Magdeburg,Burundi,,0,0,0,0,0
2024,Otto von Guericke University Magdeburg,Chile,4,,,0,0,0
2024,Otto von Guericke University Magdeburg,Costa Rica,,,,0,0,0
2024,Otto von Guericke University Magdeburg,Denmark,,,,0,0,0
2024,Otto von Guericke University Magdeburg,Dominica,,0,0,0,0,0
2024,Otto von Guericke University Magdeburg,Ecuador,4,,,0,0,0
2024,Otto von Guericke University Magdeburg,Estonia,,0,0,,0,0
2024,Otto von Guericke University Magdeburg,Eswatini,,,,0,0,0
2024,Otto von Guericke University Magdeburg,Finland,,,,0,0,0
2024,Otto von Guericke University Magdeburg,France,6,,,,0,0
2024,Otto von Guericke University Magdeburg,Gambia,,0,0,0,0,0
2024,Otto von Guericke University Magdeburg,Georgia,5,,,0,0,0
2024,Otto von Guericke University Magdeburg,Ghana,13,8,5,,0,0
2024,Otto von Guericke University Magdeburg,Greece,16,9,7,3,0,0
2024,Otto von Guericke University Magdeburg,Guatemala,,0,0,,0,0
2024,Otto von Guericke University Magdeburg,Honduras,,0,0,,0,0
2024,Otto von Guericke University Magdeburg,Hong Kong,,0,0,0,0,0
2024,Otto von Guericke University Magdeburg,India,1948,1461,487,452,339,113
2024,Otto von Guericke University Magdeburg,Indonesia,27,13,14,8,4,4
2024,Otto von Guericke University Magdeburg,Iraq,17,8,9,,,
2024,Otto von Guericke University Magdeburg,Iran,178,71,107,48,22,26
2024,Otto von Guericke University Magdeburg,Israel,7,,,,,
2024,Otto von Guericke University Magdeburg,Italy,29,12,17,10,3,7
2024,Otto von Guericke University Magdeburg,Japan,12,5,7,10,3,7
2024,Otto von Guericke University Magdeburg,Yemen,25,0,0,,0,0
2024,Otto von Guericke University Magdeburg,Jordan,55,48,7,13,,
2024,Otto von Guericke University Magdeburg,Cameroon,35,10,25,10,3,7
2024,Otto von Guericke University Magdeburg,Canada,,,,,,
2024,Otto von Guericke University Magdeburg,Kazakhstan,10,5,5,4,,
2024,Otto von Guericke University Magdeburg,Kenya,6,,,4,,
2024,Otto von Guericke University Magdeburg,Kyrgyzstan,,,,0,0,0
2024,Otto von Guericke University Magdeburg,Colombia,26,11,15,3,,
2024,Otto von Guericke University Magdeburg,Kosovo,6,3,3,5,,
2024,Otto von Guericke University Magdeburg,Croatia,3,,,,0,0
2024,Otto von Guericke University Magdeburg,Cuba,,0,0,0,0,0
2024,Otto von Guericke University Magdeburg,Latvia,3,0,3,0,0,0
2024,Otto von Guericke University Magdeburg,Lebanon,16,10,6,6,3,3
2024,Otto von Guericke University Magdeburg,Libya,4,,,0,0,0
2024,Otto von Guericke University Magdeburg,Lithuania,5,,,,0,0
2024,Otto von Guericke University Magdeburg,Luxembourg,3,,,,,
2024,Otto von Guericke University Magdeburg,North Macedonia,,,,0,0,0
2024,Otto von Guericke University Magdeburg,Malaysia,5,,,3,,
2024,Otto von Guericke University Magdeburg,Morocco,49,35,14,11,,
2024,Otto von Guericke University Magdeburg,Mauritius,17,9,8,9,5,4
2024,Otto von Guericke University Magdeburg,Mexico,33,20,13,11,6,5
2024,Otto von Guericke University Magdeburg,Mongolia,5,,,0,0,0
2024,Otto von Guericke University Magdeburg,Mozambique,,0,0,0,0,0
2024,Otto von Guericke University Magdeburg,Myanmar,5,,,3,0,0
2024,Otto von Guericke University Magdeburg,Nepal,34,17,17,6,,
2024,Otto von Guericke University Magdeburg,Nicaragua,,,,,,
2024,Otto von Guericke University Magdeburg,Netherlands,3,0,3,,,
2024,Otto von Guericke University Magdeburg,Nigeria,37,28,9,3,,
2024,Otto von Guericke University Magdeburg,Austria,14,4,10,4,,
2024,Otto von Guericke University Magdeburg,Pakistan,394,325,69,109,82,27
2024,Otto von Guericke University Magdeburg,Palestinian Territories,13,,,,0,0
2024,Otto von Guericke University Magdeburg,Peru,7,4,3,,,
2024,Otto von Guericke University Magdeburg,Philippines,4,,,,0,0
2024,Otto von Guericke University Magdeburg,Poland,14,5,9,5,,
2024,Otto von Guericke University Magdeburg,Portugal,11,7,4,7,,
2024,Otto von Guericke University Magdeburg,Moldova,5,,,,,
2024,Otto von Guericke University Magdeburg,Romania,14,9,5,3,0,0
2024,Otto von Guericke University Magdeburg,Russia,82,38,44,18,8,10
2024,Otto von Guericke University Magdeburg,Saudi Arabia,,,,0,0,0
2024,Otto von Guericke University Magdeburg,Sweden,,0,0,0,0,0
2024,Otto von Guericke University Magdeburg,Switzerland,,,,,,
2024,Otto von Guericke University Magdeburg,Serbia,9,3,6,3,,
2024,Otto von Guericke University Magdeburg,Zimbabwe,8,3,5,6,,
2024,Otto von Guericke University Magdeburg,Slovakia,3,,,,,
2024,Otto von Guericke University Magdeburg,Slovenia,,,,0,0,0
2024,Otto von Guericke University Magdeburg,Somalia,,,,0,0,0
2024,Otto von Guericke University Magdeburg,Spain,18,7,11,4,,
2024,Otto von Guericke University Magdeburg,Sri Lanka,10,7,3,,,
2024,Otto von Guericke University Magdeburg,Stateless,,0,0,0,0,0
2024,Otto von Guericke University Magdeburg,Sudan,7,0,0,,0,0
2024,Otto von Guericke University Magdeburg,South Korea,18,6,12,10,3,7
2024,Otto von Guericke University Magdeburg,South Sudan,,,,,,
2024,Otto von Guericke University Magdeburg,Tajikistan,3,0,0,0,0,0
2024,Otto von Guericke University Magdeburg,Taiwan,14,4,10,10,3,7
2024,Otto von Guericke University Magdeburg,Thailand,8,,,3,,
2024,Otto von Guericke University Magdeburg,Czech Republic,5,,,,,
2024,Otto von Guericke University Magdeburg,Tunisia,35,22,13,6,3,3
2024,Otto von Guericke University Magdeburg,Turkey,101,45,56,28,14,14
2024,Otto von Guericke University Magdeburg,Turkmenistan,,,,0,0,0
2024,Otto von Guericke University Magdeburg,Uganda,5,,,,,
2024,Otto von Guericke University Magdeburg,Ukraine,194,110,84,67,45,22
2024,Otto von Guericke University Magdeburg,Hungary,6,,,3,0,3
2024,Otto von Guericke University Magdeburg,Unresolved/Unclear,,0,0,0,0,0
2024,Otto von Guericke University Magdeburg,Uzbekistan,9,6,3,,0,0
2024,Otto von Guericke University Magdeburg,Venezuela,,,,0,0,0
2024,Otto von Guericke University Magdeburg,United Arab Emirates,,0,0,0,0,0
2024,Otto von Guericke University Magdeburg,United States,26,13,13,11,6,5
2024,Otto von Guericke University Magdeburg,United Kingdom,4,,,3,,
2024,Otto von Guericke University Magdeburg,Vietnam,73,30,43,24,4,20
2024,Otto von Guericke University Magdeburg,China,196,89,107,39,16,23
2024,Otto von Guericke University Magdeburg,Cyprus,,,,0,0,0
2023,Magdeburg-Stendal University of Applied Sciences,Saxony-Anhalt,2840,1417,1423,649,317,332
2023,Magdeburg-Stendal University of Applied Sciences,German Citizenship outside Saxony-Anhalt,2395,1134,1261,479,238,241
2023,Magdeburg-Stendal University of Applied Sciences,Afghanistan,11,,,5,5,0
2023,Magdeburg-Stendal University of Applied Sciences,Egypt,9,,,0,0,0
2023,Magdeburg-Stendal University of Applied Sciences,Albania,,,,0,0,0
2023,Magdeburg-Stendal University of Applied Sciences,Algeria,4,,,0,0,0
2023,Magdeburg-Stendal University of Applied Sciences,Armenia,,,,0,0,0
2023,Magdeburg-Stendal University of Applied Sciences,Azerbaijan,,,,0,0,0
2023,Magdeburg-Stendal University of Applied Sciences,Ethiopia,0,0,0,0,0,0
2023,Magdeburg-Stendal University of Applied Sciences,Australia,0,0,0,0,0,0
2023,Magdeburg-Stendal University of Applied Sciences,Bangladesh,7,,,3,3,0
2023,Magdeburg-Stendal University of Applied Sciences,Belarus,,,,0,0,0
2023,Magdeburg-Stendal University of Applied Sciences,Belgium,0,0,0,0,0,0
2023,Magdeburg-Stendal University of Applied Sciences,Burma,,,,0,0,0
2023,Magdeburg-Stendal University of Applied Sciences,Bolivia,0,0,0,0,0,0
2023,Magdeburg-Stendal University of Applied Sciences,Bosnia and Herzegovina,0,0,0,0,0,0
2023,Magdeburg-Stendal University of Applied Sciences,Brazil,3,0,3,0,0,0
2023,Magdeburg-Stendal University of Applied Sciences,Bulgaria,4,4,0,,,
2023,Magdeburg-Stendal University of Applied Sciences,Burundi,0,0,0,0,0,0
2023,Magdeburg-Stendal University of Applied Sciences,Chile,0,0,0,0,0,0
2023,Magdeburg-Stendal University of Applied Sciences,China,,,,0,0,0
2023,Magdeburg-Stendal University of Applied Sciences,Costa Rica,,,,0,0,0
2023,Magdeburg-Stendal University of Applied Sciences,Ecuador,,,,0,0,0
2023,Magdeburg-Stendal University of Applied Sciences,El Salvador,,,,0,0,0
2023,Magdeburg-Stendal University of Applied Sciences,Eritrea,,,,,,
2023,Magdeburg-Stendal University of Applied Sciences,Ivory Coast,0,0,0,0,0,0
2023,Magdeburg-Stendal University of Applied Sciences,Estonia,,,,0,0,0
2023,Magdeburg-Stendal University of Applied Sciences,France,,,,,,
2023,Magdeburg-Stendal University of Applied Sciences,Gabon,,,,,,
2023,Magdeburg-Stendal University of Applied Sciences,Georgia,,,,,,
2023,Magdeburg-Stendal University of Applied Sciences,Gambia,0,0,0,0,0,0
2023,Magdeburg-Stendal University of Applied Sciences,Ghana,,,,0,0,0
2023,Magdeburg-Stendal University of Applied Sciences,Greece,,,,0,0,0
2023,Magdeburg-Stendal University of Applied Sciences,United Kingdom,,,,0,0,0
2023,Magdeburg-Stendal University of Applied Sciences,Guadeloupe,0,0,0,0,0,0
2023,Magdeburg-Stendal University of Applied Sciences,Guinea,,,,0,0,0
2023,Magdeburg-Stendal University of Applied Sciences,Honduras,0,0,0,0,0,0
2023,Magdeburg-Stendal University of Applied Sciences,Hong Kong,0,0,0,0,0,0
2023,Magdeburg-Stendal University of Applied Sciences,India,24,18,6,5,,
2023,Magdeburg-Stendal University of Applied Sciences,Indonesia,3,3,0,0,0,0
2023,Magdeburg-Stendal University of Applied Sciences,Iraq,5,,,3,,
2023,Magdeburg-Stendal University of Applied Sciences,Iran,42,27,15,6,,
2023,Magdeburg-Stendal University of Applied Sciences,Iceland,0,0,0,0,0,0
2023,Magdeburg-Stendal University of Applied Sciences,Italy,,,,0,0,0
2023,Magdeburg-Stendal University of Applied Sciences,Yemen,4,4,0,,,
2023,Magdeburg-Stendal University of Applied Sciences,Jordan,53,38,15,31,25,6
2023,Magdeburg-Stendal University of Applied Sciences,Cameroon,4,,,,,
2023,Magdeburg-Stendal University of Applied Sciences,Canada,,,,,,
2023,Magdeburg-Stendal University of Applied Sciences,Kazakhstan,,,,0,0,0
2023,Magdeburg-Stendal University of Applied Sciences,Kenya,,,,0,0,0
2023,Magdeburg-Stendal University of Applied Sciences,Kyrgyzstan,0,0,0,0,0,0
2023,Magdeburg-Stendal University of Applied Sciences,Colombia,4,,,,,
2023,Magdeburg-Stendal University of Applied Sciences,Korea,3,,,0,0,0
2023,Magdeburg-Stendal University of Applied Sciences,Kosovo,,,,,,
2023,Magdeburg-Stendal University of Applied Sciences,Kosovo (old),0,0,0,0,0,0
2023,Magdeburg-Stendal University of Applied Sciences,Croatia,,,,0,0,0
2023,Magdeburg-Stendal University of Applied Sciences,Cuba,,,,0,0,0
2023,Magdeburg-Stendal University of Applied Sciences,Latvia,,,,,,
2023,Magdeburg-Stendal University of Applied Sciences,Lebanon,8,5,3,,,
2023,Magdeburg-Stendal University of Applied Sciences,Libya,0,0,0,0,0,0
2023,Magdeburg-Stendal University of Applied Sciences,Liechtenstein,,,,0,0,0
2023,Magdeburg-Stendal University of Applied Sciences,Lithuania,,,,0,0,0
2023,Magdeburg-Stendal University of Applied Sciences,Luxembourg,,,,0,0,0
2023,Magdeburg-Stendal University of Applied Sciences,Malaysia,3,,,0,0,0
2023,Magdeburg-Stendal University of Applied Sciences,Monaco,0,0,0,0,0,0
2023,Magdeburg-Stendal University of Applied Sciences,Morocco,8,,,,,
2023,Magdeburg-Stendal University of Applied Sciences,Mauritius,,,,0,0,0
2023,Magdeburg-Stendal University of Applied Sciences,Mexico,3,,,,,
2023,Magdeburg-Stendal University of Applied Sciences,Mongolia,,,,,,
2023,Magdeburg-Stendal University of Applied Sciences,Moldova,0,0,0,0,0,0
2023,Magdeburg-Stendal University of Applied Sciences,Moldova,0,0,0,0,0,0
2023,Magdeburg-Stendal University of Applied Sciences,Montenegro,0,0,0,0,0,0
2023,Magdeburg-Stendal University of Applied Sciences,Nepal,9,,,0,0,0
2023,Magdeburg-Stendal University of Applied Sciences,Netherlands,,,,,,
2023,Magdeburg-Stendal University of Applied Sciences,Nigeria,16,,,5,,
2023,Magdeburg-Stendal University of Applied Sciences,Norway,,,,,,
2023,Magdeburg-Stendal University of Applied Sciences,Austria,29,8,21,0,0,0
2023,Magdeburg-Stendal University of Applied Sciences,Pakistan,10,10,0,,,
2023,Magdeburg-Stendal University of Applied Sciences,Palestinian Territories,8,,,,,
2023,Magdeburg-Stendal University of Applied Sciences,Peru,3,0,3,,,
2023,Magdeburg-Stendal University of Applied Sciences,Philippines,,,,0,0,0
2023,Magdeburg-Stendal University of Applied Sciences,Poland,,,,0,0,0
2023,Magdeburg-Stendal University of Applied Sciences,Portugal,0,0,0,0,0,0
2023,Magdeburg-Stendal University of Applied Sciences,Romania,,,,,,
2023,Magdeburg-Stendal University of Applied Sciences,Russia,19,5,14,7,,
2023,Magdeburg-Stendal University of Applied Sciences,Saudi Arabia,,,,0,0,0
2023,Magdeburg-Stendal University of Applied Sciences,Sweden,0,0,0,0,0,0
2023,Magdeburg-Stendal University of Applied Sciences,Switzerland,3,,,0,0,0
2023,Magdeburg-Stendal University of Applied Sciences,Serbia,5,,,,,
2023,Magdeburg-Stendal University of Applied Sciences,Zimbabwe,,,,0,0,0
2023,Magdeburg-Stendal University of Applied Sciences,Slovakia,0,0,0,0,0,0
2023,Magdeburg-Stendal University of Applied Sciences,Spain,0,0,0,0,0,0
2023,Magdeburg-Stendal University of Applied Sciences,Sri Lanka,,,,0,0,0
2023,Magdeburg-Stendal University of Applied Sciences,Stateless,,,,0,0,0
2023,Magdeburg-Stendal University of Applied Sciences,Sudan,,,,0,0,0
2023,Magdeburg-Stendal University of Applied Sciences,Syria,53,44,9,14,10,4
2023,Magdeburg-Stendal University of Applied Sciences,Taiwan,0,0,0,0,0,0
2023,Magdeburg-Stendal University of Applied Sciences,Tibet,22,11,11,3,0,3
2023,Magdeburg-Stendal University of Applied Sciences,Tajikistan,0,0,0,0,0,0
2023,Magdeburg-Stendal University of Applied Sciences,Czech Republic,,,,0,0,0
2023,Magdeburg-Stendal University of Applied Sciences,Togo,0,0,0,0,0,0
2023,Magdeburg-Stendal University of Applied Sciences,Tunisia,7,7,0,,,
2023,Magdeburg-Stendal University of Applied Sciences,Turkey,13,5,8,4,,
2023,Magdeburg-Stendal University of Applied Sciences,Ukraine,15,6,9,4,,
2023,Magdeburg-Stendal University of Applied Sciences,Hungary,0,0,0,0,0,0
2023,Magdeburg-Stendal University of Applied Sciences,Unresolved/Unclear,,,,,,
2023,Magdeburg-Stendal University of Applied Sciences,Uzbekistan,,,,,,
2023,Magdeburg-Stendal University of Applied Sciences,Venezuela,,,,,,
2023,Magdeburg-Stendal University of Applied Sciences,United States,,,,0,0,0
2023,Magdeburg-Stendal University of Applied Sciences,United Arab Emirates,,,,,,
2023,Magdeburg-Stendal University of Applied Sciences,United Kingdom,0,0,0,0,0,0
2023,Magdeburg-Stendal University of Applied Sciences,Vietnam,6,3,3,,,
2023,Magdeburg-Stendal University of Applied Sciences,China,0,0,0,0,0,0
2023,Magdeburg-Stendal University of Applied Sciences,Belarus,0,0,0,0,0,0
2023,Otto von Guericke University Magdeburg,Saxony-Anhalt,3892,2357,1535,897,532,365
2023,Otto von Guericke University Magdeburg,German Citizenship outside Saxony-Anhalt,4425,0,0,0,0,0
2023,Otto von Guericke University Magdeburg,Afghanistan,11,,,,,
2023,Otto von Guericke University Magdeburg,Egypt,103,91,12,18,14,4
2023,Otto von Guericke University Magdeburg,Albania,37,11,26,6,,
2023,Otto von Guericke University Magdeburg,Algeria,,0,0,0,0,0
2023,Otto von Guericke University Magdeburg,Angola,,,,0,0,0
2023,Otto von Guericke University Magdeburg,Syria,147,108,39,21,14,7
2023,Otto von Guericke University Magdeburg,Argentina,7,,,5,,
2023,Otto von Guericke University Magdeburg,Armenia,4,,,,,
2023,Otto von Guericke University Magdeburg,Azerbaijan,56,31,25,14,10,4
2023,Otto von Guericke University Magdeburg,Ethiopia,5,,,,0,0
2023,Otto von Guericke University Magdeburg,Australia,,0,0,0,0,0
2023,Otto von Guericke University Magdeburg,Bangladesh,191,133,58,25,17,8
2023,Otto von Guericke University Magdeburg,Belarus,9,5,4,,,
2023,Otto von Guericke University Magdeburg,Belgium,,0,0,,0,0
2023,Otto von Guericke University Magdeburg,Bolivia,3,,,0,0,0
2023,Otto von Guericke University Magdeburg,Bosnia and Herzegovina,4,0,4,,,
2023,Otto von Guericke University Magdeburg,Brazil,19,8,11,6,,
2023,Otto von Guericke University Magdeburg,Bulgaria,31,12,19,,,
2023,Otto von Guericke University Magdeburg,Burundi,,0,0,,0,0
2023,Otto von Guericke University Magdeburg,Chile,4,,,0,0,0
2023,Otto von Guericke University Magdeburg,Costa Rica,,,,0,0,0
2023,Otto von Guericke University Magdeburg,Denmark,,,,0,0,0
2023,Otto von Guericke University Magdeburg,Dominica,,0,0,,0,0
2023,Otto von Guericke University Magdeburg,Ecuador,4,,,0,0,0
2023,Otto von Guericke University Magdeburg,Ivory Coast,,0,0,0,0,0
2023,Otto von Guericke University Magdeburg,Finland,,,,0,0,0
2023,Otto von Guericke University Magdeburg,France,9,5,4,6,3,3
2023,Otto von Guericke University Magdeburg,Gabon,,,,0,0,0
2023,Otto von Guericke University Magdeburg,Gambia,3,,,,,
2023,Otto von Guericke University Magdeburg,Georgia,5,,,,0,0
2023,Otto von Guericke University Magdeburg,Ghana,13,8,5,,,
2023,Otto von Guericke University Magdeburg,Greece,16,7,9,,0,0
2023,Otto von Guericke University Magdeburg,Haiti,,,,0,0,0
2023,Otto von Guericke University Magdeburg,Honduras,,,,0,0,0
2023,Otto von Guericke University Magdeburg,Hong Kong,,0,0,0,0,0
2023,Otto von Guericke University Magdeburg,India,1576,1194,382,324,254,70
2023,Otto von Guericke University Magdeburg,Indonesia,25,13,12,8,4,4
2023,Otto von Guericke University Magdeburg,Iraq,16,8,8,,,
2023,Otto von Guericke University Magdeburg,Iran,134,57,77,24,10,14
2023,Otto von Guericke University Magdeburg,Ireland,,,,0,0,0
2023,Otto von Guericke University Magdeburg,Israel,6,,,0,0,0
2023,Otto von Guericke University Magdeburg,Italy,42,22,20,11,7,4
2023,Otto von Guericke University Magdeburg,Japan,9,4,5,3,,
2023,Otto von Guericke University Magdeburg,Yemen,25,0,0,4,0,0
2023,Otto von Guericke University Magdeburg,Jordan,64,58,6,10,,
2023,Otto von Guericke University Magdeburg,Cameroon,29,9,20,5,,
2023,Otto von Guericke University Magdeburg,Canada,3,0,3,,,
2023,Otto von Guericke University Magdeburg,Kazakhstan,8,5,3,,0,0
2023,Otto von Guericke University Magdeburg,Kenya,3,,,0,0,0
2023,Otto von Guericke University Magdeburg,Kyrgyzstan,4,0,4,0,0,0
2023,Otto von Guericke University Magdeburg,Colombia,31,10,21,6,,
2023,Otto von Guericke University Magdeburg,Kosovo,,,,0,0,0
2023,Otto von Guericke University Magdeburg,Croatia,,0,0,0,0,0
2023,Otto von Guericke University Magdeburg,Cuba,,0,0,0,0,0
2023,Otto von Guericke University Magdeburg,Latvia,4,0,4,0,0,0
2023,Otto von Guericke University Magdeburg,Lebanon,16,11,5,5,,
2023,Otto von Guericke University Magdeburg,Libya,4,,,0,0,0
2023,Otto von Guericke University Magdeburg,Lithuania,6,3,3,,0,0
2023,Otto von Guericke University Magdeburg,Luxembourg,,,,,,
2023,Otto von Guericke University Magdeburg,North Macedonia,3,,,0,0,0
2023,Otto von Guericke University Magdeburg,Malawi,,,,0,0,0
2023,Otto von Guericke University Magdeburg,Malaysia,6,3,3,0,0,0
2023,Otto von Guericke University Magdeburg,Morocco,39,24,15,9,5,4
2023,Otto von Guericke University Magdeburg,Mauritius,12,5,7,,,
2023,Otto von Guericke University Magdeburg,Mexico,35,18,17,9,6,3
2023,Otto von Guericke University Magdeburg,Mongolia,7,,,,,
2023,Otto von Guericke University Magdeburg,Mozambique,,0,0,0,0,0
2023,Otto von Guericke University Magdeburg,Myanmar,3,,,0,0,0
2023,Otto von Guericke University Magdeburg,Namibia,,,,,,
2023,Otto von Guericke University Magdeburg,Nepal,39,21,18,6,3,3
2023,Otto von Guericke University Magdeburg,Nicaragua,,0,0,0,0,0
2023,Otto von Guericke University Magdeburg,Netherlands,5,,,0,0,0
2023,Otto von Guericke University Magdeburg,Nigeria,45,37,8,5,0,0
2023,Otto von Guericke University Magdeburg,Austria,10,,,3,0,3
2023,Otto von Guericke University Magdeburg,Pakistan,306,258,48,82,69,13
2023,Otto von Guericke University Magdeburg,Palestinian Territories,13,10,3,,0,0
2023,Otto von Guericke University Magdeburg,Peru,5,,,,,
2023,Otto von Guericke University Magdeburg,Philippines,3,,,,,
2023,Otto von Guericke University Magdeburg,Poland,15,6,9,6,,
2023,Otto von Guericke University Magdeburg,Portugal,7,4,3,3,,
2023,Otto von Guericke University Magdeburg,Moldova,5,,,,,
2023,Otto von Guericke University Magdeburg,Romania,16,8,8,6,,
2023,Otto von Guericke University Magdeburg,Russia,85,45,40,17,8,9
2023,Otto von Guericke University Magdeburg,Saudi Arabia,4,,,,0,0
2023,Otto von Guericke University Magdeburg,Sweden,,0,0,0,0,0
2023,Otto von Guericke University Magdeburg,Switzerland,,0,0,,0,0
2023,Otto von Guericke University Magdeburg,Serbia,6,,,0,0,0
2023,Otto von Guericke University Magdeburg,Zimbabwe,3,,,0,0,0
2023,Otto von Guericke University Magdeburg,Slovakia,3,,,,,
2023,Otto von Guericke University Magdeburg,Slovenia,,,,0,0,0
2023,Otto von Guericke University Magdeburg,Somalia,,,,0,0,0
2023,Otto von Guericke University Magdeburg,Spain,20,9,11,8,5,3
2023,Otto von Guericke University Magdeburg,Sri Lanka,10,7,3,0,0,0
2023,Otto von Guericke University Magdeburg,Stateless,3,,,0,0,0
2023,Otto von Guericke University Magdeburg,Sudan,6,0,0,0,0,0
2023,Otto von Guericke University Magdeburg,South Korea,16,5,11,8,,
2023,Otto von Guericke University Magdeburg,Tajikistan,4,0,0,,0,0
2023,Otto von Guericke University Magdeburg,Taiwan,19,6,13,9,,
2023,Otto von Guericke University Magdeburg,Thailand,6,,,,0,0
2023,Otto von Guericke University Magdeburg,Czech Republic,6,,,,,
2023,Otto von Guericke University Magdeburg,Tunisia,35,24,11,8,,
2023,Otto von Guericke University Magdeburg,Turkey,85,38,47,22,10,12
2023,Otto von Guericke University Magdeburg,Turkmenistan,,,,,,
2023,Otto von Guericke University Magdeburg,Uganda,4,,,3,,
2023,Otto von Guericke University Magdeburg,Ukraine,162,81,81,68,40,28
2023,Otto von Guericke University Magdeburg,Hungary,8,3,5,5,,
2023,Otto von Guericke University Magdeburg,Unresolved/Unclear,,0,0,0,0,0
2023,Otto von Guericke University Magdeburg,Uzbekistan,9,6,3,,0,0
2023,Otto von Guericke University Magdeburg,Venezuela,,,,,0,0
2023,Otto von Guericke University Magdeburg,United Arab Emirates,,0,0,,0,0
2023,Otto von Guericke University Magdeburg,United States,19,9,10,4,,
2023,Otto von Guericke University Magdeburg,United Kingdom,3,,,,,
2023,Otto von Guericke University Magdeburg,Vietnam,68,32,36,12,4,8
2023,Otto von Guericke University Magdeburg,China,215,86,129,26,17,9
2023,Otto von Guericke University Magdeburg,Cyprus,,,,0,0,0
2022,Magdeburg-Stendal University of Applied Sciences,Saxony-Anhalt,2764,1361,1403,527,268,259
2022,Magdeburg-Stendal University of Applied Sciences,German Citizenship outside Saxony-Anhalt,2494,1138,1356,428,189,239
2022,Magdeburg-Stendal University of Applied Sciences,Afghanistan,8,,,,,
2022,Magdeburg-Stendal University of Applied Sciences,Egypt,8,8,0,,,
2022,Magdeburg-Stendal University of Applied Sciences,Albania,,,,,,
2022,Magdeburg-Stendal University of Applied Sciences,Algeria,,,,0,0,0
2022,Magdeburg-Stendal University of Applied Sciences,Armenia,,,,,,
2022,Magdeburg-Stendal University of Applied Sciences,Azerbaijan,,,,0,0,0
2022,Magdeburg-Stendal University of Applied Sciences,Ethiopia,,,,0,0,0
2022,Magdeburg-Stendal University of Applied Sciences,Australia,0,0,0,0,0,0
2022,Magdeburg-Stendal University of Applied Sciences,Bangladesh,3,,,0,0,0
2022,Magdeburg-Stendal University of Applied Sciences,Belgium,,,,0,0,0
2022,Magdeburg-Stendal University of Applied Sciences,Burma,,,,0,0,0
2022,Magdeburg-Stendal University of Applied Sciences,Bolivia,0,0,0,0,0,0
2022,Magdeburg-Stendal University of Applied Sciences,Bosnia and Herzegovina,0,0,0,0,0,0
2022,Magdeburg-Stendal University of Applied Sciences,Brazil,4,0,4,0,0,0
2022,Magdeburg-Stendal University of Applied Sciences,Bulgaria,4,4,0,0,0,0
2022,Magdeburg-Stendal University of Applied Sciences,Burundi,0,0,0,0,0,0
2022,Magdeburg-Stendal University of Applied Sciences,Chile,0,0,0,0,0,0
2022,Magdeburg-Stendal University of Applied Sciences,China,,,,0,0,0
2022,Magdeburg-Stendal University of Applied Sciences,Costa Rica,,,,,,
2022,Magdeburg-Stendal University of Applied Sciences,Ecuador,,,,0,0,0
2022,Magdeburg-Stendal University of Applied Sciences,Ivory Coast,,,,0,0,0
2022,Magdeburg-Stendal University of Applied Sciences,El Salvador,,,,0,0,0
2022,Magdeburg-Stendal University of Applied Sciences,Estonia,,,,,,
2022,Magdeburg-Stendal University of Applied Sciences,France,4,,,0,0,0
2022,Magdeburg-Stendal University of Applied Sciences,Gambia,0,0,0,0,0,0
2022,Magdeburg-Stendal University of Applied Sciences,Georgia,,,,,,
2022,Magdeburg-Stendal University of Applied Sciences,Ghana,,,,0,0,0
2022,Magdeburg-Stendal University of Applied Sciences,Greece,,,,0,0,0
2022,Magdeburg-Stendal University of Applied Sciences,United Kingdom,,,,0,0,0
2022,Magdeburg-Stendal University of Applied Sciences,Guadeloupe,0,0,0,0,0,0
2022,Magdeburg-Stendal University of Applied Sciences,Guinea,0,0,0,0,0,0
2022,Magdeburg-Stendal University of Applied Sciences,Honduras,0,0,0,0,0,0
2022,Magdeburg-Stendal University of Applied Sciences,Hong Kong,0,0,0,0,0,0
2022,Magdeburg-Stendal University of Applied Sciences,India,15,11,4,,,
2022,Magdeburg-Stendal University of Applied Sciences,Indonesia,4,,,0,0,0
2022,Magdeburg-Stendal University of Applied Sciences,Iraq,3,3,0,,,
2022,Magdeburg-Stendal University of Applied Sciences,Iran,33,23,10,3,,
2022,Magdeburg-Stendal University of Applied Sciences,Ireland,,,,0,0,0
2022,Magdeburg-Stendal University of Applied Sciences,Iceland,0,0,0,0,0,0
2022,Magdeburg-Stendal University of Applied Sciences,Italy,,,,0,0,0
2022,Magdeburg-Stendal University of Applied Sciences,Yemen,4,,,,,
2022,Magdeburg-Stendal University of Applied Sciences,Jordan,71,50,21,3,3,0
2022,Magdeburg-Stendal University of Applied Sciences,Cameroon,4,,,0,0,0
2022,Magdeburg-Stendal University of Applied Sciences,Canada,,,,0,0,0
2022,Magdeburg-Stendal University of Applied Sciences,Kazakhstan,,,,0,0,0
2022,Magdeburg-Stendal University of Applied Sciences,Kenya,,,,0,0,0
2022,Magdeburg-Stendal University of Applied Sciences,Kyrgyzstan,,,,0,0,0
2022,Magdeburg-Stendal University of Applied Sciences,Colombia,3,,,,,
2022,Magdeburg-Stendal University of Applied Sciences,Korea,,,,0,0,0
2022,Magdeburg-Stendal University of Applied Sciences,Kosovo,0,0,0,0,0,0
2022,Magdeburg-Stendal University of Applied Sciences,Kosovo (old),0,0,0,0,0,0
2022,Magdeburg-Stendal University of Applied Sciences,Croatia,,,,0,0,0
2022,Magdeburg-Stendal University of Applied Sciences,Cuba,,,,0,0,0
2022,Magdeburg-Stendal University of Applied Sciences,Latvia,,,,0,0,0
2022,Magdeburg-Stendal University of Applied Sciences,Lebanon,5,,,0,0,0
2022,Magdeburg-Stendal University of Applied Sciences,Libya,0,0,0,0,0,0
2022,Magdeburg-Stendal University of Applied Sciences,Liechtenstein,,,,0,0,0
2022,Magdeburg-Stendal University of Applied Sciences,Lithuania,,,,0,0,0
2022,Magdeburg-Stendal University of Applied Sciences,Luxembourg,,,,0,0,0
2022,Magdeburg-Stendal University of Applied Sciences,Malaysia,3,,,0,0,0
2022,Magdeburg-Stendal University of Applied Sciences,Monaco,0,0,0,0,0,0
2022,Magdeburg-Stendal University of Applied Sciences,Morocco,7,,,0,0,0
2022,Magdeburg-Stendal University of Applied Sciences,Mauritius,,,,0,0,0
2022,Magdeburg-Stendal University of Applied Sciences,Mexico,,,,,,
2022,Magdeburg-Stendal University of Applied Sciences,Moldova,,,,,,
2022,Magdeburg-Stendal University of Applied Sciences,Moldova,0,0,0,0,0,0
2022,Magdeburg-Stendal University of Applied Sciences,Montenegro,0,0,0,0,0,0
2022,Magdeburg-Stendal University of Applied Sciences,Nepal,8,,,0,0,0
2022,Magdeburg-Stendal University of Applied Sciences,Netherlands,,,,,,
2022,Magdeburg-Stendal University of Applied Sciences,Nigeria,10,,,,,
2022,Magdeburg-Stendal University of Applied Sciences,Austria,31,7,24,,,
2022,Magdeburg-Stendal University of Applied Sciences,Pakistan,6,6,0,3,3,0
2022,Magdeburg-Stendal University of Applied Sciences,Palestinian Territories,8,,,4,4,0
2022,Magdeburg-Stendal University of Applied Sciences,Peru,,,,0,0,0
2022,Magdeburg-Stendal University of Applied Sciences,Philippines,0,0,0,0,0,0
2022,Magdeburg-Stendal University of Applied Sciences,Poland,,,,0,0,0
2022,Magdeburg-Stendal University of Applied Sciences,Portugal,,,,0,0,0
2022,Magdeburg-Stendal University of Applied Sciences,Romania,,,,0,0,0
2022,Magdeburg-Stendal University of Applied Sciences,Russia,11,3,8,,,
2022,Magdeburg-Stendal University of Applied Sciences,Saudi Arabia,0,0,0,0,0,0
2022,Magdeburg-Stendal University of Applied Sciences,Sweden,,,,0,0,0
2022,Magdeburg-Stendal University of Applied Sciences,Switzerland,3,,,0,0,0
2022,Magdeburg-Stendal University of Applied Sciences,Serbia,4,,,,,
2022,Magdeburg-Stendal University of Applied Sciences,Zimbabwe,,,,0,0,0
2022,Magdeburg-Stendal University of Applied Sciences,Slovakia,0,0,0,0,0,0
2022,Magdeburg-Stendal University of Applied Sciences,Spain,7,3,4,0,0,0
2022,Magdeburg-Stendal University of Applied Sciences,Sri Lanka,,,,,,
2022,Magdeburg-Stendal University of Applied Sciences,Stateless,,,,0,0,0
2022,Magdeburg-Stendal University of Applied Sciences,Sudan,,,,,,
2022,Magdeburg-Stendal University of Applied Sciences,Syria,44,36,8,13,,
2022,Magdeburg-Stendal University of Applied Sciences,Taiwan,0,0,0,0,0,0
2022,Magdeburg-Stendal University of Applied Sciences,Tibet,0,0,0,0,0,0
2022,Magdeburg-Stendal University of Applied Sciences,Tajikistan,,,,0,0,0
2022,Magdeburg-Stendal University of Applied Sciences,Czech Republic,,,,0,0,0
2022,Magdeburg-Stendal University of Applied Sciences,Togo,0,0,0,0,0,0
2022,Magdeburg-Stendal University of Applied Sciences,Tunisia,7,,,,,
2022,Magdeburg-Stendal University of Applied Sciences,Turkey,12,7,5,3,,
2022,Magdeburg-Stendal University of Applied Sciences,Ukraine,12,3,9,,,
2022,Magdeburg-Stendal University of Applied Sciences,Hungary,,,,0,0,0
2022,Magdeburg-Stendal University of Applied Sciences,Unresolved/Unclear,0,0,0,0,0,0
2022,Magdeburg-Stendal University of Applied Sciences,Uzbekistan,0,0,0,0,0,0
2022,Magdeburg-Stendal University of Applied Sciences,Venezuela,,,,0,0,0
2022,Magdeburg-Stendal University of Applied Sciences,United States,4,,,,,
2022,Magdeburg-Stendal University of Applied Sciences,United Kingdom,0,0,0,0,0,0
2022,Magdeburg-Stendal University of Applied Sciences,Vietnam,3,,,0,0,0
2022,Magdeburg-Stendal University of Applied Sciences,China,28,12,16,,,
2022,Magdeburg-Stendal University of Applied Sciences,Belarus,,,,0,0,0
2022,Magdeburg-Stendal University of Applied Sciences,Unknown,0,0,0,0,0,0
2022,Otto von Guericke University Magdeburg,Saxony-Anhalt,4391,2702,1689,851,507,344
2022,Otto von Guericke University Magdeburg,German Citizenship outside Saxony-Anhalt,5013,2700,2313,899,431,468
2022,Otto von Guericke University Magdeburg,Afghanistan,10,,,,0,0
2022,Otto von Guericke University Magdeburg,Egypt,100,92,8,18,,
2022,Otto von Guericke University Magdeburg,Albania,40,11,29,8,,
2022,Otto von Guericke University Magdeburg,Algeria,,0,0,,0,0
2022,Otto von Guericke University Magdeburg,Angola,,,,0,0,0
2022,Otto von Guericke University Magdeburg,Syria,145,112,33,14,9,5
2022,Otto von Guericke University Magdeburg,Argentina,8,4,4,8,4,4
2022,Otto von Guericke University Magdeburg,Armenia,5,,,,,
2022,Otto von Guericke University Magdeburg,Azerbaijan,54,27,27,13,5,8
2022,Otto von Guericke University Magdeburg,Ethiopia,,0,0,0,0,0
2022,Otto von Guericke University Magdeburg,Australia,,0,0,0,0,0
2022,Otto von Guericke University Magdeburg,Bangladesh,225,163,62,39,24,15
2022,Otto von Guericke University Magdeburg,Belarus,10,6,4,0,0,0
2022,Otto von Guericke University Magdeburg,Belgium,,0,0,0,0,0
2022,Otto von Guericke University Magdeburg,Bolivia,3,,,0,0,0
2022,Otto von Guericke University Magdeburg,Bosnia and Herzegovina,3,0,3,0,0,0
2022,Otto von Guericke University Magdeburg,Brazil,25,11,14,3,,
2022,Otto von Guericke University Magdeburg,Bulgaria,32,11,21,3,,
2022,Otto von Guericke University Magdeburg,Burkina Faso,,0,0,0,0,0
2022,Otto von Guericke University Magdeburg,Chile,4,,,0,0,0
2022,Otto von Guericke University Magdeburg,Costa Rica,,,,,,
2022,Otto von Guericke University Magdeburg,Denmark,,,,0,0,0
2022,Otto von Guericke University Magdeburg,Ecuador,5,,,0,0,0
2022,Otto von Guericke University Magdeburg,El Salvador,,,,0,0,0
2022,Otto von Guericke University Magdeburg,Ivory Coast,,0,0,0,0,0
2022,Otto von Guericke University Magdeburg,Eswatini,,,,,,
2022,Otto von Guericke University Magdeburg,Finland,,,,,,
2022,Otto von Guericke University Magdeburg,France,5,,,,,
2022,Otto von Guericke University Magdeburg,Gabon,,,,,,
2022,Otto von Guericke University Magdeburg,Gambia,,,,,0,0
2022,Otto von Guericke University Magdeburg,Georgia,3,0,3,0,0,0
2022,Otto von Guericke University Magdeburg,Ghana,15,10,5,,0,0
2022,Otto von Guericke University Magdeburg,Greece,20,8,12,4,,
2022,Otto von Guericke University Magdeburg,Haiti,,,,0,0,0
2022,Otto von Guericke University Magdeburg,Honduras,,,,0,0,0
2022,Otto von Guericke University Magdeburg,Hong Kong,3,,,0,0,0
2022,Otto von Guericke University Magdeburg,India,1384,1046,338,374,279,95
2022,Otto von Guericke University Magdeburg,Indonesia,24,13,11,3,,
2022,Otto von Guericke University Magdeburg,Iraq,19,11,8,4,,
2022,Otto von Guericke University Magdeburg,Iran,134,62,72,31,10,21
2022,Otto von Guericke University Magdeburg,Ireland,,,,0,0,0
2022,Otto von Guericke University Magdeburg,Israel,7,,,5,,
2022,Otto von Guericke University Magdeburg,Italy,45,23,22,14,7,7
2022,Otto von Guericke University Magdeburg,Japan,8,5,3,3,,
2022,Otto von Guericke University Magdeburg,Yemen,22,19,3,4,,
2022,Otto von Guericke University Magdeburg,Jordan,59,55,4,10,,
2022,Otto von Guericke University Magdeburg,Cameroon,35,12,23,5,,
2022,Otto von Guericke University Magdeburg,Canada,,,,0,0,0
2022,Otto von Guericke University Magdeburg,Kazakhstan,10,6,4,,,
2022,Otto von Guericke University Magdeburg,Kenya,3,,,,,
2022,Otto von Guericke University Magdeburg,Kyrgyzstan,4,0,4,,,
2022,Otto von Guericke University Magdeburg,Colombia,30,11,19,9,3,6
2022,Otto von Guericke University Magdeburg,Kosovo,5,,,,0,0
2022,Otto von Guericke University Magdeburg,Croatia,,0,0,0,0,0
2022,Otto von Guericke University Magdeburg,Cuba,,0,0,0,0,0
2022,Otto von Guericke University Magdeburg,Latvia,5,0,5,,,
2022,Otto von Guericke University Magdeburg,Lebanon,13,10,3,,0,0
2022,Otto von Guericke University Magdeburg,Libya,4,,,0,0,0
2022,Otto von Guericke University Magdeburg,Lithuania,6,3,3,,,
2022,Otto von Guericke University Magdeburg,North Macedonia,3,,,,,
2022,Otto von Guericke University Magdeburg,Malawi,,,,0,0,0
2022,Otto von Guericke University Magdeburg,Malaysia,7,4,3,,0,0
2022,Otto von Guericke University Magdeburg,Morocco,39,26,13,8,,
2022,Otto von Guericke University Magdeburg,Mauritius,13,6,7,0,0,0
2022,Otto von Guericke University Magdeburg,Mexico,35,18,17,8,3,5
2022,Otto von Guericke University Magdeburg,Mongolia,7,,,0,0,0
2022,Otto von Guericke University Magdeburg,Mozambique,,0,0,0,0,0
2022,Otto von Guericke University Magdeburg,Myanmar,3,,,,,
2022,Otto von Guericke University Magdeburg,Nepal,35,18,17,10,4,6
2022,Otto von Guericke University Magdeburg,Nicaragua,,0,0,0,0,0
2022,Otto von Guericke University Magdeburg,Netherlands,6,3,3,0,0,0
2022,Otto von Guericke University Magdeburg,Nigeria,59,46,13,6,,
2022,Otto von Guericke University Magdeburg,Austria,10,5,5,3,,
2022,Otto von Guericke University Magdeburg,Pakistan,246,204,42,74,59,15
2022,Otto von Guericke University Magdeburg,Palestinian Territories,12,9,3,0,0,0
2022,Otto von Guericke University Magdeburg,Peru,5,,,0,0,0
2022,Otto von Guericke University Magdeburg,Philippines,,0,0,0,0,0
2022,Otto von Guericke University Magdeburg,Poland,11,4,7,,,
2022,Otto von Guericke University Magdeburg,Portugal,8,3,5,3,,
2022,Otto von Guericke University Magdeburg,Moldova,7,,,0,0,0
2022,Otto von Guericke University Magdeburg,Romania,21,10,11,3,,
2022,Otto von Guericke University Magdeburg,Russia,89,46,43,17,6,11
2022,Otto von Guericke University Magdeburg,Saudi Arabia,3,,,0,0,0
2022,Otto von Guericke University Magdeburg,Sweden,,0,0,,0,0
2022,Otto von Guericke University Magdeburg,Switzerland,3,,,,,
2022,Otto von Guericke University Magdeburg,Serbia,6,,,0,0,0
2022,Otto von Guericke University Magdeburg,Zimbabwe,4,,,,,
2022,Otto von Guericke University Magdeburg,Slovakia,,0,0,0,0,0
2022,Otto von Guericke University Magdeburg,Somalia,,,,0,0,0
2022,Otto von Guericke University Magdeburg,Spain,17,6,11,7,,
2022,Otto von Guericke University Magdeburg,Sri Lanka,12,8,4,,0,0
2022,Otto von Guericke University Magdeburg,St. Kitts and Nevis,,,,,,
2022,Otto von Guericke University Magdeburg,Stateless,3,,,0,0,0
2022,Otto von Guericke University Magdeburg,Sudan,5,0,0,,0,0
2022,Otto von Guericke University Magdeburg,South Korea,12,4,8,3,,
2022,Otto von Guericke University Magdeburg,Tajikistan,4,0,0,,0,0
2022,Otto von Guericke University Magdeburg,Taiwan,14,4,10,4,0,4
2022,Otto von Guericke University Magdeburg,Thailand,9,,,,,
2022,Otto von Guericke University Magdeburg,Czech Republic,7,,,5,,
2022,Otto von Guericke University Magdeburg,Tunisia,36,19,17,4,,
2022,Otto von Guericke University Magdeburg,Turkey,83,39,44,19,9,10
2022,Otto von Guericke University Magdeburg,Uganda,,,,0,0,0
2022,Otto von Guericke University Magdeburg,Ukraine,113,50,63,18,9,9
2022,Otto von Guericke University Magdeburg,Hungary,7,4,3,,0,0
2022,Otto von Guericke University Magdeburg,Unresolved/Unclear,4,,,,,
2022,Otto von Guericke University Magdeburg,Uzbekistan,11,8,3,0,0,0
2022,Otto von Guericke University Magdeburg,Venezuela,,,,,,
2022,Otto von Guericke University Magdeburg,United States,25,13,12,5,,
2022,Otto von Guericke University Magdeburg,United Kingdom,5,,,,,
2022,Otto von Guericke University Magdeburg,Vietnam,75,35,40,11,4,7
2022,Otto von Guericke University Magdeburg,China,270,98,172,31,12,19
2022,Otto von Guericke University Magdeburg,Cyprus,,,,0,0,0
2021,Magdeburg-Stendal University of Applied Sciences,Saxony-Anhalt,2770,1346,1424,473,156,317
2021,Magdeburg-Stendal University of Applied Sciences,German Citizenship outside Saxony-Anhalt,2314,1039,1275,584,301,283
2021,Magdeburg-Stendal University of Applied Sciences,Other/Unspecified,0,0,0,0,0,0
2021,Magdeburg-Stendal University of Applied Sciences,Afghanistan,7,,,,,
2021,Magdeburg-Stendal University of Applied Sciences,Egypt,7,7,0,,,
2021,Magdeburg-Stendal University of Applied Sciences,Albania,,,,0,0,0
2021,Magdeburg-Stendal University of Applied Sciences,Algeria,,,,0,0,0
2021,Magdeburg-Stendal University of Applied Sciences,Armenia,0,0,0,0,0,0
2021,Magdeburg-Stendal University of Applied Sciences,Azerbaijan,,,,0,0,0
2021,Magdeburg-Stendal University of Applied Sciences,Ethiopia,,,,0,0,0
2021,Magdeburg-Stendal University of Applied Sciences,Australia,,,,,,
2021,Magdeburg-Stendal University of Applied Sciences,Bangladesh,,,,0,0,0
2021,Magdeburg-Stendal University of Applied Sciences,Belgium,,,,0,0,0
2021,Magdeburg-Stendal University of Applied Sciences,Bolivia,0,0,0,0,0,0
2021,Magdeburg-Stendal University of Applied Sciences,Bosnia and Herzegovina,0,0,0,0,0,0
2021,Magdeburg-Stendal University of Applied Sciences,Brazil,5,0,5,,,
2021,Magdeburg-Stendal University of Applied Sciences,Bulgaria,3,3,0,3,3,0
2021,Magdeburg-Stendal University of Applied Sciences,Burundi,0,0,0,0,0,0
2021,Magdeburg-Stendal University of Applied Sciences,Chile,,,,0,0,0
2021,Magdeburg-Stendal University of Applied Sciences,Ecuador,,,,0,0,0
2021,Magdeburg-Stendal University of Applied Sciences,Ivory Coast,,,,0,0,0
2021,Magdeburg-Stendal University of Applied Sciences,Estonia,0,0,0,0,0,0
2021,Magdeburg-Stendal University of Applied Sciences,France,4,0,4,,,
2021,Magdeburg-Stendal University of Applied Sciences,Georgia,0,0,0,0,0,0
2021,Magdeburg-Stendal University of Applied Sciences,Gambia,0,0,0,0,0,0
2021,Magdeburg-Stendal University of Applied Sciences,Ghana,,,,0,0,0
2021,Magdeburg-Stendal University of Applied Sciences,Greece,,,,0,0,0
2021,Magdeburg-Stendal University of Applied Sciences,Guadeloupe,0,0,0,0,0,0
2021,Magdeburg-Stendal University of Applied Sciences,Guinea,,,,0,0,0
2021,Magdeburg-Stendal University of Applied Sciences,Honduras,0,0,0,0,0,0
2021,Magdeburg-Stendal University of Applied Sciences,Hong Kong,,,,0,0,0
2021,Magdeburg-Stendal University of Applied Sciences,India,9,,,,,
2021,Magdeburg-Stendal University of Applied Sciences,Indonesia,5,,,,,
2021,Magdeburg-Stendal University of Applied Sciences,Iraq,3,,,0,0,0
2021,Magdeburg-Stendal University of Applied Sciences,Iran,28,18,10,13,7,6
2021,Magdeburg-Stendal University of Applied Sciences,Iceland,0,0,0,0,0,0
2021,Magdeburg-Stendal University of Applied Sciences,Italy,0,0,0,0,0,0
2021,Magdeburg-Stendal University of Applied Sciences,Yemen,3,,,0,0,0
2021,Magdeburg-Stendal University of Applied Sciences,Jordan,58,43,15,,,
2021,Magdeburg-Stendal University of Applied Sciences,Cameroon,3,,,0,0,0
2021,Magdeburg-Stendal University of Applied Sciences,Kazakhstan,,,,,,
2021,Magdeburg-Stendal University of Applied Sciences,Kenya,,,,0,0,0
2021,Magdeburg-Stendal University of Applied Sciences,Kyrgyzstan,,,,,,
2021,Magdeburg-Stendal University of Applied Sciences,Colombia,,,,,,
2021,Magdeburg-Stendal University of Applied Sciences,Korea,,,,,,
2021,Magdeburg-Stendal University of Applied Sciences,Kosovo,0,0,0,0,0,0
2021,Magdeburg-Stendal University of Applied Sciences,Kosovo (old),0,0,0,0,0,0
2021,Magdeburg-Stendal University of Applied Sciences,Croatia,,,,0,0,0
2021,Magdeburg-Stendal University of Applied Sciences,Cuba,,,,0,0,0
2021,Magdeburg-Stendal University of Applied Sciences,Latvia,3,0,3,0,0,0
2021,Magdeburg-Stendal University of Applied Sciences,Lebanon,5,,,0,0,0
2021,Magdeburg-Stendal University of Applied Sciences,Libya,0,0,0,0,0,0
2021,Magdeburg-Stendal University of Applied Sciences,Liechtenstein,,,,,,
2021,Magdeburg-Stendal University of Applied Sciences,Lithuania,,,,0,0,0
2021,Magdeburg-Stendal University of Applied Sciences,Luxembourg,,,,0,0,0
2021,Magdeburg-Stendal University of Applied Sciences,Malaysia,3,,,0,0,0
2021,Magdeburg-Stendal University of Applied Sciences,Monaco,0,0,0,0,0,0
2021,Magdeburg-Stendal University of Applied Sciences,Morocco,6,,,,,
2021,Magdeburg-Stendal University of Applied Sciences,Mexico,4,,,0,0,0
2021,Magdeburg-Stendal University of Applied Sciences,Moldova,,,,0,0,0
2021,Magdeburg-Stendal University of Applied Sciences,Moldova,0,0,0,0,0,0
2021,Magdeburg-Stendal University of Applied Sciences,Montenegro,0,0,0,0,0,0
2021,Magdeburg-Stendal University of Applied Sciences,Nepal,3,,,,,
2021,Magdeburg-Stendal University of Applied Sciences,Netherlands,0,0,0,0,0,0
2021,Magdeburg-Stendal University of Applied Sciences,Nigeria,9,9,0,6,6,0
2021,Magdeburg-Stendal University of Applied Sciences,Austria,32,8,24,16,4,12
2021,Magdeburg-Stendal University of Applied Sciences,Pakistan,5,5,0,0,0,0
2021,Magdeburg-Stendal University of Applied Sciences,Palestinian Territories,3,,,,,
2021,Magdeburg-Stendal University of Applied Sciences,Peru,,,,,,
2021,Magdeburg-Stendal University of Applied Sciences,Philippines,0,0,0,0,0,0
2021,Magdeburg-Stendal University of Applied Sciences,Poland,4,,,,,
2021,Magdeburg-Stendal University of Applied Sciences,Portugal,,,,0,0,0
2021,Magdeburg-Stendal University of Applied Sciences,Romania,,,,,,
2021,Magdeburg-Stendal University of Applied Sciences,Russia,12,,,,,
2021,Magdeburg-Stendal University of Applied Sciences,Saudi Arabia,0,0,0,0,0,0
2021,Magdeburg-Stendal University of Applied Sciences,Sweden,,,,0,0,0
2021,Magdeburg-Stendal University of Applied Sciences,Switzerland,3,,,0,0,0
2021,Magdeburg-Stendal University of Applied Sciences,Serbia,4,,,0,0,0
2021,Magdeburg-Stendal University of Applied Sciences,Zimbabwe,,,,,,
2021,Magdeburg-Stendal University of Applied Sciences,Slovakia,0,0,0,0,0,0
2021,Magdeburg-Stendal University of Applied Sciences,Spain,0,0,0,0,0,0
2021,Magdeburg-Stendal University of Applied Sciences,Stateless,,,,0,0,0
2021,Magdeburg-Stendal University of Applied Sciences,Syria,41,35,6,10,,
2021,Magdeburg-Stendal University of Applied Sciences,Taiwan,0,0,0,0,0,0
2021,Magdeburg-Stendal University of Applied Sciences,Tibet,0,0,0,0,0,0
2021,Magdeburg-Stendal University of Applied Sciences,Tajikistan,,,,0,0,0
2021,Magdeburg-Stendal University of Applied Sciences,Czech Republic,,,,0,0,0
2021,Magdeburg-Stendal University of Applied Sciences,Togo,,,,0,0,0
2021,Magdeburg-Stendal University of Applied Sciences,Tunisia,4,,,,,
2021,Magdeburg-Stendal University of Applied Sciences,Turkey,11,8,3,,,
2021,Magdeburg-Stendal University of Applied Sciences,Ukraine,25,10,15,,,
2021,Magdeburg-Stendal University of Applied Sciences,Hungary,,,,,,
2021,Magdeburg-Stendal University of Applied Sciences,Unresolved/Unclear,,,,0,0,0
2021,Magdeburg-Stendal University of Applied Sciences,Uzbekistan,0,0,0,0,0,0
2021,Magdeburg-Stendal University of Applied Sciences,Venezuela,,,,0,0,0
2021,Magdeburg-Stendal University of Applied Sciences,United States,4,,,0,0,0
2021,Magdeburg-Stendal University of Applied Sciences,United Kingdom,0,0,0,0,0,0
2021,Magdeburg-Stendal University of Applied Sciences,Vietnam,6,,,,,
2021,Magdeburg-Stendal University of Applied Sciences,China,33,14,19,7,4,3
2021,Magdeburg-Stendal University of Applied Sciences,Belarus,,,,,,
2021,Magdeburg-Stendal University of Applied Sciences,Unknown,0,0,0,0,0,0
2021,Otto von Guericke University Magdeburg,Saxony-Anhalt,4078,2492,1586,845,495,350
2021,Otto von Guericke University Magdeburg,German Citizenship outside Saxony-Anhalt,5230,2735,2495,935,484,451
2021,Otto von Guericke University Magdeburg,Egypt,101,90,11,18,12,6
2021,Otto von Guericke University Magdeburg,Afghanistan,14,11,3,4,4,0
2021,Otto von Guericke University Magdeburg,Albania,37,12,25,7,,
2021,Otto von Guericke University Magdeburg,Algeria,,,,0,0,0
2021,Otto von Guericke University Magdeburg,Angola,,,,,,
2021,Otto von Guericke University Magdeburg,Syria,153,122,31,22,17,5
2021,Otto von Guericke University Magdeburg,Armenia,8,4,4,,,
2021,Otto von Guericke University Magdeburg,Azerbaijan,53,28,25,9,4,5
2021,Otto von Guericke University Magdeburg,Ethiopia,,,,0,0,0
2021,Otto von Guericke University Magdeburg,Bangladesh,222,166,56,45,31,14
2021,Otto von Guericke University Magdeburg,Belgium,,,,0,0,0
2021,Otto von Guericke University Magdeburg,Bolivia,3,,,,,
2021,Otto von Guericke University Magdeburg,Bosnia and Herzegovina,3,0,3,0,0,0
2021,Otto von Guericke University Magdeburg,Brazil,28,14,14,8,5,3
2021,Otto von Guericke University Magdeburg,Bulgaria,47,17,30,7,3,4
2021,Otto von Guericke University Magdeburg,Burkina Faso,,,,0,0,0
2021,Otto von Guericke University Magdeburg,Burundi,,,,0,0,0
2021,Otto von Guericke University Magdeburg,Chile,6,,,,,
2021,Otto von Guericke University Magdeburg,Ivory Coast,,,,,,
2021,Otto von Guericke University Magdeburg,Denmark,,,,0,0,0
2021,Otto von Guericke University Magdeburg,Djibouti,,,,,,
2021,Otto von Guericke University Magdeburg,Ecuador,5,,,3,,
2021,Otto von Guericke University Magdeburg,El Salvador,,,,0,0,0
2021,Otto von Guericke University Magdeburg,Estonia,,,,0,0,0
2021,Otto von Guericke University Magdeburg,France,8,4,4,,,
2021,Otto von Guericke University Magdeburg,Gambia,,,,0,0,0
2021,Otto von Guericke University Magdeburg,Georgia,3,0,3,,,
2021,Otto von Guericke University Magdeburg,Ghana,16,10,6,5,,
2021,Otto von Guericke University Magdeburg,Greece,21,9,12,7,,
2021,Otto von Guericke University Magdeburg,Honduras,,,,0,0,0
2021,Otto von Guericke University Magdeburg,Hong Kong,3,,,0,0,0
2021,Otto von Guericke University Magdeburg,India,1125,858,267,235,180,55
2021,Otto von Guericke University Magdeburg,Indonesia,31,16,15,4,,
2021,Otto von Guericke University Magdeburg,Iraq,14,9,5,,,
2021,Otto von Guericke University Magdeburg,Iran,117,57,60,19,10,9
2021,Otto von Guericke University Magdeburg,Ireland,3,,,,,
2021,Otto von Guericke University Magdeburg,Israel,3,3,0,0,0,0
2021,Otto von Guericke University Magdeburg,Italy,56,29,27,18,6,12
2021,Otto von Guericke University Magdeburg,Japan,5,,,,,
2021,Otto von Guericke University Magdeburg,Yemen,18,,,,,
2021,Otto von Guericke University Magdeburg,Jordan,55,50,5,11,8,3
2021,Otto von Guericke University Magdeburg,Cambodia,,,,0,0,0
2021,Otto von Guericke University Magdeburg,Cameroon,36,12,24,6,,
2021,Otto von Guericke University Magdeburg,Canada,,,,0,0,0
2021,Otto von Guericke University Magdeburg,Kazakhstan,9,,,,,
2021,Otto von Guericke University Magdeburg,Kenya,3,,,0,0,0
2021,Otto von Guericke University Magdeburg,Kyrgyzstan,4,0,4,,,
2021,Otto von Guericke University Magdeburg,Colombia,28,15,13,9,5,4
2021,Otto von Guericke University Magdeburg,South Korea,11,6,5,5,,
2021,Otto von Guericke University Magdeburg,Kosovo,4,0,4,,,
2021,Otto von Guericke University Magdeburg,Croatia,,,,0,0,0
2021,Otto von Guericke University Magdeburg,Cuba,,,,0,0,0
2021,Otto von Guericke University Magdeburg,Latvia,8,,,,,
2021,Otto von Guericke University Magdeburg,Lebanon,13,,,0,0,0
2021,Otto von Guericke University Magdeburg,Libya,3,,,,,
2021,Otto von Guericke University Magdeburg,Lithuania,8,4,4,3,,
2021,Otto von Guericke University Magdeburg,Malawi,,,,0,0,0
2021,Otto von Guericke University Magdeburg,Malaysia,7,3,4,0,0,0
2021,Otto von Guericke University Magdeburg,Morocco,43,28,15,7,4,3
2021,Otto von Guericke University Magdeburg,Mauritius,14,6,8,4,,
2021,Otto von Guericke University Magdeburg,Mexico,35,19,16,16,11,5
2021,Otto von Guericke University Magdeburg,Mongolia,16,,,10,,
2021,Otto von Guericke University Magdeburg,Montenegro,,,,0,0,0
2021,Otto von Guericke University Magdeburg,Mozambique,,,,0,0,0
2021,Otto von Guericke University Magdeburg,Myanmar,,,,0,0,0
2021,Otto von Guericke University Magdeburg,Nepal,29,18,11,8,8,0
2021,Otto von Guericke University Magdeburg,Nicaragua,,,,0,0,0
2021,Otto von Guericke University Magdeburg,Netherlands,6,3,3,0,0,0
2021,Otto von Guericke University Magdeburg,Nigeria,80,63,17,7,4,3
2021,Otto von Guericke University Magdeburg,North Macedonia,,,,,,
2021,Otto von Guericke University Magdeburg,Norway,,,,,,
2021,Otto von Guericke University Magdeburg,Austria,10,7,3,,,
2021,Otto von Guericke University Magdeburg,Pakistan,205,175,30,40,33,7
2021,Otto von Guericke University Magdeburg,Palestinian Territories,14,11,3,,,
2021,Otto von Guericke University Magdeburg,Peru,6,,,,,
2021,Otto von Guericke University Magdeburg,Philippines,,,,0,0,0
2021,Otto von Guericke University Magdeburg,Poland,15,6,9,4,,
2021,Otto von Guericke University Magdeburg,Portugal,12,6,6,8,5,3
2021,Otto von Guericke University Magdeburg,Moldova,7,,,3,0,3
2021,Otto von Guericke University Magdeburg,Rwanda,,,,0,0,0
2021,Otto von Guericke University Magdeburg,Romania,24,10,14,7,,
2021,Otto von Guericke University Magdeburg,Russia,106,48,58,26,8,18
2021,Otto von Guericke University Magdeburg,Saudi Arabia,3,,,,,
2021,Otto von Guericke University Magdeburg,Sweden,3,,,0,0,0
2021,Otto von Guericke University Magdeburg,Switzerland,3,,,,,
2021,Otto von Guericke University Magdeburg,Serbia,7,3,4,,,
2021,Otto von Guericke University Magdeburg,Zimbabwe,3,,,0,0,0
2021,Otto von Guericke University Magdeburg,Slovakia,,,,,,
2021,Otto von Guericke University Magdeburg,Slovenia,,,,0,0,0
2021,Otto von Guericke University Magdeburg,Somalia,,,,,,
2021,Otto von Guericke University Magdeburg,Spain,16,7,9,7,3,4
2021,Otto von Guericke University Magdeburg,Sri Lanka,14,8,6,4,,
2021,Otto von Guericke University Magdeburg,South Africa,,,,,,
2021,Otto von Guericke University Magdeburg,Sudan,6,6,0,,,
2021,Otto von Guericke University Magdeburg,Tajikistan,3,3,0,,,
2021,Otto von Guericke University Magdeburg,Taiwan,19,6,13,0,0,0
2021,Otto von Guericke University Magdeburg,Thailand,10,3,7,,,
2021,Otto von Guericke University Magdeburg,Trinidad and Tobago,,,,,,
2021,Otto von Guericke University Magdeburg,Czech Republic,3,,,,,
2021,Otto von Guericke University Magdeburg,Tunisia,36,19,17,4,,
2021,Otto von Guericke University Magdeburg,Turkey,81,38,43,34,14,20
2021,Otto von Guericke University Magdeburg,Turkmenistan,,,,0,0,0
2021,Otto von Guericke University Magdeburg,Uganda,,,,,,
2021,Otto von Guericke University Magdeburg,Ukraine,115,53,62,20,9,11
2021,Otto von Guericke University Magdeburg,Hungary,8,4,4,,,
2021,Otto von Guericke University Magdeburg,Uzbekistan,12,8,4,,,
2021,Otto von Guericke University Magdeburg,United States,28,15,13,6,,
2021,Otto von Guericke University Magdeburg,United Kingdom,4,,,,,
2021,Otto von Guericke University Magdeburg,Vietnam,87,38,49,10,,
2021,Otto von Guericke University Magdeburg,China,310,111,199,53,17,36
2021,Otto von Guericke University Magdeburg,Belarus,16,8,8,8,,
2021,Otto von Guericke University Magdeburg,Stateless,5,,,,,
2021,Otto von Guericke University Magdeburg,Unresolved/Unclear,5,5,0,0,0,0
2020,Magdeburg-Stendal University of Applied Sciences,Saxony-Anhalt,2801,1404,1397,619,315,304
2020,Magdeburg-Stendal University of Applied Sciences,German Citizenship outside Saxony-Anhalt,2651,1344,1307,637,271,366
2020,Magdeburg-Stendal University of Applied Sciences,Afghanistan,5,,,3,3,0
2020,Magdeburg-Stendal University of Applied Sciences,Egypt,8,8,0,,,
2020,Magdeburg-Stendal University of Applied Sciences,Albania,,,,,,
2020,Magdeburg-Stendal University of Applied Sciences,Algeria,,,,0,0,0
2020,Magdeburg-Stendal University of Applied Sciences,Armenia,0,,,0,0,0
2020,Magdeburg-Stendal University of Applied Sciences,Azerbaijan,,,,,,
2020,Magdeburg-Stendal University of Applied Sciences,Ethiopia,,,,0,0,0
2020,Magdeburg-Stendal University of Applied Sciences,Australia,,,,,,
2020,Magdeburg-Stendal University of Applied Sciences,Bangladesh,,,,0,0,0
2020,Magdeburg-Stendal University of Applied Sciences,Belgium,,,,0,0,0
2020,Magdeburg-Stendal University of Applied Sciences,Bolivia,,,,,,
2020,Magdeburg-Stendal University of Applied Sciences,Bosnia and Herzegovina,0,0,0,0,0,0
2020,Magdeburg-Stendal University of Applied Sciences,Brazil,4,0,4,0,0,0
2020,Magdeburg-Stendal University of Applied Sciences,Bulgaria,0,0,0,0,0,0
2020,Magdeburg-Stendal University of Applied Sciences,Burundi,0,0,0,0,0,0
2020,Magdeburg-Stendal University of Applied Sciences,Ecuador,0,0,0,0,0,0
2020,Magdeburg-Stendal University of Applied Sciences,Ivory Coast,,,,0,0,0
2020,Magdeburg-Stendal University of Applied Sciences,Estonia,,,,0,0,0
2020,Magdeburg-Stendal University of Applied Sciences,France,3,,,0,0,0
2020,Magdeburg-Stendal University of Applied Sciences,Georgia,0,0,0,0,0,0
2020,Magdeburg-Stendal University of Applied Sciences,Gambia,,,,0,0,0
2020,Magdeburg-Stendal University of Applied Sciences,Ghana,,,,0,0,0
2020,Magdeburg-Stendal University of Applied Sciences,Greece,3,,,0,0,0
2020,Magdeburg-Stendal University of Applied Sciences,Guadeloupe,0,0,0,0,0,0
2020,Magdeburg-Stendal University of Applied Sciences,Honduras,,,,0,0,0
2020,Magdeburg-Stendal University of Applied Sciences,Hong Kong,,,,,,
2020,Magdeburg-Stendal University of Applied Sciences,India,5,5,0,,,
2020,Magdeburg-Stendal University of Applied Sciences,Indonesia,4,,,0,0,0
2020,Magdeburg-Stendal University of Applied Sciences,Iraq,,,,0,0,0
2020,Magdeburg-Stendal University of Applied Sciences,Iran,20,16,4,7,,
2020,Magdeburg-Stendal University of Applied Sciences,Iceland,0,0,0,0,0,0
2020,Magdeburg-Stendal University of Applied Sciences,Italy,3,,,0,0,0
2020,Magdeburg-Stendal University of Applied Sciences,Yemen,4,,,,,
2020,Magdeburg-Stendal University of Applied Sciences,Jordan,24,13,11,0,0,0
2020,Magdeburg-Stendal University of Applied Sciences,Cameroon,4,,,,,
2020,Magdeburg-Stendal University of Applied Sciences,Kazakhstan,0,0,0,0,0,0
2020,Magdeburg-Stendal University of Applied Sciences,Kenya,,,,0,0,0
2020,Magdeburg-Stendal University of Applied Sciences,Colombia,,,,0,0,0
2020,Magdeburg-Stendal University of Applied Sciences,Kosovo,0,0,0,0,0,0
2020,Magdeburg-Stendal University of Applied Sciences,Kosovo (old),0,0,0,0,0,0
2020,Magdeburg-Stendal University of Applied Sciences,Croatia,,,,0,0,0
2020,Magdeburg-Stendal University of Applied Sciences,Cuba,,,,0,0,0
2020,Magdeburg-Stendal University of Applied Sciences,Latvia,,,,,,
2020,Magdeburg-Stendal University of Applied Sciences,Lebanon,3,,,,,
2020,Magdeburg-Stendal University of Applied Sciences,Libya,0,0,0,0,0,0
2020,Magdeburg-Stendal University of Applied Sciences,Liechtenstein,,,,0,0,0
2020,Magdeburg-Stendal University of Applied Sciences,Lithuania,,,,,,
2020,Magdeburg-Stendal University of Applied Sciences,Luxembourg,,,,,,
2020,Magdeburg-Stendal University of Applied Sciences,Malaysia,3,,,,,
2020,Magdeburg-Stendal University of Applied Sciences,Monaco,0,0,0,0,0,0
2020,Magdeburg-Stendal University of Applied Sciences,Morocco,5,,,3,,
2020,Magdeburg-Stendal University of Applied Sciences,Mexico,4,,,0,0,0
2020,Magdeburg-Stendal University of Applied Sciences,Moldova,,,,0,0,0
2020,Magdeburg-Stendal University of Applied Sciences,Moldova,0,0,0,0,0,0
2020,Magdeburg-Stendal University of Applied Sciences,Montenegro,0,0,0,0,0,0
2020,Magdeburg-Stendal University of Applied Sciences,Nepal,0,0,0,0,0,0
2020,Magdeburg-Stendal University of Applied Sciences,Netherlands,,,,0,0,0
2020,Magdeburg-Stendal University of Applied Sciences,Nigeria,,,,0,0,0
2020,Magdeburg-Stendal University of Applied Sciences,Austria,35,9,26,10,4,6
2020,Magdeburg-Stendal University of Applied Sciences,Pakistan,6,6,0,,,
2020,Magdeburg-Stendal University of Applied Sciences,Palestinian Territories,3,,,,,
2020,Magdeburg-Stendal University of Applied Sciences,Philippines,0,0,0,0,0,0
2020,Magdeburg-Stendal University of Applied Sciences,Poland,,,,,,
2020,Magdeburg-Stendal University of Applied Sciences,Portugal,,,,0,0,0
2020,Magdeburg-Stendal University of Applied Sciences,Romania,,,,0,0,0
2020,Magdeburg-Stendal University of Applied Sciences,Russia,15,4,11,,,
2020,Magdeburg-Stendal University of Applied Sciences,Saudi Arabia,,,,0,0,0
2020,Magdeburg-Stendal University of Applied Sciences,Sweden,,,,0,0,0
2020,Magdeburg-Stendal University of Applied Sciences,Switzerland,4,,,,,
2020,Magdeburg-Stendal University of Applied Sciences,Serbia,4,,,,,
2020,Magdeburg-Stendal University of Applied Sciences,Slovakia,,,,0,0,0
2020,Magdeburg-Stendal University of Applied Sciences,Spain,11,7,4,3,3,0
2020,Magdeburg-Stendal University of Applied Sciences,Stateless,,,,0,0,0
2020,Magdeburg-Stendal University of Applied Sciences,Syria,38,34,4,11,11,0
2020,Magdeburg-Stendal University of Applied Sciences,Taiwan,0,0,0,0,0,0
2020,Magdeburg-Stendal University of Applied Sciences,Tibet,36,13,23,6,,
2020,Magdeburg-Stendal University of Applied Sciences,Czech Republic,,,,0,0,0
2020,Magdeburg-Stendal University of Applied Sciences,Togo,,,,0,0,0
2020,Magdeburg-Stendal University of Applied Sciences,Tunisia,,,,,,
2020,Magdeburg-Stendal University of Applied Sciences,Turkey,11,8,3,0,0,0
2020,Magdeburg-Stendal University of Applied Sciences,Ukraine,19,4,15,4,,
2020,Magdeburg-Stendal University of Applied Sciences,Hungary,,,,0,0,0
2020,Magdeburg-Stendal University of Applied Sciences,Unresolved/Unclear,,,,0,0,0
2020,Magdeburg-Stendal University of Applied Sciences,Uzbekistan,0,0,0,0,0,0
2020,Magdeburg-Stendal University of Applied Sciences,Venezuela,,,,0,0,0
2020,Magdeburg-Stendal University of Applied Sciences,United States,6,3,3,4,,
2020,Magdeburg-Stendal University of Applied Sciences,United Kingdom,0,0,0,0,0,0
2020,Magdeburg-Stendal University of Applied Sciences,Vietnam,8,4,4,,,
2020,Magdeburg-Stendal University of Applied Sciences,China,,,,0,0,0
2020,Magdeburg-Stendal University of Applied Sciences,Belarus,,,,0,0,0
2020,Magdeburg-Stendal University of Applied Sciences,Unknown,352,191,162,78,48,30
2020,Otto von Guericke University Magdeburg,Saxony-Anhalt,4202,0,2570,1632,0,992
2020,Otto von Guericke University Magdeburg,German Citizenship outside Saxony-Anhalt,5706,0,2982,2724,0,1214
2020,Otto von Guericke University Magdeburg,Egypt,98,0,92,6,0,29
2020,Otto von Guericke University Magdeburg,Algeria,,,,0,0,0
2020,Otto von Guericke University Magdeburg,Angola,,,,,,
2020,Otto von Guericke University Magdeburg,Ethiopia,,,,0,0,0
2020,Otto von Guericke University Magdeburg,Burkina Faso,,,,0,0,0
2020,Otto von Guericke University Magdeburg,Burundi,,,,0,0,0
2020,Otto von Guericke University Magdeburg,Gambia,,0,0,,,
2020,Otto von Guericke University Magdeburg,Ghana,12,0,8,4,0,5
2020,Otto von Guericke University Magdeburg,Cameroon,39,0,13,26,0,6
2020,Otto von Guericke University Magdeburg,Kenya,,,,0,0,0
2020,Otto von Guericke University Magdeburg,Libya,3,,,,0,0
2020,Otto von Guericke University Magdeburg,Malawi,,0,0,,,
2020,Otto von Guericke University Magdeburg,Morocco,47,0,29,18,0,13
2020,Otto von Guericke University Magdeburg,Mauritius,11,0,4,7,0,5
2020,Otto von Guericke University Magdeburg,Mozambique,,,,0,,
2020,Otto von Guericke University Magdeburg,Nigeria,91,0,78,13,0,18
2020,Otto von Guericke University Magdeburg,Rwanda,,,,0,0,0
2020,Otto von Guericke University Magdeburg,Zimbabwe,3,,,,,
2020,Otto von Guericke University Magdeburg,South Africa,,,,,0,0
2020,Otto von Guericke University Magdeburg,Sudan,6,0,6,0,,
2020,Otto von Guericke University Magdeburg,Tunisia,35,0,18,17,0,7
2020,Otto von Guericke University Magdeburg,Bolivia,3,,,,,
2020,Otto von Guericke University Magdeburg,Brazil,24,0,12,12,0,5
2020,Otto von Guericke University Magdeburg,Chile,5,,,4,,
2020,Otto von Guericke University Magdeburg,Costa Rica,,,,0,0,0
2020,Otto von Guericke University Magdeburg,Ecuador,,,,,,
2020,Otto von Guericke University Magdeburg,El Salvador,,0,0,,0,0
2020,Otto von Guericke University Magdeburg,Honduras,,,,0,0,0
2020,Otto von Guericke University Magdeburg,Canada,,0,0,,,
2020,Otto von Guericke University Magdeburg,Colombia,32,0,17,15,0,8
2020,Otto von Guericke University Magdeburg,Cuba,,0,0,,0,0
2020,Otto von Guericke University Magdeburg,Mexico,28,0,17,11,0,8
2020,Otto von Guericke University Magdeburg,Nicaragua,3,0,3,0,,
2020,Otto von Guericke University Magdeburg,Peru,6,0,4,,,
2020,Otto von Guericke University Magdeburg,Venezuela,,0,0,,0,0
2020,Otto von Guericke University Magdeburg,United States,28,0,15,13,0,5
2020,Otto von Guericke University Magdeburg,Afghanistan,11,0,8,3,0,4
2020,Otto von Guericke University Magdeburg,Syria,148,0,123,25,0,24
2020,Otto von Guericke University Magdeburg,Armenia,7,0,3,4,,
2020,Otto von Guericke University Magdeburg,Azerbaijan,53,0,30,23,0,14
2020,Otto von Guericke University Magdeburg,Bangladesh,193,0,144,49,0,50
2020,Otto von Guericke University Magdeburg,Georgia,5,,,3,0,3
2020,Otto von Guericke University Magdeburg,Hong Kong,3,,,,,
2020,Otto von Guericke University Magdeburg,India,996,0,768,228,0,195
2020,Otto von Guericke University Magdeburg,Indonesia,32,0,16,16,0,8
2020,Otto von Guericke University Magdeburg,Iraq,14,0,9,5,,
2020,Otto von Guericke University Magdeburg,Iran,113,0,60,53,0,18
2020,Otto von Guericke University Magdeburg,Israel,3,0,3,0,,
2020,Otto von Guericke University Magdeburg,Japan,5,0,4,,0,4
2020,Otto von Guericke University Magdeburg,Yemen,18,0,16,,0,5
2020,Otto von Guericke University Magdeburg,Jordan,56,0,53,3,0,11
2020,Otto von Guericke University Magdeburg,Cambodia,,,,0,0,0
2020,Otto von Guericke University Magdeburg,Kazakhstan,8,0,5,3,,
2020,Otto von Guericke University Magdeburg,Kyrgyzstan,4,,,3,,
2020,Otto von Guericke University Magdeburg,South Korea,8,0,5,3,,
2020,Otto von Guericke University Magdeburg,Lebanon,14,0,12,,0,4
2020,Otto von Guericke University Magdeburg,Malaysia,8,0,3,5,,
2020,Otto von Guericke University Magdeburg,Mongolia,7,,,6,,
2020,Otto von Guericke University Magdeburg,Myanmar,,,,0,,
2020,Otto von Guericke University Magdeburg,Nepal,26,0,14,12,0,4
2020,Otto von Guericke University Magdeburg,Pakistan,188,0,168,20,0,32
2020,Otto von Guericke University Magdeburg,Palestinian Territories,14,0,12,,,
2020,Otto von Guericke University Magdeburg,Philippines,,0,0,,0,0
2020,Otto von Guericke University Magdeburg,Saudi Arabia,4,,,,,
2020,Otto von Guericke University Magdeburg,Sri Lanka,10,0,6,4,0,4
2020,Otto von Guericke University Magdeburg,Tajikistan,,,,0,0,0
2020,Otto von Guericke University Magdeburg,Taiwan,25,0,9,16,0,4
2020,Otto von Guericke University Magdeburg,Thailand,11,0,4,7,,
2020,Otto von Guericke University Magdeburg,Turkmenistan,,,,,0,0
2020,Otto von Guericke University Magdeburg,Uzbekistan,14,0,9,5,0,7
2020,Otto von Guericke University Magdeburg,Vietnam,116,0,47,69,0,11
2020,Otto von Guericke University Magdeburg,China,345,0,140,205,0,75
2020,Otto von Guericke University Magdeburg,Australia,,0,0,,0,0
2020,Otto von Guericke University Magdeburg,Albania,33,0,12,21,0,10
2020,Otto von Guericke University Magdeburg,Belgium,,,,0,,
2020,Otto von Guericke University Magdeburg,Bosnia and Herzegovina,4,,,3,0,3
2020,Otto von Guericke University Magdeburg,Bulgaria,44,0,12,32,0,10
2020,Otto von Guericke University Magdeburg,Denmark,,0,0,,,
2020,Otto von Guericke University Magdeburg,Estonia,,,,0,,
2020,Otto von Guericke University Magdeburg,Finland,,,,0,0,0
2020,Otto von Guericke University Magdeburg,France,12,0,6,6,0,5
2020,Otto von Guericke University Magdeburg,Greece,15,0,8,7,0,5
2020,Otto von Guericke University Magdeburg,Ireland,,,,,,
2020,Otto von Guericke University Magdeburg,Italy,54,0,28,26,0,11
2020,Otto von Guericke University Magdeburg,Kosovo,3,0,0,3,,
2020,Otto von Guericke University Magdeburg,Croatia,,,,0,0,0
2020,Otto von Guericke University Magdeburg,Latvia,7,0,0,7,,
2020,Otto von Guericke University Magdeburg,Lithuania,6,,,4,,
2020,Otto von Guericke University Magdeburg,Montenegro,,,,0,0,0
2020,Otto von Guericke University Magdeburg,Netherlands,9,0,4,5,0,3
2020,Otto von Guericke University Magdeburg,North Macedonia,3,,,,0,0
2020,Otto von Guericke University Magdeburg,Austria,9,0,7,,,
2020,Otto von Guericke University Magdeburg,Poland,22,0,9,13,0,4
2020,Otto von Guericke University Magdeburg,Portugal,8,0,4,4,,
2020,Otto von Guericke University Magdeburg,Moldova,8,,,6,,
2020,Otto von Guericke University Magdeburg,Romania,24,0,11,13,0,8
2020,Otto von Guericke University Magdeburg,Russia,84,0,38,46,0,15
2020,Otto von Guericke University Magdeburg,Sweden,4,,,,,
2020,Otto von Guericke University Magdeburg,Switzerland,5,0,3,,0,0
2020,Otto von Guericke University Magdeburg,Serbia,5,0,3,,,
2020,Otto von Guericke University Magdeburg,Slovakia,,,,,,
2020,Otto von Guericke University Magdeburg,Slovenia,,,,,0,0
2020,Otto von Guericke University Magdeburg,Spain,18,0,11,7,0,9
2020,Otto von Guericke University Magdeburg,Czech Republic,,0,0,,,
2020,Otto von Guericke University Magdeburg,Turkey,55,0,26,29,0,15
2020,Otto von Guericke University Magdeburg,Ukraine,116,0,51,65,0,16
2020,Otto von Guericke University Magdeburg,Hungary,10,0,5,5,0,7
2020,Otto von Guericke University Magdeburg,United Kingdom,5,0,0,,,
2020,Otto von Guericke University Magdeburg,Belarus,13,0,0,6,0,4
2020,Otto von Guericke University Magdeburg,Stateless,4,0,0,,,
2020,Otto von Guericke University Magdeburg,Unresolved/Unclear,5,0,0,0,,
2019,Magdeburg-Stendal University of Applied Sciences,Saxony-Anhalt,2731,1360,1371,612,307,305
2019,Magdeburg-Stendal University of Applied Sciences,German Citizenship outside Saxony-Anhalt,2371,1090,1281,503,200,303
2019,Magdeburg-Stendal University of Applied Sciences,Afghanistan,,,,0,0,0
2019,Magdeburg-Stendal University of Applied Sciences,Egypt,5,3,,,,0
2019,Magdeburg-Stendal University of Applied Sciences,Albania,,,0,,,0
2019,Magdeburg-Stendal University of Applied Sciences,Algeria,,,0,,,0
2019,Magdeburg-Stendal University of Applied Sciences,Armenia,,0,,0,0,0
2019,Magdeburg-Stendal University of Applied Sciences,Azerbaijan,,,0,0,0,0
2019,Magdeburg-Stendal University of Applied Sciences,Ethiopia,,,0,,,0
2019,Magdeburg-Stendal University of Applied Sciences,Bangladesh,,0,,,0,
2019,Magdeburg-Stendal University of Applied Sciences,Belgium,,0,,0,0,0
2019,Magdeburg-Stendal University of Applied Sciences,Bolivia,0,0,0,0,0,0
2019,Magdeburg-Stendal University of Applied Sciences,Bosnia and Herzegovina,0,0,0,0,0,0
2019,Magdeburg-Stendal University of Applied Sciences,Brazil,4,0,4,0,0,0
2019,Magdeburg-Stendal University of Applied Sciences,Bulgaria,0,0,0,0,0,0
2019,Magdeburg-Stendal University of Applied Sciences,Burundi,0,0,0,0,0,0
2019,Magdeburg-Stendal University of Applied Sciences,Ecuador,,,0,0,0,0
2019,Magdeburg-Stendal University of Applied Sciences,Ivory Coast,,0,,0,0,0
2019,Magdeburg-Stendal University of Applied Sciences,Estonia,,0,,0,0,0
2019,Magdeburg-Stendal University of Applied Sciences,France,4,,,0,0,0
2019,Magdeburg-Stendal University of Applied Sciences,Georgia,0,0,0,0,0,0
2019,Magdeburg-Stendal University of Applied Sciences,Ghana,,,0,0,0,0
2019,Magdeburg-Stendal University of Applied Sciences,Greece,,,,0,0,0
2019,Magdeburg-Stendal University of Applied Sciences,Guadeloupe,0,0,0,0,0,0
2019,Magdeburg-Stendal University of Applied Sciences,Honduras,,0,,0,0,0
2019,Magdeburg-Stendal University of Applied Sciences,India,6,6,0,,,0
2019,Magdeburg-Stendal University of Applied Sciences,Indonesia,4,,,3,,
2019,Magdeburg-Stendal University of Applied Sciences,Iraq,3,,,,,0
2019,Magdeburg-Stendal University of Applied Sciences,Iran,12,10,,3,3,0
2019,Magdeburg-Stendal University of Applied Sciences,Iceland,,,0,0,0,0
2019,Magdeburg-Stendal University of Applied Sciences,Italy,6,,5,,0,
2019,Magdeburg-Stendal University of Applied Sciences,Yemen,4,3,,0,0,0
2019,Magdeburg-Stendal University of Applied Sciences,Jordan,42,30,12,,,0
2019,Magdeburg-Stendal University of Applied Sciences,Cameroon,,,0,,,0
2019,Magdeburg-Stendal University of Applied Sciences,Kazakhstan,0,0,0,0,0,0
2019,Magdeburg-Stendal University of Applied Sciences,Colombia,,,0,0,0,0
2019,Magdeburg-Stendal University of Applied Sciences,Kosovo,0,0,0,0,0,0
2019,Magdeburg-Stendal University of Applied Sciences,Kosovo (old),0,0,0,0,0,0
2019,Magdeburg-Stendal University of Applied Sciences,Croatia,,,0,0,0,0
2019,Magdeburg-Stendal University of Applied Sciences,Cuba,,,0,0,0,0
2019,Magdeburg-Stendal University of Applied Sciences,Latvia,,0,,0,0,0
2019,Magdeburg-Stendal University of Applied Sciences,Lebanon,0,0,0,0,0,0
2019,Magdeburg-Stendal University of Applied Sciences,Libya,0,0,0,0,0,0
2019,Magdeburg-Stendal University of Applied Sciences,Liechtenstein,,0,,0,0,0
2019,Magdeburg-Stendal University of Applied Sciences,Lithuania,,,,,0,
2019,Magdeburg-Stendal University of Applied Sciences,Luxembourg,,0,,0,0,0
2019,Magdeburg-Stendal University of Applied Sciences,Monaco,0,0,0,0,0,0
2019,Magdeburg-Stendal University of Applied Sciences,Morocco,,,0,,,0
2019,Magdeburg-Stendal University of Applied Sciences,Mexico,3,,,,0,
2019,Magdeburg-Stendal University of Applied Sciences,Moldova,,,,0,0,0
2019,Magdeburg-Stendal University of Applied Sciences,Moldova,0,0,0,0,0,0
2019,Magdeburg-Stendal University of Applied Sciences,Montenegro,0,0,0,0,0,0
2019,Magdeburg-Stendal University of Applied Sciences,Nepal,0,0,0,0,0,0
2019,Magdeburg-Stendal University of Applied Sciences,Netherlands,,,0,0,0,0
2019,Magdeburg-Stendal University of Applied Sciences,Nigeria,,,0,,,0
2019,Magdeburg-Stendal University of Applied Sciences,Austria,28,6,22,,0,
2019,Magdeburg-Stendal University of Applied Sciences,Pakistan,4,4,0,,,0
2019,Magdeburg-Stendal University of Applied Sciences,Palestinian Territories,,,,,,0
2019,Magdeburg-Stendal University of Applied Sciences,Philippines,0,0,0,0,0,0
2019,Magdeburg-Stendal University of Applied Sciences,Poland,4,,,,,0
2019,Magdeburg-Stendal University of Applied Sciences,Portugal,3,,,,,0
2019,Magdeburg-Stendal University of Applied Sciences,Romania,4,,3,,0,
2019,Magdeburg-Stendal University of Applied Sciences,Russia,13,3,10,,0,
2019,Magdeburg-Stendal University of Applied Sciences,Saudi Arabia,,,0,0,0,0
2019,Magdeburg-Stendal University of Applied Sciences,Sweden,,,0,0,0,0
2019,Magdeburg-Stendal University of Applied Sciences,Switzerland,,,,0,0,0
2019,Magdeburg-Stendal University of Applied Sciences,Serbia,3,,,0,0,0
2019,Magdeburg-Stendal University of Applied Sciences,Slovakia,,,0,0,0,0
2019,Magdeburg-Stendal University of Applied Sciences,Spain,13,5,8,0,0,0
2019,Magdeburg-Stendal University of Applied Sciences,Stateless,,,0,,,0
2019,Magdeburg-Stendal University of Applied Sciences,Syria,30,24,6,12,9,3
2019,Magdeburg-Stendal University of Applied Sciences,Taiwan,,,,,,0
2019,Magdeburg-Stendal University of Applied Sciences,Togo,,0,,0,0,0
2019,Magdeburg-Stendal University of Applied Sciences,Czech Republic,,0,,0,0,0
2019,Magdeburg-Stendal University of Applied Sciences,Tunisia,,,0,0,0,0
2019,Magdeburg-Stendal University of Applied Sciences,Turkey,13,8,5,,,0
2019,Magdeburg-Stendal University of Applied Sciences,Ukraine,14,5,9,4,,3
2019,Magdeburg-Stendal University of Applied Sciences,Hungary,,,,0,0,0
2019,Magdeburg-Stendal University of Applied Sciences,Unresolved/Unclear,,,0,,,0
2019,Magdeburg-Stendal University of Applied Sciences,Uzbekistan,0,0,0,0,0,0
2019,Magdeburg-Stendal University of Applied Sciences,United States,,,,,,0
2019,Magdeburg-Stendal University of Applied Sciences,Venezuela,,0,,,0,
2019,Magdeburg-Stendal University of Applied Sciences,United Kingdom,0,0,0,0,0,0
2019,Magdeburg-Stendal University of Applied Sciences,Vietnam,12,7,5,5,5,0
2019,Magdeburg-Stendal University of Applied Sciences,China,45,19,26,8,5,3
2019,Magdeburg-Stendal University of Applied Sciences,Belarus,,0,,0,0,0
2019,Otto von Guericke University Magdeburg,Saxony-Anhalt,4303,2622,1681,1105,697,408
2019,Otto von Guericke University Magdeburg,German Citizenship outside Saxony-Anhalt,5960,3178,2782,1210,614,596
2019,Otto von Guericke University Magdeburg,Egypt,85,78,7,24,21,3
2019,Otto von Guericke University Magdeburg,Algeria,,,0,0,0,0
2019,Otto von Guericke University Magdeburg,Angola,,,,,,0
2019,Otto von Guericke University Magdeburg,Ethiopia,4,4,0,0,0,0
2019,Otto von Guericke University Magdeburg,Burundi,,,0,0,0,0
2019,Otto von Guericke University Magdeburg,Ghana,9,5,4,4,,
2019,Otto von Guericke University Magdeburg,Cameroon,35,12,23,5,,3
2019,Otto von Guericke University Magdeburg,Kenya,,,0,0,0,0
2019,Otto von Guericke University Magdeburg,Libya,,,,,0,
2019,Otto von Guericke University Magdeburg,Morocco,40,31,9,6,6,0
2019,Otto von Guericke University Magdeburg,Mauritius,6,3,3,4,3,
2019,Otto von Guericke University Magdeburg,Mozambique,,,0,0,0,0
2019,Otto von Guericke University Magdeburg,Namibia,,0,,0,0,0
2019,Otto von Guericke University Magdeburg,Nigeria,83,71,12,25,22,3
2019,Otto von Guericke University Magdeburg,Rwanda,,,0,0,0,0
2019,Otto von Guericke University Magdeburg,Zambia,,,0,0,0,0
2019,Otto von Guericke University Magdeburg,South Africa,3,,,0,0,0
2019,Otto von Guericke University Magdeburg,Sudan,6,5,,,,0
2019,Otto von Guericke University Magdeburg,Tanzania,,,0,0,0,0
2019,Otto von Guericke University Magdeburg,Tunisia,32,18,14,12,5,7
2019,Otto von Guericke University Magdeburg,Argentina,4,,,0,0,0
2019,Otto von Guericke University Magdeburg,Bolivia,,,,,0,
2019,Otto von Guericke University Magdeburg,Brazil,32,19,13,11,5,6
2019,Otto von Guericke University Magdeburg,Chile,6,,5,,0,
2019,Otto von Guericke University Magdeburg,Costa Rica,,,0,0,0,0
2019,Otto von Guericke University Magdeburg,Ecuador,,,,0,0,0
2019,Otto von Guericke University Magdeburg,El Salvador,,0,,0,0,0
2019,Otto von Guericke University Magdeburg,Honduras,,,0,0,0,0
2019,Otto von Guericke University Magdeburg,Canada,3,,,0,0,0
2019,Otto von Guericke University Magdeburg,Colombia,27,14,13,10,5,5
2019,Otto von Guericke University Magdeburg,Mexico,30,22,8,13,8,5
2019,Otto von Guericke University Magdeburg,Nicaragua,,,0,,,0
2019,Otto von Guericke University Magdeburg,Paraguay,,,0,0,0,0
2019,Otto von Guericke University Magdeburg,Peru,5,4,,0,0,0
2019,Otto von Guericke University Magdeburg,Uruguay,,,0,0,0,0
2019,Otto von Guericke University Magdeburg,Venezuela,,0,,0,0,0
2019,Otto von Guericke University Magdeburg,United States,27,16,11,12,5,7
2019,Otto von Guericke University Magdeburg,Afghanistan,8,6,,,,0
2019,Otto von Guericke University Magdeburg,Syria,138,122,16,39,33,6
2019,Otto von Guericke University Magdeburg,Armenia,7,,5,,0,
2019,Otto von Guericke University Magdeburg,Azerbaijan,42,24,18,13,7,6
2019,Otto von Guericke University Magdeburg,Bangladesh,169,132,37,62,47,15
2019,Otto von Guericke University Magdeburg,China,355,165,190,92,27,65
2019,Otto von Guericke University Magdeburg,Georgia,4,3,,,,0
2019,Otto von Guericke University Magdeburg,Hong Kong,,,0,,,0
2019,Otto von Guericke University Magdeburg,India,935,706,229,273,204,69
2019,Otto von Guericke University Magdeburg,Indonesia,32,15,17,7,5,
2019,Otto von Guericke University Magdeburg,Iraq,16,9,7,8,5,3
2019,Otto von Guericke University Magdeburg,Iran,107,56,51,17,9,8
2019,Otto von Guericke University Magdeburg,Israel,5,4,,,,0
2019,Otto von Guericke University Magdeburg,Japan,5,4,,3,3,0
2019,Otto von Guericke University Magdeburg,Yemen,14,12,,5,4,
2019,Otto von Guericke University Magdeburg,Jordan,48,45,3,12,12,0
2019,Otto von Guericke University Magdeburg,Cambodia,,,,0,0,0
2019,Otto von Guericke University Magdeburg,Kazakhstan,12,7,5,6,4,
2019,Otto von Guericke University Magdeburg,Kyrgyzstan,,0,,0,0,0
2019,Otto von Guericke University Magdeburg,South Korea,10,5,5,5,,3
2019,Otto von Guericke University Magdeburg,Lebanon,12,10,,,,0
2019,Otto von Guericke University Magdeburg,Malaysia,7,,5,,0,
2019,Otto von Guericke University Magdeburg,Mongolia,5,0,5,3,0,3
2019,Otto von Guericke University Magdeburg,Myanmar,,0,,0,0,0
2019,Otto von Guericke University Magdeburg,Nepal,29,18,11,12,6,6
2019,Otto von Guericke University Magdeburg,Pakistan,172,155,17,34,31,3
2019,Otto von Guericke University Magdeburg,Palestinian Territories,16,15,,0,0,0
2019,Otto von Guericke University Magdeburg,Philippines,,0,,,0,
2019,Otto von Guericke University Magdeburg,Saudi Arabia,,,0,0,0,0
2019,Otto von Guericke University Magdeburg,Singapore,,0,,0,0,0
2019,Otto von Guericke University Magdeburg,Sri Lanka,7,,5,3,,
2019,Otto von Guericke University Magdeburg,Tajikistan,,,0,,,0
2019,Otto von Guericke University Magdeburg,Taiwan,27,9,18,11,,10
2019,Otto von Guericke University Magdeburg,Thailand,10,3,7,3,,
2019,Otto von Guericke University Magdeburg,Turkmenistan,,,,0,0,0
2019,Otto von Guericke University Magdeburg,Uzbekistan,7,3,4,4,3,
2019,Otto von Guericke University Magdeburg,Vietnam,120,50,70,19,8,11
2019,Otto von Guericke University Magdeburg,Australia,,,0,,,0
2019,Otto von Guericke University Magdeburg,New Zealand,,,0,0,0,0
2019,Otto von Guericke University Magdeburg,Albania,23,10,13,8,4,4
2019,Otto von Guericke University Magdeburg,Belgium,3,,,,,0
2019,Otto von Guericke University Magdeburg,Bosnia and Herzegovina,4,,3,0,0,0
2019,Otto von Guericke University Magdeburg,Bulgaria,51,10,41,5,,4
2019,Otto von Guericke University Magdeburg,Denmark,,0,,0,0,0
2019,Otto von Guericke University Magdeburg,Finland,3,3,0,,,0
2019,Otto von Guericke University Magdeburg,France,14,12,,6,5,
2019,Otto von Guericke University Magdeburg,Greece,20,8,12,5,3,
2019,Otto von Guericke University Magdeburg,Ireland,,0,,0,0,0
2019,Otto von Guericke University Magdeburg,Italy,53,29,24,18,10,8
2019,Otto von Guericke University Magdeburg,Kosovo,3,,,0,0,0
2019,Otto von Guericke University Magdeburg,Croatia,,,0,,,0
2019,Otto von Guericke University Magdeburg,Latvia,8,0,8,,0,
2019,Otto von Guericke University Magdeburg,Lithuania,11,5,6,6,3,3
2019,Otto von Guericke University Magdeburg,Netherlands,8,5,3,0,0,0
2019,Otto von Guericke University Magdeburg,North Macedonia,3,,,0,0,0
2019,Otto von Guericke University Magdeburg,Austria,11,8,3,0,0,0
2019,Otto von Guericke University Magdeburg,Poland,24,10,14,5,,3
2019,Otto von Guericke University Magdeburg,Portugal,8,5,3,3,,
2019,Otto von Guericke University Magdeburg,Moldova,6,,5,,,
2019,Otto von Guericke University Magdeburg,Romania,23,10,13,6,3,3
2019,Otto von Guericke University Magdeburg,Russia,90,39,51,30,15,15
2019,Otto von Guericke University Magdeburg,Sweden,4,,,,,
2019,Otto von Guericke University Magdeburg,Switzerland,6,4,,0,0,0
2019,Otto von Guericke University Magdeburg,Serbia,7,3,4,,0,
2019,Otto von Guericke University Magdeburg,Slovenia,3,,,0,0,0
2019,Otto von Guericke University Magdeburg,Spain,21,11,10,9,4,5
2019,Otto von Guericke University Magdeburg,Czech Republic,6,0,6,,0,
2019,Otto von Guericke University Magdeburg,Turkey,61,29,32,18,10,8
2019,Otto von Guericke University Magdeburg,Ukraine,148,70,78,28,17,11
2019,Otto von Guericke University Magdeburg,Hungary,3,3,0,,,0
2019,Otto von Guericke University Magdeburg,United Kingdom,6,4,,,,0
2019,Otto von Guericke University Magdeburg,Belarus,14,8,6,5,5,0
2019,Otto von Guericke University Magdeburg,Stateless,,,0,,,0
2019,Otto von Guericke University Magdeburg,Unresolved/Unclear,5,5,0,,,0
2018,Magdeburg-Stendal University of Applied Sciences,Saxony-Anhalt,2760,1374,1386,590,332,258
2018,Magdeburg-Stendal University of Applied Sciences,German Citizenship outside Saxony-Anhalt,2569,1197,1372,574,229,345
2018,Magdeburg-Stendal University of Applied Sciences,Afghanistan,3,,,,,
2018,Magdeburg-Stendal University of Applied Sciences,Albania,,,,,0,
2018,Magdeburg-Stendal University of Applied Sciences,Algeria,0,0,0,0,0,0
2018,Magdeburg-Stendal University of Applied Sciences,Armenia,,,,,0,
2018,Magdeburg-Stendal University of Applied Sciences,Azerbaijan,,,,,,
2018,Magdeburg-Stendal University of Applied Sciences,Belgium,4,,,,,
2018,Magdeburg-Stendal University of Applied Sciences,Bolivia,0,0,0,0,0,0
2018,Magdeburg-Stendal University of Applied Sciences,Bosnia and Herzegovina,,,,,0,
2018,Magdeburg-Stendal University of Applied Sciences,Brazil,5,,,,,
2018,Magdeburg-Stendal University of Applied Sciences,Bulgaria,,,,,0,
2018,Magdeburg-Stendal University of Applied Sciences,Burundi,,,,,0,
2018,Magdeburg-Stendal University of Applied Sciences,Ecuador,,,,,0,
2018,Magdeburg-Stendal University of Applied Sciences,Ivory Coast,,,,,0,
2018,Magdeburg-Stendal University of Applied Sciences,Estonia,,,,,,
2018,Magdeburg-Stendal University of Applied Sciences,France,3,,,,0,
2018,Magdeburg-Stendal University of Applied Sciences,Georgia,,,,,,
2018,Magdeburg-Stendal University of Applied Sciences,Ghana,0,0,0,0,0,0
2018,Magdeburg-Stendal University of Applied Sciences,Greece,4,,,,,
2018,Magdeburg-Stendal University of Applied Sciences,Guadeloupe,0,0,0,0,0,0
2018,Magdeburg-Stendal University of Applied Sciences,Honduras,,,,,,
2018,Magdeburg-Stendal University of Applied Sciences,India,3,3,0,,,
2018,Magdeburg-Stendal University of Applied Sciences,Indonesia,4,,,,,
2018,Magdeburg-Stendal University of Applied Sciences,Iraq,,,,,0,
2018,Magdeburg-Stendal University of Applied Sciences,Iran,7,4,3,3,,
2018,Magdeburg-Stendal University of Applied Sciences,Iceland,,,,,0,
2018,Magdeburg-Stendal University of Applied Sciences,Italy,6,,,,,
2018,Magdeburg-Stendal University of Applied Sciences,Yemen,4,,,,,
2018,Magdeburg-Stendal University of Applied Sciences,Jordan,58,34,24,,,
2018,Magdeburg-Stendal University of Applied Sciences,Cameroon,,,,,0,
2018,Magdeburg-Stendal University of Applied Sciences,Kazakhstan,0,0,0,0,0,0
2018,Magdeburg-Stendal University of Applied Sciences,Colombia,,,,,0,
2018,Magdeburg-Stendal University of Applied Sciences,Kosovo (old),0,0,0,0,0,0
2018,Magdeburg-Stendal University of Applied Sciences,Kosovo,0,0,0,0,0,0
2018,Magdeburg-Stendal University of Applied Sciences,Croatia,,,,,0,
2018,Magdeburg-Stendal University of Applied Sciences,Cuba,,,,,,
2018,Magdeburg-Stendal University of Applied Sciences,Lebanon,,,,,0,
2018,Magdeburg-Stendal University of Applied Sciences,Libya,,,,,0,
2018,Magdeburg-Stendal University of Applied Sciences,Liechtenstein,,,,0,0,0
2018,Magdeburg-Stendal University of Applied Sciences,Lithuania,,,,0,0,0
2018,Magdeburg-Stendal University of Applied Sciences,Luxembourg,,,,0,0,0
2018,Magdeburg-Stendal University of Applied Sciences,Morocco,,,,0,0,0
2018,Magdeburg-Stendal University of Applied Sciences,Mexico,,,,0,0,0
2018,Magdeburg-Stendal University of Applied Sciences,Moldova,,,,,,
2018,Magdeburg-Stendal University of Applied Sciences,Monaco,0,0,0,0,0,0
2018,Magdeburg-Stendal University of Applied Sciences,Montenegro,,,,0,0,0
2018,Magdeburg-Stendal University of Applied Sciences,Nepal,,,,0,0,0
2018,Magdeburg-Stendal University of Applied Sciences,Netherlands,3,,,0,0,0
2018,Magdeburg-Stendal University of Applied Sciences,Nigeria,0,0,0,0,0,0
2018,Magdeburg-Stendal University of Applied Sciences,Pakistan,,,,0,0,0
2018,Magdeburg-Stendal University of Applied Sciences,Palestinian Territories,0,0,0,0,0,0
2018,Magdeburg-Stendal University of Applied Sciences,Philippines,,,,0,0,0
2018,Magdeburg-Stendal University of Applied Sciences,Poland,5,,,,,
2018,Magdeburg-Stendal University of Applied Sciences,Portugal,,,,0,0,0
2018,Magdeburg-Stendal University of Applied Sciences,Romania,,,,,,
2018,Magdeburg-Stendal University of Applied Sciences,Russia,16,3,13,4,,
2018,Magdeburg-Stendal University of Applied Sciences,Sweden,,,,0,0,0
2018,Magdeburg-Stendal University of Applied Sciences,Switzerland,3,,,,,
2018,Magdeburg-Stendal University of Applied Sciences,Serbia,3,,,0,0,0
2018,Magdeburg-Stendal University of Applied Sciences,Slovakia,,,,0,0,0
2018,Magdeburg-Stendal University of Applied Sciences,Spain,19,11,8,3,,
2018,Magdeburg-Stendal University of Applied Sciences,Stateless,,,,0,0,0
2018,Magdeburg-Stendal University of Applied Sciences,Syria,20,16,4,9,,
2018,Magdeburg-Stendal University of Applied Sciences,Taiwan,,,,0,0,0
2018,Magdeburg-Stendal University of Applied Sciences,Togo,,,,,,
2018,Magdeburg-Stendal University of Applied Sciences,Czech Republic,,,,0,0,0
2018,Magdeburg-Stendal University of Applied Sciences,Tunisia,,,,0,0,0
2018,Magdeburg-Stendal University of Applied Sciences,Turkey,12,7,5,4,,
2018,Magdeburg-Stendal University of Applied Sciences,Ukraine,10,5,5,,,
2018,Magdeburg-Stendal University of Applied Sciences,Hungary,,,,,,
2018,Magdeburg-Stendal University of Applied Sciences,Uzbekistan,0,0,0,0,0,0
2018,Magdeburg-Stendal University of Applied Sciences,United States,3,0,3,0,0,0
2018,Magdeburg-Stendal University of Applied Sciences,United Kingdom,0,0,0,0,0,0
2018,Magdeburg-Stendal University of Applied Sciences,Vietnam,13,6,7,5,,
2018,Magdeburg-Stendal University of Applied Sciences,China,41,26,15,7,3,4
2018,Magdeburg-Stendal University of Applied Sciences,Belarus,3,,,,,
2018,Magdeburg-Stendal University of Applied Sciences,Unknown,4,,,0,0,0
2018,Magdeburg-Stendal University of Applied Sciences,Egypt,4,,,,,
2018,Magdeburg-Stendal University of Applied Sciences,Austria,28,6,22,,,
2018,Otto von Guericke University Magdeburg,Saxony-Anhalt,4387,2636,1751,1136,673,463
2018,Otto von Guericke University Magdeburg,German Citizenship outside Saxony-Anhalt,6184,3340,2844,1379,714,665
2018,Otto von Guericke University Magdeburg,Afghanistan,7,,,3,,
2018,Otto von Guericke University Magdeburg,Albania,14,5,9,7,,
2018,Otto von Guericke University Magdeburg,Algeria,,,,,,
2018,Otto von Guericke University Magdeburg,Angola,,,,0,0,0
2018,Otto von Guericke University Magdeburg,Syria,117,101,16,47,40,7
2018,Otto von Guericke University Magdeburg,Argentina,4,,,3,,
2018,Otto von Guericke University Magdeburg,Armenia,11,5,6,0,0,0
2018,Otto von Guericke University Magdeburg,Azerbaijan,29,19,10,12,7,5
2018,Otto von Guericke University Magdeburg,Australia,0,0,0,0,0,0
2018,Otto von Guericke University Magdeburg,Bangladesh,97,76,21,39,32,7
2018,Otto von Guericke University Magdeburg,Belgium,,,,,,
2018,Otto von Guericke University Magdeburg,Bolivia,,,,0,0,0
2018,Otto von Guericke University Magdeburg,Bosnia and Herzegovina,4,,,,,
2018,Otto von Guericke University Magdeburg,Brazil,30,18,12,7,4,3
2018,Otto von Guericke University Magdeburg,Bulgaria,50,9,41,8,,
2018,Otto von Guericke University Magdeburg,Burundi,,,,,,
2018,Otto von Guericke University Magdeburg,Chile,5,,,,,
2018,Otto von Guericke University Magdeburg,China,357,171,186,95,40,55
2018,Otto von Guericke University Magdeburg,Costa Rica,,,,0,0,0
2018,Otto von Guericke University Magdeburg,Dominican Republic,0,0,0,0,0,0
2018,Otto von Guericke University Magdeburg,Denmark,,,,,,
2018,Otto von Guericke University Magdeburg,Ecuador,,,,0,0,0
2018,Otto von Guericke University Magdeburg,El Salvador,,,,0,0,0
2018,Otto von Guericke University Magdeburg,Estonia,,,,0,0,0
2018,Otto von Guericke University Magdeburg,Finland,,,,,,
2018,Otto von Guericke University Magdeburg,France,12,7,5,4,,
2018,Otto von Guericke University Magdeburg,Georgia,5,,,0,0,0
2018,Otto von Guericke University Magdeburg,Ghana,7,,,,,
2018,Otto von Guericke University Magdeburg,Greece,17,6,11,5,,
2018,Otto von Guericke University Magdeburg,Honduras,,,,0,0,0
2018,Otto von Guericke University Magdeburg,India,710,552,158,169,134,35
2018,Otto von Guericke University Magdeburg,Indonesia,29,13,16,12,6,6
2018,Otto von Guericke University Magdeburg,Iraq,10,5,5,5,,
2018,Otto von Guericke University Magdeburg,Iran,94,51,43,12,8,4
2018,Otto von Guericke University Magdeburg,Ireland,,,,,,
2018,Otto von Guericke University Magdeburg,Israel,7,,,,,
2018,Otto von Guericke University Magdeburg,Italy,44,19,25,17,6,11
2018,Otto von Guericke University Magdeburg,Japan,3,,,,,
2018,Otto von Guericke University Magdeburg,Yemen,12,,,5,5,0
2018,Otto von Guericke University Magdeburg,Jordan,42,,,17,,
2018,Otto von Guericke University Magdeburg,Cambodia,,,,0,0,0
2018,Otto von Guericke University Magdeburg,Cameroon,35,14,21,4,,
2018,Otto von Guericke University Magdeburg,Canada,,,,,,
2018,Otto von Guericke University Magdeburg,Kazakhstan,10,6,4,3,,
2018,Otto von Guericke University Magdeburg,Kenya,4,,,0,0,0
2018,Otto von Guericke University Magdeburg,Kyrgyzstan,4,0,4,0,0,0
2018,Otto von Guericke University Magdeburg,Colombia,27,14,13,15,6,9
2018,Otto von Guericke University Magdeburg,South Korea,8,4,4,5,,
2018,Otto von Guericke University Magdeburg,Kosovo,5,,,,,
2018,Otto von Guericke University Magdeburg,Croatia,,,,0,0,0
2018,Otto von Guericke University Magdeburg,Cuba,,,,0,0,0
2018,Otto von Guericke University Magdeburg,Latvia,11,,,,,
2018,Otto von Guericke University Magdeburg,Lebanon,10,,,5,5,0
2018,Otto von Guericke University Magdeburg,Libya,,,,0,0,0
2018,Otto von Guericke University Magdeburg,Lithuania,13,9,4,6,6,0
2018,Otto von Guericke University Magdeburg,Malaysia,7,,,,,
2018,Otto von Guericke University Magdeburg,Morocco,39,31,8,21,18,3
2018,Otto von Guericke University Magdeburg,Mauritius,,,,,,
2018,Otto von Guericke University Magdeburg,North Macedonia,4,,,,,
2018,Otto von Guericke University Magdeburg,Mexico,30,21,9,14,10,4
2018,Otto von Guericke University Magdeburg,Moldova,6,0,6,,,
2018,Otto von Guericke University Magdeburg,Mongolia,3,0,3,,,
2018,Otto von Guericke University Magdeburg,Mozambique,,,,0,0,0
2018,Otto von Guericke University Magdeburg,Myanmar,,,,0,0,0
2018,Otto von Guericke University Magdeburg,Namibia,,,,0,0,0
2018,Otto von Guericke University Magdeburg,Nepal,21,15,6,4,,
2018,Otto von Guericke University Magdeburg,New Zealand,,,,0,0,0
2018,Otto von Guericke University Magdeburg,Nicaragua,,,,0,0,0
2018,Otto von Guericke University Magdeburg,Netherlands,9,6,3,,,
2018,Otto von Guericke University Magdeburg,Nigeria,53,42,11,19,11,8
2018,Otto von Guericke University Magdeburg,Norway,0,0,0,0,0,0
2018,Otto von Guericke University Magdeburg,Pakistan,181,162,19,49,38,11
2018,Otto von Guericke University Magdeburg,Palestinian Territories,16,16,0,3,3,0
2018,Otto von Guericke University Magdeburg,Paraguay,,,,0,0,0
2018,Otto von Guericke University Magdeburg,Peru,6,3,3,,,
2018,Otto von Guericke University Magdeburg,Philippines,,,,,,
2018,Otto von Guericke University Magdeburg,Poland,28,10,18,3,,
2018,Otto von Guericke University Magdeburg,Portugal,9,,,3,,
2018,Otto von Guericke University Magdeburg,Rwanda,,,,0,0,0
2018,Otto von Guericke University Magdeburg,Romania,24,11,13,10,5,5
2018,Otto von Guericke University Magdeburg,Russia,100,47,53,35,16,19
2018,Otto von Guericke University Magdeburg,Saudi Arabia,3,3,0,,,
2018,Otto von Guericke University Magdeburg,Sweden,3,,,,,
2018,Otto von Guericke University Magdeburg,Switzerland,7,,,3,3,0
2018,Otto von Guericke University Magdeburg,Serbia,6,,,0,0,0
2018,Otto von Guericke University Magdeburg,Singapore,,,,0,0,0
2018,Otto von Guericke University Magdeburg,Slovakia,,,,0,0,0
2018,Otto von Guericke University Magdeburg,Slovenia,3,,,,,
2018,Otto von Guericke University Magdeburg,Spain,22,12,10,5,,
2018,Otto von Guericke University Magdeburg,Sri Lanka,5,,,0,0,0
2018,Otto von Guericke University Magdeburg,Stateless,0,0,0,0,0,0
2018,Otto von Guericke University Magdeburg,Sudan,4,,,,,
2018,Otto von Guericke University Magdeburg,South Africa,3,,,,,
2018,Otto von Guericke University Magdeburg,Tajikistan,,,,,,
2018,Otto von Guericke University Magdeburg,Taiwan,24,12,12,13,7,6
2018,Otto von Guericke University Magdeburg,Tanzania,,,,0,0,0
2018,Otto von Guericke University Magdeburg,Thailand,11,7,4,7,,
2018,Otto von Guericke University Magdeburg,Czech Republic,11,3,8,5,,
2018,Otto von Guericke University Magdeburg,Tunisia,20,13,7,7,4,3
2018,Otto von Guericke University Magdeburg,Turkmenistan,,,,,,
2018,Otto von Guericke University Magdeburg,Turkey,51,24,27,11,4,7
2018,Otto von Guericke University Magdeburg,United States,28,15,13,15,8,7
2018,Otto von Guericke University Magdeburg,Ukraine,156,80,76,29,12,17
2018,Otto von Guericke University Magdeburg,Hungary,5,5,0,,,
2018,Otto von Guericke University Magdeburg,Unresolved/Unclear,,0,,,0,
2018,Otto von Guericke University Magdeburg,Uruguay,,,,,0,
2018,Otto von Guericke University Magdeburg,Uzbekistan,5,,,,,
2018,Otto von Guericke University Magdeburg,Venezuela,,,,,,
2018,Otto von Guericke University Magdeburg,United Kingdom,7,4,3,,,
2018,Otto von Guericke University Magdeburg,Vietnam,129,58,71,22,14,8
2018,Otto von Guericke University Magdeburg,Belarus,12,5,7,,,
2018,Otto von Guericke University Magdeburg,Egypt,67,62,5,28,,
2018,Otto von Guericke University Magdeburg,Ethiopia,4,4,0,0,0,0
2018,Otto von Guericke University Magdeburg,Austria,13,8,5,,,
2017,Magdeburg-Stendal University of Applied Sciences,Saxony-Anhalt,2999,1480,1519,600,313,287
2017,Magdeburg-Stendal University of Applied Sciences,German Citizenship outside Saxony-Anhalt,2531,1169,1362,574,236,338
2017,Magdeburg-Stendal University of Applied Sciences,Afghanistan,,,,,,
2017,Magdeburg-Stendal University of Applied Sciences,Albania,,,,0,0,0
2017,Magdeburg-Stendal University of Applied Sciences,Algeria,0,0,0,0,0,0
2017,Magdeburg-Stendal University of Applied Sciences,Armenia,,,,,,
2017,Magdeburg-Stendal University of Applied Sciences,Belgium,,,,0,0,0
2017,Magdeburg-Stendal University of Applied Sciences,Bolivia,,,,,,
2017,Magdeburg-Stendal University of Applied Sciences,Bosnia and Herzegovina,,,,0,0,0
2017,Magdeburg-Stendal University of Applied Sciences,Brazil,4,0,4,0,0,0
2017,Magdeburg-Stendal University of Applied Sciences,Bulgaria,,,,0,0,0
2017,Magdeburg-Stendal University of Applied Sciences,Burundi,,,,0,0,0
2017,Magdeburg-Stendal University of Applied Sciences,Ecuador,,,,0,0,0
2017,Magdeburg-Stendal University of Applied Sciences,Ivory Coast,,,,,,
2017,Magdeburg-Stendal University of Applied Sciences,Estonia,0,0,0,0,0,0
2017,Magdeburg-Stendal University of Applied Sciences,France,8,,,0,0,0
2017,Magdeburg-Stendal University of Applied Sciences,Ghana,,,,0,0,0
2017,Magdeburg-Stendal University of Applied Sciences,Greece,3,,,0,0,0
2017,Magdeburg-Stendal University of Applied Sciences,Guadeloupe,,,,,,
2017,Magdeburg-Stendal University of Applied Sciences,India,,,,,,
2017,Magdeburg-Stendal University of Applied Sciences,Indonesia,6,,,,,
2017,Magdeburg-Stendal University of Applied Sciences,Iraq,,,,0,0,0
2017,Magdeburg-Stendal University of Applied Sciences,Iran,4,,,3,3,0
2017,Magdeburg-Stendal University of Applied Sciences,Iceland,,,,,,
2017,Magdeburg-Stendal University of Applied Sciences,Italy,9,5,4,0,0,0
2017,Magdeburg-Stendal University of Applied Sciences,Yemen,5,,,5,,
2017,Magdeburg-Stendal University of Applied Sciences,Jordan,62,38,24,,,
2017,Magdeburg-Stendal University of Applied Sciences,Cameroon,,,,,,
2017,Magdeburg-Stendal University of Applied Sciences,Kazakhstan,,,,,,
2017,Magdeburg-Stendal University of Applied Sciences,Colombia,,,,0,0,0
2017,Magdeburg-Stendal University of Applied Sciences,Kosovo,,,,,,
2017,Magdeburg-Stendal University of Applied Sciences,Croatia,,,,0,0,0
2017,Magdeburg-Stendal University of Applied Sciences,Lebanon,,,,0,0,0
2017,Magdeburg-Stendal University of Applied Sciences,Liechtenstein,,,,,,
2017,Magdeburg-Stendal University of Applied Sciences,Lithuania,,,,0,0,0
2017,Magdeburg-Stendal University of Applied Sciences,Morocco,,,,0,0,0
2017,Magdeburg-Stendal University of Applied Sciences,Mexico,,,,0,0,0
2017,Magdeburg-Stendal University of Applied Sciences,Moldova,,,,,,
2017,Magdeburg-Stendal University of Applied Sciences,Monaco,,,,,,
2017,Magdeburg-Stendal University of Applied Sciences,Montenegro,,,,0,0,0
2017,Magdeburg-Stendal University of Applied Sciences,Nepal,,,,,,
2017,Magdeburg-Stendal University of Applied Sciences,Netherlands,4,4,0,0,0,0
2017,Magdeburg-Stendal University of Applied Sciences,Nigeria,,,,0,0,0
2017,Magdeburg-Stendal University of Applied Sciences,Pakistan,,,,0,0,0
2017,Magdeburg-Stendal University of Applied Sciences,Palestinian Territories,0,0,0,0,0,0
2017,Magdeburg-Stendal University of Applied Sciences,Philippines,,,,0,0,0
2017,Magdeburg-Stendal University of Applied Sciences,Poland,6,,,,,
2017,Magdeburg-Stendal University of Applied Sciences,Portugal,,,,0,0,0
2017,Magdeburg-Stendal University of Applied Sciences,Romania,,,,0,0,0
2017,Magdeburg-Stendal University of Applied Sciences,Russia,16,6,10,4,,
2017,Magdeburg-Stendal University of Applied Sciences,Sweden,,,,0,0,0
2017,Magdeburg-Stendal University of Applied Sciences,Switzerland,,,,0,0,0
2017,Magdeburg-Stendal University of Applied Sciences,Serbia,4,,,,,
2017,Magdeburg-Stendal University of Applied Sciences,Slovakia,,,,0,0,0
2017,Magdeburg-Stendal University of Applied Sciences,Spain,29,15,14,8,,
2017,Magdeburg-Stendal University of Applied Sciences,Stateless,,,,,,
2017,Magdeburg-Stendal University of Applied Sciences,Syria,11,,,9,,
2017,Magdeburg-Stendal University of Applied Sciences,Taiwan,,,,0,0,0
2017,Magdeburg-Stendal University of Applied Sciences,Tunisia,,,,0,0,0
2017,Magdeburg-Stendal University of Applied Sciences,Turkey,14,6,8,5,,
2017,Magdeburg-Stendal University of Applied Sciences,Ukraine,13,6,7,,,
2017,Magdeburg-Stendal University of Applied Sciences,Hungary,,,,0,0,0
2017,Magdeburg-Stendal University of Applied Sciences,Uzbekistan,,,,0,0,0
2017,Magdeburg-Stendal University of Applied Sciences,United States,,,,0,0,0
2017,Magdeburg-Stendal University of Applied Sciences,United Kingdom,,,,0,0,0
2017,Magdeburg-Stendal University of Applied Sciences,Vietnam,13,8,5,4,,
2017,Magdeburg-Stendal University of Applied Sciences,China,52,31,21,3,,
2017,Magdeburg-Stendal University of Applied Sciences,Belarus,,,,,,
2017,Magdeburg-Stendal University of Applied Sciences,Kosovo (old),0,0,0,0,0,0
2017,Magdeburg-Stendal University of Applied Sciences,Egypt,6,3,3,0,0,0
2017,Magdeburg-Stendal University of Applied Sciences,Austria,29,6,23,26,4,22
2017,Otto von Guericke University Magdeburg,Saxony-Anhalt,4402,2614,1788,1059,627,432
2017,Otto von Guericke University Magdeburg,German Citizenship outside Saxony-Anhalt,6776,3667,3109,1547,827,720
2017,Otto von Guericke University Magdeburg,Afghanistan,5,,,,,
2017,Otto von Guericke University Magdeburg,Albania,6,3,3,,,
2017,Otto von Guericke University Magdeburg,Angola,,,,0,0,0
2017,Otto von Guericke University Magdeburg,Syria,90,74,16,38,27,11
2017,Otto von Guericke University Magdeburg,Argentina,6,3,3,5,,
2017,Otto von Guericke University Magdeburg,Armenia,11,5,6,3,,
2017,Otto von Guericke University Magdeburg,Azerbaijan,22,15,7,9,6,3
2017,Otto von Guericke University Magdeburg,Australia,,,,0,0,0
2017,Otto von Guericke University Magdeburg,Bangladesh,53,43,10,23,16,7
2017,Otto von Guericke University Magdeburg,Belgium,,,,0,0,0
2017,Otto von Guericke University Magdeburg,Bolivia,,,,,,
2017,Otto von Guericke University Magdeburg,Bosnia and Herzegovina,,,,,,
2017,Otto von Guericke University Magdeburg,Brazil,24,15,9,9,4,5
2017,Otto von Guericke University Magdeburg,Bulgaria,60,13,47,9,,
2017,Otto von Guericke University Magdeburg,Chile,5,,,,,
2017,Otto von Guericke University Magdeburg,China,346,176,170,86,45,41
2017,Otto von Guericke University Magdeburg,Costa Rica,,,,,,
2017,Otto von Guericke University Magdeburg,Dominican Republic,,,,0,0,0
2017,Otto von Guericke University Magdeburg,Denmark,,,,,,
2017,Otto von Guericke University Magdeburg,Ecuador,,,,0,0,0
2017,Otto von Guericke University Magdeburg,El Salvador,,,,0,0,0
2017,Otto von Guericke University Magdeburg,Estonia,,,,0,0,0
2017,Otto von Guericke University Magdeburg,Finland,,,,,,
2017,Otto von Guericke University Magdeburg,France,13,5,8,6,,
2017,Otto von Guericke University Magdeburg,Georgia,5,,,,,
2017,Otto von Guericke University Magdeburg,Ghana,6,,,3,,
2017,Otto von Guericke University Magdeburg,Greece,14,4,10,5,,
2017,Otto von Guericke University Magdeburg,India,594,474,120,99,78,21
2017,Otto von Guericke University Magdeburg,Indonesia,16,7,9,3,,
2017,Otto von Guericke University Magdeburg,Iraq,7,,,,,
2017,Otto von Guericke University Magdeburg,Iran,89,48,41,14,8,6
2017,Otto von Guericke University Magdeburg,Ireland,,,,,,
2017,Otto von Guericke University Magdeburg,Israel,8,,,,,
2017,Otto von Guericke University Magdeburg,Italy,39,22,17,15,9,6
2017,Otto von Guericke University Magdeburg,Japan,,,,0,0,0
2017,Otto von Guericke University Magdeburg,Yemen,8,,,,,
2017,Otto von Guericke University Magdeburg,Jordan,29,,,12,,
2017,Otto von Guericke University Magdeburg,Cambodia,,,,,,
2017,Otto von Guericke University Magdeburg,Cameroon,30,12,18,8,3,5
2017,Otto von Guericke University Magdeburg,Canada,3,3,0,,,
2017,Otto von Guericke University Magdeburg,Kazakhstan,8,3,5,,,
2017,Otto von Guericke University Magdeburg,Kenya,3,,,,,
2017,Otto von Guericke University Magdeburg,Kyrgyzstan,8,,,4,0,4
2017,Otto von Guericke University Magdeburg,Colombia,13,7,6,4,,
2017,Otto von Guericke University Magdeburg,South Korea,8,3,5,3,,
2017,Otto von Guericke University Magdeburg,Kosovo,3,0,3,0,0,0
2017,Otto von Guericke University Magdeburg,Croatia,3,,,,,
2017,Otto von Guericke University Magdeburg,Cuba,,,,,,
2017,Otto von Guericke University Magdeburg,Latvia,13,,,6,,
2017,Otto von Guericke University Magdeburg,Lebanon,6,,,4,,
2017,Otto von Guericke University Magdeburg,Libya,,,,0,0,0
2017,Otto von Guericke University Magdeburg,Lithuania,11,7,4,6,,
2017,Otto von Guericke University Magdeburg,Malaysia,3,0,3,0,0,0
2017,Otto von Guericke University Magdeburg,Morocco,30,25,5,19,16,3
2017,Otto von Guericke University Magdeburg,North Macedonia,4,,,,,
2017,Otto von Guericke University Magdeburg,Mexico,26,14,12,14,8,6
2017,Otto von Guericke University Magdeburg,Moldova,8,4,4,3,,
2017,Otto von Guericke University Magdeburg,Mongolia,,,,,,
2017,Otto von Guericke University Magdeburg,Mozambique,,,,,,
2017,Otto von Guericke University Magdeburg,Myanmar,,,,0,0,0
2017,Otto von Guericke University Magdeburg,Nepal,16,12,4,6,,
2017,Otto von Guericke University Magdeburg,New Zealand,,,,0,0,0
2017,Otto von Guericke University Magdeburg,Nicaragua,,,,,,
2017,Otto von Guericke University Magdeburg,Netherlands,8,,,,,
2017,Otto von Guericke University Magdeburg,Nigeria,25,21,4,7,,
2017,Otto von Guericke University Magdeburg,Norway,,,,,,
2017,Otto von Guericke University Magdeburg,Pakistan,142,134,8,28,28,0
2017,Otto von Guericke University Magdeburg,Palestinian Territories,13,13,0,4,4,0
2017,Otto von Guericke University Magdeburg,Paraguay,,,,0,0,0
2017,Otto von Guericke University Magdeburg,Peru,6,3,3,3,,
2017,Otto von Guericke University Magdeburg,Philippines,,,,0,0,0
2017,Otto von Guericke University Magdeburg,Poland,35,12,23,15,4,11
2017,Otto von Guericke University Magdeburg,Portugal,13,8,5,7,4,3
2017,Otto von Guericke University Magdeburg,Rwanda,,,,,,
2017,Otto von Guericke University Magdeburg,Romania,21,7,14,9,4,5
2017,Otto von Guericke University Magdeburg,Russia,102,48,54,23,10,13
2017,Otto von Guericke University Magdeburg,Saudi Arabia,,,,0,0,0
2017,Otto von Guericke University Magdeburg,Sweden,,,,0,0,0
2017,Otto von Guericke University Magdeburg,Switzerland,3,,,,,
2017,Otto von Guericke University Magdeburg,Serbia,8,5,3,,,
2017,Otto von Guericke University Magdeburg,Singapore,3,,,0,0,0
2017,Otto von Guericke University Magdeburg,Slovakia,,,,0,0,0
2017,Otto von Guericke University Magdeburg,Slovenia,3,3,0,,,
2017,Otto von Guericke University Magdeburg,Spain,20,10,10,5,,
2017,Otto von Guericke University Magdeburg,Sri Lanka,6,3,3,3,,
2017,Otto von Guericke University Magdeburg,Stateless,,,,0,0,0
2017,Otto von Guericke University Magdeburg,Sudan,,,,,,
2017,Otto von Guericke University Magdeburg,South Africa,,,,,,
2017,Otto von Guericke University Magdeburg,Tajikistan,3,,,0,0,0
2017,Otto von Guericke University Magdeburg,Taiwan,12,5,7,4,,
2017,Otto von Guericke University Magdeburg,Tanzania,,,,,,
2017,Otto von Guericke University Magdeburg,Thailand,7,3,4,3,,
2017,Otto von Guericke University Magdeburg,Czech Republic,12,5,7,6,3,3
2017,Otto von Guericke University Magdeburg,Tunisia,16,11,5,5,,
2017,Otto von Guericke University Magdeburg,Turkmenistan,,,,0,0,0
2017,Otto von Guericke University Magdeburg,Turkey,53,28,25,18,10,8
2017,Otto von Guericke University Magdeburg,United States,24,12,12,6,,
2017,Otto von Guericke University Magdeburg,Ukraine,197,95,102,47,22,25
2017,Otto von Guericke University Magdeburg,Hungary,5,,,0,0,0
2017,Otto von Guericke University Magdeburg,Unresolved/Unclear,,,,,,
2017,Otto von Guericke University Magdeburg,Uruguay,,,,0,0,0
2017,Otto von Guericke University Magdeburg,Uzbekistan,5,,,,,
2017,Otto von Guericke University Magdeburg,Venezuela,,,,0,0,0
2017,Otto von Guericke University Magdeburg,United Kingdom,8,5,3,3,,
2017,Otto von Guericke University Magdeburg,Vietnam,121,54,67,43,16,27
2017,Otto von Guericke University Magdeburg,Belarus,13,5,8,,,
2017,Otto von Guericke University Magdeburg,Egypt,47,43,4,22,19,3
2017,Otto von Guericke University Magdeburg,Ethiopia,8,8,0,0,0,0
2017,Otto von Guericke University Magdeburg,Austria,15,10,5,,,
2016,Magdeburg-Stendal University of Applied Sciences,Saxony-Anhalt,3148,1570,1578,607,290,317
2016,Magdeburg-Stendal University of Applied Sciences,German Citizenship outside Saxony-Anhalt,2580,1220,1360,596,273,323
2016,Magdeburg-Stendal University of Applied Sciences,Albania,,,,,,
2016,Magdeburg-Stendal University of Applied Sciences,Algeria,0,0,0,0,0,0
2016,Magdeburg-Stendal University of Applied Sciences,Belgium,3,,,0,0,0
2016,Magdeburg-Stendal University of Applied Sciences,Bosnia and Herzegovina,,,,0,0,0
2016,Magdeburg-Stendal University of Applied Sciences,Brazil,4,,,,,
2016,Magdeburg-Stendal University of Applied Sciences,Bulgaria,,,,,,
2016,Magdeburg-Stendal University of Applied Sciences,Burundi,,,,0,0,0
2016,Magdeburg-Stendal University of Applied Sciences,Ecuador,,,,,,
2016,Magdeburg-Stendal University of Applied Sciences,Estonia,,,,0,0,0
2016,Magdeburg-Stendal University of Applied Sciences,France,4,,,0,0,0
2016,Magdeburg-Stendal University of Applied Sciences,Ghana,,,,0,0,0
2016,Magdeburg-Stendal University of Applied Sciences,Greece,4,,,,,
2016,Magdeburg-Stendal University of Applied Sciences,Indonesia,3,,,,,
2016,Magdeburg-Stendal University of Applied Sciences,Iraq,,,,0,0,0
2016,Magdeburg-Stendal University of Applied Sciences,Iran,,,,0,0,0
2016,Magdeburg-Stendal University of Applied Sciences,Iceland,,,,0,0,0
2016,Magdeburg-Stendal University of Applied Sciences,Italy,6,,,,,
2016,Magdeburg-Stendal University of Applied Sciences,Yemen,,,,0,0,0
2016,Magdeburg-Stendal University of Applied Sciences,Jordan,46,38,8,,,
2016,Magdeburg-Stendal University of Applied Sciences,Kazakhstan,,,,0,0,0
2016,Magdeburg-Stendal University of Applied Sciences,Colombia,,,,0,0,0
2016,Magdeburg-Stendal University of Applied Sciences,Kosovo,,,,,,
2016,Magdeburg-Stendal University of Applied Sciences,Croatia,3,,,,,
2016,Magdeburg-Stendal University of Applied Sciences,Lebanon,,,,0,0,0
2016,Magdeburg-Stendal University of Applied Sciences,Lithuania,3,,,,,
2016,Magdeburg-Stendal University of Applied Sciences,Morocco,,,,0,0,0
2016,Magdeburg-Stendal University of Applied Sciences,Mexico,,,,0,0,0
2016,Magdeburg-Stendal University of Applied Sciences,Montenegro,,,,0,0,0
2016,Magdeburg-Stendal University of Applied Sciences,Netherlands,5,,,,,
2016,Magdeburg-Stendal University of Applied Sciences,Nigeria,,,,0,0,0
2016,Magdeburg-Stendal University of Applied Sciences,Pakistan,,,,0,0,0
2016,Magdeburg-Stendal University of Applied Sciences,Palestinian Territories,,,,0,0,0
2016,Magdeburg-Stendal University of Applied Sciences,Philippines,,,,,,
2016,Magdeburg-Stendal University of Applied Sciences,Poland,8,3,5,,,
2016,Magdeburg-Stendal University of Applied Sciences,Portugal,,,,,,
2016,Magdeburg-Stendal University of Applied Sciences,Romania,3,,,0,0,0
2016,Magdeburg-Stendal University of Applied Sciences,Russia,16,4,12,,,
2016,Magdeburg-Stendal University of Applied Sciences,Sweden,,,,0,0,0
2016,Magdeburg-Stendal University of Applied Sciences,Switzerland,,,,,,
2016,Magdeburg-Stendal University of Applied Sciences,Serbia,,,,0,0,0
2016,Magdeburg-Stendal University of Applied Sciences,Slovakia,,,,0,0,0
2016,Magdeburg-Stendal University of Applied Sciences,Spain,18,12,6,0,0,0
2016,Magdeburg-Stendal University of Applied Sciences,Syria,,,,,,
2016,Magdeburg-Stendal University of Applied Sciences,Taiwan,,,,,,
2016,Magdeburg-Stendal University of Applied Sciences,Tunisia,,,,,,
2016,Magdeburg-Stendal University of Applied Sciences,Turkey,17,8,9,6,3,3
2016,Magdeburg-Stendal University of Applied Sciences,Ukraine,16,9,7,5,,
2016,Magdeburg-Stendal University of Applied Sciences,Hungary,,,,0,0,0
2016,Magdeburg-Stendal University of Applied Sciences,Uzbekistan,,,,0,0,0
2016,Magdeburg-Stendal University of Applied Sciences,United States,3,0,3,,,
2016,Magdeburg-Stendal University of Applied Sciences,United Kingdom,,,,,,
2016,Magdeburg-Stendal University of Applied Sciences,Vietnam,11,5,6,4,0,4
2016,Magdeburg-Stendal University of Applied Sciences,China,67,32,35,8,,
2016,Magdeburg-Stendal University of Applied Sciences,Belarus,,,,0,0,0
2016,Magdeburg-Stendal University of Applied Sciences,Kosovo (old),,,,0,0,0
2016,Magdeburg-Stendal University of Applied Sciences,Egypt,8,4,4,6,3,3
2016,Magdeburg-Stendal University of Applied Sciences,Austria,5,,,,,
2016,Otto von Guericke University Magdeburg,Saxony-Anhalt,4607,2770,1837,1128,659,469
2016,Otto von Guericke University Magdeburg,German Citizenship outside Saxony-Anhalt,7196,3922,3274,1714,886,828
2016,Otto von Guericke University Magdeburg,Ethiopia,6,6,0,,,
2016,Otto von Guericke University Magdeburg,Afghanistan,4,,,,,
2016,Otto von Guericke University Magdeburg,Albania,5,,,4,,
2016,Otto von Guericke University Magdeburg,Angola,,,,0,0,0
2016,Otto von Guericke University Magdeburg,Syria,60,54,6,22,,
2016,Otto von Guericke University Magdeburg,Argentina,7,,,3,,
2016,Otto von Guericke University Magdeburg,Armenia,8,4,4,4,,
2016,Otto von Guericke University Magdeburg,Azerbaijan,18,13,5,8,,
2016,Otto von Guericke University Magdeburg,Australia,,,,0,0,0
2016,Otto von Guericke University Magdeburg,Bangladesh,32,28,4,8,,
2016,Otto von Guericke University Magdeburg,Belgium,,,,0,0,0
2016,Otto von Guericke University Magdeburg,Bolivia,,,,0,0,0
2016,Otto von Guericke University Magdeburg,Bosnia and Herzegovina,,,,0,0,0
2016,Otto von Guericke University Magdeburg,Brazil,26,15,11,7,3,4
2016,Otto von Guericke University Magdeburg,Bulgaria,66,16,50,14,3,11
2016,Otto von Guericke University Magdeburg,Chile,7,4,3,3,,
2016,Otto von Guericke University Magdeburg,China,315,159,156,69,34,35
2016,Otto von Guericke University Magdeburg,Dominican Republic,,,,0,0,0
2016,Otto von Guericke University Magdeburg,Ecuador,3,,,,,
2016,Otto von Guericke University Magdeburg,El Salvador,,,,,,
2016,Otto von Guericke University Magdeburg,Eritrea,,,,0,0,0
2016,Otto von Guericke University Magdeburg,Estonia,,,,0,0,0
2016,Otto von Guericke University Magdeburg,Finland,,,,0,0,0
2016,Otto von Guericke University Magdeburg,France,16,9,7,8,4,4
2016,Otto von Guericke University Magdeburg,Georgia,6,,,,,
2016,Otto von Guericke University Magdeburg,Ghana,4,4,0,,,
2016,Otto von Guericke University Magdeburg,Greece,8,4,4,3,,
2016,Otto von Guericke University Magdeburg,Honduras,,,,0,0,0
2016,Otto von Guericke University Magdeburg,India,507,407,100,126,105,21
2016,Otto von Guericke University Magdeburg,Indonesia,11,3,8,5,,
2016,Otto von Guericke University Magdeburg,Iraq,9,5,4,3,0,3
2016,Otto von Guericke University Magdeburg,Iran,75,39,36,11,7,4
2016,Otto von Guericke University Magdeburg,Ireland,,,,,,
2016,Otto von Guericke University Magdeburg,Israel,8,,,,,
2016,Otto von Guericke University Magdeburg,Italy,37,16,21,14,6,8
2016,Otto von Guericke University Magdeburg,Japan,,,,0,0,0
2016,Otto von Guericke University Magdeburg,Yemen,6,6,0,,,
2016,Otto von Guericke University Magdeburg,Jordan,20,,,9,9,0
2016,Otto von Guericke University Magdeburg,Cameroon,28,10,18,,,
2016,Otto von Guericke University Magdeburg,Canada,4,,,,,
2016,Otto von Guericke University Magdeburg,Kazakhstan,11,7,4,6,,
2016,Otto von Guericke University Magdeburg,Kenya,3,,,,,
2016,Otto von Guericke University Magdeburg,Kyrgyzstan,4,,,0,0,0
2016,Otto von Guericke University Magdeburg,Colombia,21,12,9,10,7,3
2016,Otto von Guericke University Magdeburg,South Korea,6,3,3,5,,
2016,Otto von Guericke University Magdeburg,Kosovo,4,0,4,,,
2016,Otto von Guericke University Magdeburg,Croatia,5,,,0,0,0
2016,Otto von Guericke University Magdeburg,Cuba,,,,,,
2016,Otto von Guericke University Magdeburg,Latvia,13,3,10,4,,
2016,Otto von Guericke University Magdeburg,Lebanon,,,,0,0,0
2016,Otto von Guericke University Magdeburg,Libya,,,,,,
2016,Otto von Guericke University Magdeburg,Lithuania,12,7,5,5,,
2016,Otto von Guericke University Magdeburg,Luxembourg,,,,0,0,0
2016,Otto von Guericke University Magdeburg,Malaysia,,,,,,
2016,Otto von Guericke University Magdeburg,Morocco,14,10,4,12,9,3
2016,Otto von Guericke University Magdeburg,North Macedonia,4,,,0,0,0
2016,Otto von Guericke University Magdeburg,Mexico,23,11,12,11,4,7
2016,Otto von Guericke University Magdeburg,Moldova,12,3,9,,,
2016,Otto von Guericke University Magdeburg,Mongolia,,,,,,
2016,Otto von Guericke University Magdeburg,Myanmar,,,,0,0,0
2016,Otto von Guericke University Magdeburg,Nepal,13,9,4,3,,
2016,Otto von Guericke University Magdeburg,New Zealand,,,,,,
2016,Otto von Guericke University Magdeburg,Netherlands,7,,,,,
2016,Otto von Guericke University Magdeburg,Nigeria,21,17,4,5,,
2016,Otto von Guericke University Magdeburg,Norway,,,,0,0,0
2016,Otto von Guericke University Magdeburg,"Pakistan, Islam. Rep.",131,121,10,22,,
2016,Otto von Guericke University Magdeburg,Palestinian Territories,9,9,0,4,4,0
2016,Otto von Guericke University Magdeburg,Paraguay,,,,0,0,0
2016,Otto von Guericke University Magdeburg,Peru,3,,,,,
2016,Otto von Guericke University Magdeburg,Philippines,,,,,,
2016,Otto von Guericke University Magdeburg,Poland,28,13,15,6,,
2016,Otto von Guericke University Magdeburg,Portugal,13,8,5,7,4,3
2016,Otto von Guericke University Magdeburg,Romania,20,9,11,7,4,3
2016,Otto von Guericke University Magdeburg,Russia,103,46,57,39,17,22
2016,Otto von Guericke University Magdeburg,Saudi Arabia,,,,,,
2016,Otto von Guericke University Magdeburg,Sweden,,,,,,
2016,Otto von Guericke University Magdeburg,Switzerland,6,,,0,0,0
2016,Otto von Guericke University Magdeburg,Serbia,10,5,5,,,
2016,Otto von Guericke University Magdeburg,Singapore,3,,,0,0,0
2016,Otto von Guericke University Magdeburg,Slovakia,,,,,,
2016,Otto von Guericke University Magdeburg,Slovenia,3,3,0,,,
2016,Otto von Guericke University Magdeburg,Spain,25,12,13,11,,
2016,Otto von Guericke University Magdeburg,Sri Lanka,3,,,,,
2016,Otto von Guericke University Magdeburg,Stateless,,,,0,0,0
2016,Otto von Guericke University Magdeburg,Tajikistan,3,,,,,
2016,Otto von Guericke University Magdeburg,Taiwan,13,6,7,11,5,6
2016,Otto von Guericke University Magdeburg,Tanzania,3,,,,,
2016,Otto von Guericke University Magdeburg,Thailand,6,,,0,0,0
2016,Otto von Guericke University Magdeburg,Czech Republic,13,5,8,7,4,3
2016,Otto von Guericke University Magdeburg,Tunisia,12,9,3,6,6,0
2016,Otto von Guericke University Magdeburg,Turkey,46,25,21,20,10,10
2016,Otto von Guericke University Magdeburg,United States,26,9,17,8,3,5
2016,Otto von Guericke University Magdeburg,Ukraine,196,85,111,50,25,25
2016,Otto von Guericke University Magdeburg,Hungary,11,4,7,3,,
2016,Otto von Guericke University Magdeburg,Uzbekistan,8,3,5,,,
2016,Otto von Guericke University Magdeburg,Venezuela,,,,0,0,0
2016,Otto von Guericke University Magdeburg,United Kingdom,4,,,,,
2016,Otto von Guericke University Magdeburg,Vietnam,109,56,53,35,17,18
2016,Otto von Guericke University Magdeburg,Belarus,19,8,11,7,4,3
2016,Otto von Guericke University Magdeburg,Cyprus,,,,0,0,0
2016,Otto von Guericke University Magdeburg,Egypt,29,26,3,14,,
2016,Otto von Guericke University Magdeburg,Austria,13,10,3,,,
2015,Otto von Guericke University Magdeburg,Saxony-Anhalt,4856,2936,1920,1218,734,484
2015,Otto von Guericke University Magdeburg,German Citizenship outside Saxony-Anhalt,7274,4016,3258,1907,1036,871
2015,Otto von Guericke University Magdeburg,Ethiopia,3,3,0,,,
2015,Otto von Guericke University Magdeburg,Afghanistan,6,3,3,3,,
2015,Otto von Guericke University Magdeburg,Albania,3,0,3,,,
2015,Otto von Guericke University Magdeburg,Algeria,0,0,0,0,0,0
2015,Otto von Guericke University Magdeburg,Angola,,,,,,
2015,Otto von Guericke University Magdeburg,Syria,45,39,6,18,,
2015,Otto von Guericke University Magdeburg,Armenia,5,,,3,,
2015,Otto von Guericke University Magdeburg,Azerbaijan,13,10,3,5,,
2015,Otto von Guericke University Magdeburg,Australia,,,,,,
2015,Otto von Guericke University Magdeburg,Bangladesh,27,22,5,9,,
2015,Otto von Guericke University Magdeburg,Belgium,,,,,,
2015,Otto von Guericke University Magdeburg,Bolivia,,,,,,
2015,Otto von Guericke University Magdeburg,Bosnia and Herzegovina,0,0,0,0,0,0
2015,Otto von Guericke University Magdeburg,Brazil,93,60,33,36,19,17
2015,Otto von Guericke University Magdeburg,Bulgaria,86,31,55,23,7,16
2015,Otto von Guericke University Magdeburg,Burkina Faso,0,0,0,0,0,0
2015,Otto von Guericke University Magdeburg,Chile,5,,,,,
2015,Otto von Guericke University Magdeburg,China,392,203,189,134,79,55
2015,Otto von Guericke University Magdeburg,Costa Rica,0,0,0,0,0,0
2015,Otto von Guericke University Magdeburg,Dominican Republic,,,,,,
2015,Otto von Guericke University Magdeburg,Denmark,0,0,0,0,0,0
2015,Otto von Guericke University Magdeburg,Ecuador,,,,0,0,0
2015,Otto von Guericke University Magdeburg,El Salvador,0,0,0,0,0,0
2015,Otto von Guericke University Magdeburg,Eritrea,,,,0,0,0
2015,Otto von Guericke University Magdeburg,Estonia,,,,0,0,0
2015,Otto von Guericke University Magdeburg,Finland,4,,,4,,
2015,Otto von Guericke University Magdeburg,France,10,5,5,5,,
2015,Otto von Guericke University Magdeburg,Georgia,5,,,,,
2015,Otto von Guericke University Magdeburg,Ghana,3,3,0,,,
2015,Otto von Guericke University Magdeburg,Greece,5,,,3,0,3
2015,Otto von Guericke University Magdeburg,Honduras,,,,0,0,0
2015,Otto von Guericke University Magdeburg,India,389,311,78,92,73,19
2015,Otto von Guericke University Magdeburg,Indonesia,10,3,7,4,,
2015,Otto von Guericke University Magdeburg,Iraq,8,,,,,
2015,Otto von Guericke University Magdeburg,Iran,73,37,36,19,8,11
2015,Otto von Guericke University Magdeburg,Israel,8,,,3,,
2015,Otto von Guericke University Magdeburg,Italy,37,12,25,20,5,15
2015,Otto von Guericke University Magdeburg,Japan,5,,,3,,
2015,Otto von Guericke University Magdeburg,Yemen,4,4,0,,,
2015,Otto von Guericke University Magdeburg,Jordan,15,,,7,7,0
2015,Otto von Guericke University Magdeburg,Cameroon,27,10,17,5,,
2015,Otto von Guericke University Magdeburg,Canada,3,,,,,
2015,Otto von Guericke University Magdeburg,Kazakhstan,13,7,6,6,,
2015,Otto von Guericke University Magdeburg,Kenya,,,,0,0,0
2015,Otto von Guericke University Magdeburg,Kyrgyzstan,4,,,,,
2015,Otto von Guericke University Magdeburg,Colombia,17,7,10,7,,
2015,Otto von Guericke University Magdeburg,South Korea,3,,,,,
2015,Otto von Guericke University Magdeburg,Kosovo,4,,,4,,
2015,Otto von Guericke University Magdeburg,Croatia,6,3,3,0,0,0
2015,Otto von Guericke University Magdeburg,Cuba,,,,,,
2015,Otto von Guericke University Magdeburg,Latvia,14,3,11,9,,
2015,Otto von Guericke University Magdeburg,Lebanon,3,3,0,0,0,0
2015,Otto von Guericke University Magdeburg,Libya,,,,0,0,0
2015,Otto von Guericke University Magdeburg,Lithuania,8,3,5,0,0,0
2015,Otto von Guericke University Magdeburg,Luxembourg,3,,,,,
2015,Otto von Guericke University Magdeburg,Malaysia,,,,0,0,0
2015,Otto von Guericke University Magdeburg,Morocco,5,,,3,,
2015,Otto von Guericke University Magdeburg,North Macedonia,5,,,0,0,0
2015,Otto von Guericke University Magdeburg,Mexico,19,10,9,8,4,4
2015,Otto von Guericke University Magdeburg,Moldova,12,4,8,3,0,3
2015,Otto von Guericke University Magdeburg,Mongolia,0,0,0,0,0,0
2015,Otto von Guericke University Magdeburg,Montenegro,0,0,0,0,0,0
2015,Otto von Guericke University Magdeburg,Myanmar,15,5,10,,,
2015,Otto von Guericke University Magdeburg,Nepal,13,10,3,5,,
2015,Otto von Guericke University Magdeburg,Nicaragua,,,,,,
2015,Otto von Guericke University Magdeburg,Netherlands,8,5,3,6,,
2015,Otto von Guericke University Magdeburg,Nigeria,12,9,3,3,,
2015,Otto von Guericke University Magdeburg,Norway,,,,0,0,0
2015,Otto von Guericke University Magdeburg,"Pakistan, Islam. Rep.",127,114,13,25,22,3
2015,Otto von Guericke University Magdeburg,Palestinian Territories,4,4,0,,,
2015,Otto von Guericke University Magdeburg,Paraguay,,,,,,
2015,Otto von Guericke University Magdeburg,Peru,5,,,0,0,0
2015,Otto von Guericke University Magdeburg,Poland,32,11,21,8,,
2015,Otto von Guericke University Magdeburg,Portugal,16,13,3,10,10,0
2015,Otto von Guericke University Magdeburg,Romania,15,6,9,4,,
2015,Otto von Guericke University Magdeburg,Russia,85,35,50,17,4,13
2015,Otto von Guericke University Magdeburg,Saudi Arabia,,,,0,0,0
2015,Otto von Guericke University Magdeburg,Sweden,3,,,0,0,0
2015,Otto von Guericke University Magdeburg,Switzerland,6,3,3,,,
2015,Otto von Guericke University Magdeburg,Serbia,8,3,5,,,
2015,Otto von Guericke University Magdeburg,Zimbabwe,,,,0,0,0
2015,Otto von Guericke University Magdeburg,Singapore,,,,,,
2015,Otto von Guericke University Magdeburg,Slovakia,,,,,,
2015,Otto von Guericke University Magdeburg,Slovenia,,,,,,
2015,Otto von Guericke University Magdeburg,Spain,22,12,10,8,3,5
2015,Otto von Guericke University Magdeburg,Sri Lanka,,,,0,0,0
2015,Otto von Guericke University Magdeburg,Stateless,,,,,,
2015,Otto von Guericke University Magdeburg,Tajikistan,5,,,0,0,0
2015,Otto von Guericke University Magdeburg,Taiwan,5,,,5,,
2015,Otto von Guericke University Magdeburg,Tanzania,,,,,,
2015,Otto von Guericke University Magdeburg,Thailand,5,,,0,0,0
2015,Otto von Guericke University Magdeburg,Togo,0,0,0,0,0,0
2015,Otto von Guericke University Magdeburg,Czech Republic,11,,,6,0,6
2015,Otto von Guericke University Magdeburg,Tunisia,9,5,4,3,,
2015,Otto von Guericke University Magdeburg,Turkey,41,25,16,13,8,5
2015,Otto von Guericke University Magdeburg,United States,19,9,10,9,6,3
2015,Otto von Guericke University Magdeburg,Uganda,,,,0,0,0
2015,Otto von Guericke University Magdeburg,Ukraine,206,95,111,44,22,22
2015,Otto von Guericke University Magdeburg,Hungary,15,4,11,8,,
2015,Otto von Guericke University Magdeburg,Uzbekistan,9,4,5,,,
2015,Otto von Guericke University Magdeburg,Venezuela,,,,0,0,0
2015,Otto von Guericke University Magdeburg,United Kingdom,4,,,,,
2015,Otto von Guericke University Magdeburg,Vietnam,105,58,47,24,9,15
2015,Otto von Guericke University Magdeburg,Belarus,22,8,14,5,,
2015,Otto von Guericke University Magdeburg,Cyprus,,,,,,
2015,Otto von Guericke University Magdeburg,Egypt,17,14,3,6,,
2015,Otto von Guericke University Magdeburg,Austria,14,9,5,,,
2014,Otto von Guericke University Magdeburg,Saxony-Anhalt,5057,3066,1991,1167,678,489
2014,Otto von Guericke University Magdeburg,German Citizenship outside Saxony-Anhalt,7135,3974,3161,1972,1057,915
2014,Otto von Guericke University Magdeburg,Ethiopia,0,0,0,0,0,0
2014,Otto von Guericke University Magdeburg,Afghanistan,3,,,,,
2014,Otto von Guericke University Magdeburg,Albania,3,,,0,0,0
2014,Otto von Guericke University Magdeburg,Algeria,0,0,0,0,0,0
2014,Otto von Guericke University Magdeburg,Angola,,,,0,0,0
2014,Otto von Guericke University Magdeburg,Syria,48,43,5,9,9,0
2014,Otto von Guericke University Magdeburg,Armenia,6,,,5,,
2014,Otto von Guericke University Magdeburg,Azerbaijan,11,7,4,3,,
2014,Otto von Guericke University Magdeburg,Australia,,,,0,0,0
2014,Otto von Guericke University Magdeburg,Bangladesh,21,,,7,,
2014,Otto von Guericke University Magdeburg,Belgium,,,,0,0,0
2014,Otto von Guericke University Magdeburg,Bolivia,0,0,0,0,0,0
2014,Otto von Guericke University Magdeburg,Bosnia and Herzegovina,,,,0,0,0
2014,Otto von Guericke University Magdeburg,Brazil,73,53,20,34,25,9
2014,Otto von Guericke University Magdeburg,Bulgaria,91,33,58,16,6,10
2014,Otto von Guericke University Magdeburg,Burkina Faso,,,,0,0,0
2014,Otto von Guericke University Magdeburg,Chile,3,,,0,0,0
2014,Otto von Guericke University Magdeburg,China,388,196,192,118,50,68
2014,Otto von Guericke University Magdeburg,Costa Rica,0,0,0,0,0,0
2014,Otto von Guericke University Magdeburg,Dominican Republic,0,0,0,0,0,0
2014,Otto von Guericke University Magdeburg,Denmark,3,,,0,0,0
2014,Otto von Guericke University Magdeburg,Ecuador,3,,,,,
2014,Otto von Guericke University Magdeburg,El Salvador,,,,0,0,0
2014,Otto von Guericke University Magdeburg,Eritrea,,,,0,0,0
2014,Otto von Guericke University Magdeburg,Estonia,3,,,0,0,0
2014,Otto von Guericke University Magdeburg,Finland,3,,,,,
2014,Otto von Guericke University Magdeburg,France,11,4,7,6,3,3
2014,Otto von Guericke University Magdeburg,Georgia,4,,,0,0,0
2014,Otto von Guericke University Magdeburg,Ghana,3,3,0,0,0,0
2014,Otto von Guericke University Magdeburg,Greece,8,4,4,,,
2014,Otto von Guericke University Magdeburg,Honduras,,,,,,
2014,Otto von Guericke University Magdeburg,India,264,215,49,114,93,21
2014,Otto von Guericke University Magdeburg,Indonesia,10,,,7,0,7
2014,Otto von Guericke University Magdeburg,Iraq,9,6,3,,,
2014,Otto von Guericke University Magdeburg,Iran,56,30,26,13,8,5
2014,Otto von Guericke University Magdeburg,Israel,8,4,4,,,
2014,Otto von Guericke University Magdeburg,Italy,34,12,22,20,7,13
2014,Otto von Guericke University Magdeburg,Japan,8,4,4,7,4,3
2014,Otto von Guericke University Magdeburg,Yemen,4,4,0,0,0,0
2014,Otto von Guericke University Magdeburg,Jordan,9,,,5,,
2014,Otto von Guericke University Magdeburg,Cameroon,30,13,17,,,
2014,Otto von Guericke University Magdeburg,Canada,4,,,,,
2014,Otto von Guericke University Magdeburg,Kazakhstan,19,6,13,14,6,8
2014,Otto von Guericke University Magdeburg,Kenya,,,,,,
2014,Otto von Guericke University Magdeburg,Kyrgyzstan,3,,,0,0,0
2014,Otto von Guericke University Magdeburg,Colombia,22,7,15,12,3,9
2014,Otto von Guericke University Magdeburg,South Korea,6,,,,,
2014,Otto von Guericke University Magdeburg,Kosovo,,,,,,
2014,Otto von Guericke University Magdeburg,Croatia,8,4,4,3,3,0
2014,Otto von Guericke University Magdeburg,Cuba,,,,0,0,0
2014,Otto von Guericke University Magdeburg,Latvia,5,,,3,,
2014,Otto von Guericke University Magdeburg,Lebanon,3,3,0,0,0,0
2014,Otto von Guericke University Magdeburg,Libya,,,,0,0,0
2014,Otto von Guericke University Magdeburg,Lithuania,10,4,6,3,,
2014,Otto von Guericke University Magdeburg,Luxembourg,3,3,0,0,0,0
2014,Otto von Guericke University Magdeburg,Malaysia,3,,,0,0,0
2014,Otto von Guericke University Magdeburg,Morocco,5,,,4,,
2014,Otto von Guericke University Magdeburg,North Macedonia,5,,,4,,
2014,Otto von Guericke University Magdeburg,Mexico,19,8,11,14,5,9
2014,Otto von Guericke University Magdeburg,Moldova,16,10,6,4,4,0
2014,Otto von Guericke University Magdeburg,Mongolia,,,,0,0,0
2014,Otto von Guericke University Magdeburg,Montenegro,0,0,0,0,0,0
2014,Otto von Guericke University Magdeburg,Myanmar,,,,0,0,0
2014,Otto von Guericke University Magdeburg,Nepal,11,8,3,3,,
2014,Otto von Guericke University Magdeburg,Nicaragua,,,,0,0,0
2014,Otto von Guericke University Magdeburg,Netherlands,5,,,,,
2014,Otto von Guericke University Magdeburg,Nigeria,14,10,4,6,,
2014,Otto von Guericke University Magdeburg,Norway,,,,,,
2014,Otto von Guericke University Magdeburg,"Pakistan, Islam. Rep.",88,82,6,25,22,3
2014,Otto von Guericke University Magdeburg,Palestinian Territories,,,,0,0,0
2014,Otto von Guericke University Magdeburg,Panama,0,0,0,0,0,0
2014,Otto von Guericke University Magdeburg,Peru,5,,,0,0,0
2014,Otto von Guericke University Magdeburg,Poland,37,13,24,13,4,9
2014,Otto von Guericke University Magdeburg,Portugal,14,11,3,8,8,0
2014,Otto von Guericke University Magdeburg,Romania,15,6,9,7,,
2014,Otto von Guericke University Magdeburg,Russia,78,28,50,24,8,16
2014,Otto von Guericke University Magdeburg,Saudi Arabia,,,,,,
2014,Otto von Guericke University Magdeburg,Sweden,4,,,,,
2014,Otto von Guericke University Magdeburg,Switzerland,5,,,,,
2014,Otto von Guericke University Magdeburg,Serbia,9,3,6,,,
2014,Otto von Guericke University Magdeburg,Sierra Leone,0,0,0,0,0,0
2014,Otto von Guericke University Magdeburg,Zimbabwe,,,,0,0,0
2014,Otto von Guericke University Magdeburg,Slovakia,,,,,,
2014,Otto von Guericke University Magdeburg,Slovenia,,,,,,
2014,Otto von Guericke University Magdeburg,Spain,18,9,9,6,,
2014,Otto von Guericke University Magdeburg,Sri Lanka,,,,,,
2014,Otto von Guericke University Magdeburg,Stateless,,,,0,0,0
2014,Otto von Guericke University Magdeburg,Tajikistan,6,,,,,
2014,Otto von Guericke University Magdeburg,Taiwan,4,,,4,,
2014,Otto von Guericke University Magdeburg,Tanzania,0,0,0,0,0,0
2014,Otto von Guericke University Magdeburg,Thailand,5,,,0,0,0
2014,Otto von Guericke University Magdeburg,Togo,,,,0,0,0
2014,Otto von Guericke University Magdeburg,Czech Republic,7,,,4,0,4
2014,Otto von Guericke University Magdeburg,Tunisia,8,5,3,5,,
2014,Otto von Guericke University Magdeburg,Turkey,40,22,18,11,5,6
2014,Otto von Guericke University Magdeburg,United States,17,7,10,10,3,7
2014,Otto von Guericke University Magdeburg,Uganda,,,,0,0,0
2014,Otto von Guericke University Magdeburg,Ukraine,204,98,106,65,33,32
2014,Otto von Guericke University Magdeburg,Hungary,16,10,6,6,3,3
2014,Otto von Guericke University Magdeburg,Uzbekistan,10,7,3,0,0,0
2014,Otto von Guericke University Magdeburg,Venezuela,5,,,,,
2014,Otto von Guericke University Magdeburg,United Arab Emirates,0,0,0,0,0,0
2014,Otto von Guericke University Magdeburg,United Kingdom,4,,,,,
2014,Otto von Guericke University Magdeburg,Vietnam,97,60,37,28,17,11
2014,Otto von Guericke University Magdeburg,Belarus,22,9,13,9,3,6
2014,Otto von Guericke University Magdeburg,Egypt,15,10,5,5,,
2014,Otto von Guericke University Magdeburg,Austria,12,7,5,0,0,0
