Year,Month,Air_Temp_Average,Air_Temp_Max,Air_Temp_Max_Day,Air_Temp_Min,Air_Temp_Min_Day,Precipitation_Total,Precipitation_Daily_Max,Precipitation_Days_Min_0_1mm,Heavy_Rain_Days_Over_10mm,Average_Relative_Humidity,Sunshine_Duration_Hours,Extreme_Temp_Frost_Days,Extreme_Temp_Severe_Frost_Days,Extreme_Temp_Very_Severe_Frost_Days,Extreme_Temp_Ice_Days,Extreme_Temp_Summer_Days,Extreme_Temp_Hot_Days,Extreme_Temp_Tropical_Nights,Extreme_Temp_Heatwaves,Extreme_Temp_Coldwaves
2025,June,19.2,33.5,22.0,8.4,12.0,37.3,7.3,12,0,65.7,,0,0,0,0,15,3,0,0,0
2025,May,14.1,28.8,2.0,1.2,6.0,41.4,9.4,13,0,65.0,,0,0,0,0,4,0,0,0,0
2025,April,11.8,25.7,16.0,-2.8,6.0,29.7,22.2,7,1,68.3,,1,0,0,0,1,0,0,0,0
2025,March,6.8,19.8,21.0,-5.6,18.0,3.9,3.0,4,0,68.9,,12,0,0,0,0,0,0,0,0
2025,February,1.6,14.1,25.0,-12.8,18.0,18.2,4.9,9,0,83.2,,18,3,0,2,0,0,0,0,0
2025,January,2.6,14.6,25.0,-6.5,14.0,51.5,14.0,18,2,86.3,,14,0,0,4,0,0,0,0,0
2024,December,4.2,14.4,19.0,-3.9,1.0,36.8,10.3,19,1,87.9,12.3,10,0,0,1,0,0,0,0,0
2024,November,6.1,15.7,25.0,-1.4,30.0,32.9,15.3,18,1,85.4,37.2,2,0,0,0,0,0,0,0,0
2024,October,11.9,20.7,8.0,1.9,12.0,40.2,11.3,12,2,85.2,119.5,0,0,0,0,0,0,0,0,0
2024,September,17.4,33.7,4.0,6.1,29.0,74.9,27.4,12,3,68.9,208.2,0,0,0,0,11,6,0,0,0
2024,August,21.4,34.4,29.0,9.2,26.0,34.5,12.6,12,2,65.8,260.4,0,0,0,0,21,7,0,0,0
2024,July,20.0,33.2,21.0,10.2,4.0,71.6,21.7,15,2,68.2,229.1,0,0,0,0,19,7,0,0,0
2024,June,17.9,32.1,26.0,7.5,13.0,50.4,20.4,16,1,70.2,222.4,0,0,0,0,10,3,0,0,0
2024,May,17.1,27.5,15.0,4.3,9.0,68.5,30.3,10,3,66.1,233.9,0,0,0,0,10,0,0,0,0
2024,April,11.6,27.3,30.0,-2.2,22.0,23.1,6.1,15,0,70.5,151.3,3,0,0,0,2,0,0,0,0
2024,March,8.2,21.3,30.0,-1.0,8.0,22.3,8.8,11,0,75.5,131.1,1,0,0,0,0,0,0,0,0
2024,February,7.5,16.7,16.0,-1.1,8.0,56.9,10.1,19,1,81.8,58.8,4,0,0,0,0,0,0,0,0
2024,January,2.2,12.7,24.0,-11.4,10.0,41.4,15.0,16,1,80.7,73.2,15,2,0,5,0,0,0,0,0
2023,December,4.9,13.2,24.0,-5.6,3.0,89.4,13.2,22,3,84.5,25.1,8,0,0,3,0,0,0,0,0
2023,November,6.5,14.4,1.0,-4.1,30.0,57.0,13.4,21,1,83.2,56.0,6,0,0,0,0,0,0,0,0
2023,October,12.8,26.7,2.0,-0.1,18.0,99.1,12.8,25,2,83.9,81.2,1,0,0,0,1,0,0,0,0
2023,September,18.4,31.3,11.0,7.2,26.0,22.8,12.3,6,1,72.6,246.6,0,0,0,0,17,6,0,0,0
2023,August,19.7,33.3,19.0,10.1,10.0,114.0,53.4,15,3,74.0,196.4,0,0,0,0,14,3,0,0,0
2023,July,19.9,34.7,15.0,10.2,7.0,43.1,15.1,13,1,63.7,239.0,0,0,0,0,17,4,0,0,0
2023,June,19.6,31.8,26.0,4.2,3.0,99.9,34.1,13,3,62.8,252.9,0,0,0,0,19,3,0,0,0
2023,May,14.3,27.9,21.0,1.2,3.0,4.4,1.9,4,0,62.6,256.7,0,0,0,0,4,0,0,0,0
2023,April,8.6,22.5,22.0,-2.7,3.0,46.1,9.7,16,0,71.6,163.2,6,0,0,0,0,0,0,0,0
2023,March,6.4,18.8,18.0,-5.2,1.0,64.4,12.5,23,2,78.4,85.8,7,0,0,0,0,0,0,0,0
2023,February,4.1,14.9,17.0,-6.1,7.0,33.4,11.4,12,1,82.4,75.4,12,0,0,1,0,0,0,0,0
2023,January,4.9,15.7,2.0,-3.6,20.0,39.8,11.6,18,1,83.0,35.6,9,0,0,0,0,0,0,0,0
2022,December,2.0,18.1,31.0,-11.8,15.0,59.5,14.1,21,1,88.8,27.3,14,3,0,10,0,0,0,0,0
2022,November,6.4,19.3,1.0,-6.2,19.0,35.5,12.5,12,1,85.7,88.6,5,0,0,0,0,0,0,0,0
2022,October,13.5,25.8,17.0,2.2,12.0,40.9,9.7,11,0,80.0,155.8,0,0,0,0,2,0,0,0,0
2022,September,14.7,28.0,5.0,4.0,30.0,41.6,17.0,15,1,72.2,157.6,0,0,0,0,4,0,0,0,0
2022,August,21.5,37.7,4.0,9.4,7.0,19.1,7.1,9,0,61.4,260.7,0,0,0,0,24,8,0,0,0
2022,July,20.2,38.2,20.0,9.0,28.0,25.2,6.5,10,0,57.0,261.1,0,0,0,0,18,7,0,0,0
2022,June,20.1,33.4,19.0,6.6,3.0,18.3,9.7,8,0,59.3,296.1,0,0,0,0,22,6,0,0,0
2022,May,15.7,28.9,11.0,3.9,9.0,27.5,7.0,13,0,64.4,247.2,0,0,0,0,5,0,0,0,0
2022,April,8.8,22.4,13.0,-5.4,3.0,30.8,9.8,9,0,67.5,180.1,5,0,0,0,0,0,0,0,0
2022,March,5.6,18.7,23.0,-4.1,3.0,2.8,2.1,3,0,63.5,232.7,19,0,0,0,0,0,0,0,0
2022,February,5.6,13.7,14.0,-3.2,27.0,44.7,11.8,19,1,78.0,81.0,6,0,0,0,0,0,0,0,0
2022,January,4.3,13.8,1.0,-2.0,16.0,20.5,3.9,17,0,86.0,31.7,7,0,0,0,0,0,0,0,0
2021,December,2.9,14.8,31.0,-12.6,26.0,22.1,7.3,12,0,89.1,42.5,17,2,0,2,0,0,0,0,0
2021,November,6.6,13.1,9.0,-1.9,28.0,35.8,25.6,10,1,86.5,43.1,3,0,0,0,0,0,0,0,0
2021,October,10.7,21.9,3.0,-0.2,10.0,24.8,10.2,12,1,80.0,128.3,1,0,0,0,0,0,0,0,0
2021,September,16.2,28.7,9.0,7.2,5.0,30.2,23.3,8,1,78.7,155.1,0,0,0,0,5,0,0,0,0
2021,August,17.8,29.8,13.0,7.4,25.0,94.3,27.7,14,3,73.2,150.1,0,0,0,0,5,0,0,0,0
2021,July,20.3,31.0,24.0,11.4,24.0,22.2,9.7,9,0,69.3,188.6,0,0,0,0,17,3,0,0,0
2021,June,20.5,34.6,18.0,7.9,1.0,59.1,21.0,9,3,66.7,251.2,0,0,0,0,18,5,0,0,0
2021,May,12.3,29.0,10.0,0.4,6.0,53.3,10.2,23,1,69.7,196.5,0,0,0,0,2,0,0,0,0
2021,April,7.0,20.2,1.0,-2.9,6.0,25.9,7.3,14,0,66.5,164.7,8,0,0,0,0,0,0,0,0
2021,March,5.8,24.4,31.0,-4.4,20.0,18.2,3.5,15,0,74.2,126.3,10,0,0,0,0,0,0,0,0
2021,February,1.3,19.8,24.0,-17.6,14.0,54.3,12.8,13,1,84.8,92.6,13,8,2,10,0,0,0,0,0
2021,January,1.3,11.5,21.0,-11.2,31.0,40.6,12.2,19,1,87.2,28.5,18,1,0,3,0,0,0,0,0
2020,December,3.7,14.4,22.0,-2.9,2.0,19.3,3.4,13,0,88.5,42.5,8,0,0,0,0,0,0,0,0
2020,November,7.4,21.1,2.0,-1.4,25.0,2.7,1.2,6,0,85.5,84.4,5,0,0,0,0,0,0,0,0
2020,October,11.6,21.4,3.0,3.2,20.0,52.4,9.9,21,0,82.5,78.4,0,0,0,0,0,0,0,0,0
2020,September,15.9,31.9,15.0,3.9,18.0,45.6,25.5,7,2,68.9,213.1,0,0,0,0,9,3,0,0,0
2020,August,21.5,35.6,9.0,10.1,5.0,65.5,32.4,13,3,64.4,233.2,0,0,0,0,20,11,1,0,0
2020,July,18.5,29.5,19.0,8.2,13.0,49.1,18.1,16,2,64.9,223.4,0,0,0,0,16,0,0,0,0
2020,June,18.9,31.2,27.0,6.1,6.0,55.4,45.6,12,1,65.3,228.4,0,0,0,0,16,2,0,0,0
2020,May,12.9,23.8,9.0,0.5,11.0,28.8,8.2,12,0,61.8,219.3,0,0,0,0,0,0,0,0,0
2020,April,11.2,24.3,12.0,-1.7,1.0,7.9,5.7,5,0,53.4,301.3,1,0,0,0,0,0,0,0,0
2020,March,6.1,17.8,18.0,-5.5,30.0,29.5,7.3,15,0,66.6,183.0,10,0,0,0,0,0,0,0,0
2020,February,6.4,17.6,16.0,0.4,8.0,78.3,11.3,22,2,76.2,63.1,0,0,0,0,0,0,0,0,0
2020,January,4.6,14.1,15.0,-5.3,2.0,22.1,5.1,16,0,83.1,65.3,11,0,0,0,0,0,0,0,0
2019,December,4.4,15.1,18.0,-3.7,29.0,35.9,15.2,16,1,83.5,62.8,9,0,0,0,0,0,0,0,0
2019,November,6.1,17.6,2.0,-2.5,1.0,31.5,5.6,19,0,87.2,60.7,5,0,0,0,0,0,0,0,0
2019,October,11.8,24.8,15.0,-4.3,31.0,54.8,17.6,13,2,80.2,124.5,3,0,0,0,0,0,0,0,0
2019,September,15.2,26.4,4.0,4.7,21.0,40.0,11.7,18,1,69.3,179.4,0,0,0,0,2,0,0,0,0
2019,August,20.9,34.0,31.0,9.4,22.0,26.3,8.4,11,0,61.0,239.4,0,0,0,0,23,6,0,0,0
2019,July,19.9,36.2,25.0,7.9,4.0,42.3,11.3,11,2,62.4,214.6,0,0,0,0,15,6,1,0,0
2019,June,21.8,37.5,30.0,10.8,9.0,70.2,28.1,11,2,58.5,333.2,0,0,0,0,26,11,0,0,0
2019,May,12.6,26.2,19.0,0.4,15.0,33.7,8.6,12,0,66.7,207.6,0,0,0,0,2,0,0,0,0
2019,April,10.8,25.1,25.0,0.2,10.0,22.8,9.8,10,0,59.9,241.6,0,0,0,0,1,0,0,0,0
2019,March,7.7,19.7,30.0,0.3,20.0,52.0,12.7,21,1,73.4,111.4,0,0,0,0,0,0,0,0,0
2019,February,5.2,18.6,27.0,-3.1,23.0,9.3,5.1,10,0,72.4,121.4,13,0,0,0,0,0,0,0,0
2019,January,1.9,8.7,13.0,-7.5,20.0,45.7,10.2,18,1,81.9,61.8,16,0,0,4,0,0,0,0,0
2018,December,5.1,14.6,3.0,-1.9,15.0,49.6,7.0,23,0,84.0,30.6,4,0,0,0,0,0,0,0,0
2018,November,5.7,17.5,7.0,-5.1,18.0,18.3,6.5,12,0,83.2,76.8,7,0,0,0,0,0,0,0,0
2018,October,11.4,27.4,12.0,1.0,8.0,8.6,2.8,8,0,73.6,146.8,0,0,0,0,3,0,0,0,0
2018,September,16.5,31.7,18.0,2.7,30.0,22.3,15.0,9,1,63.2,213.1,0,0,0,0,13,2,0,0,0
2018,August,21.0,36.1,7.0,9.0,29.0,54.8,30.3,12,1,59.0,269.2,0,0,0,0,20,10,2,0,0
2018,July,21.8,37.3,31.0,8.7,2.0,22.3,12.8,7,1,56.6,350.8,0,0,0,0,25,10,0,0,0
2018,June,19.2,31.9,9.0,8.8,14.0,6.7,2.4,7,0,65.1,222.7,0,0,0,0,15,4,0,0,0
2018,May,17.8,32.8,29.0,2.0,2.0,37.1,20.4,3,2,60.1,322.9,0,0,0,0,16,3,0,0,0
2018,April,13.4,27.6,20.0,-1.1,2.0,49.5,12.8,13,1,71.2,236.5,2,0,0,0,2,0,0,0,0
2018,March,2.6,16.7,11.0,-11.8,2.0,46.1,8.2,18,0,75.6,125.2,18,3,0,4,0,0,0,0,0
2018,February,-0.8,6.6,16.0,-12.5,27.0,5.4,3.3,5,0,77.2,125.0,25,2,0,5,0,0,0,0,0
2018,January,4.0,12.0,24.0,-2.8,8.0,54.1,7.7,20,0,86.1,48.5,10,0,0,0,0,0,0,0,0
2017,December,3.9,13.1,31.0,-2.6,1.0,29.5,5.0,18,0,85.7,35.3,9,0,0,0,0,0,0,0,0
2017,November,6.3,14.5,23.0,-1.0,30.0,47.9,8.1,17,0,87.8,42.5,3,0,0,0,0,0,0,0,0
2017,October,12.3,24.5,16.0,4.4,30.0,36.0,6.8,20,0,82.7,94.0,0,0,0,0,0,0,0,0,0
2017,September,14.4,24.8,5.0,4.4,17.0,30.5,10.7,18,1,78.3,126.0,0,0,0,0,0,0,0,0,0
2017,August,19.0,32.1,30.0,7.8,23.0,36.6,15.2,13,1,71.4,195.7,0,0,0,0,13,1,0,0,0
2017,July,19.0,31.4,30.0,10.5,18.0,95.2,21.9,25,3,73.5,178.3,0,0,0,0,12,2,0,0,0
2017,June,18.3,31.5,22.0,7.2,1.0,48.6,10.4,13,1,69.4,230.9,0,0,0,0,9,2,0,0,0
2017,May,15.3,30.0,29.0,1.9,11.0,46.2,13.1,16,1,70.8,218.9,0,0,0,0,9,1,0,0,0
2017,April,8.5,21.9,1.0,-3.3,20.0,14.4,6.0,13,0,68.5,152.2,4,0,0,0,0,0,0,0,0
2017,March,7.9,24.2,31.0,-1.5,13.0,36.8,8.9,15,0,72.1,145.3,3,0,0,0,0,0,0,0,0
2017,February,3.1,14.1,27.0,-6.7,14.0,27.0,10.8,12,1,82.2,62.8,14,0,0,3,0,0,0,0,0
2017,January,-0.7,5.6,29.0,-10.1,6.0,39.5,8.9,13,0,88.3,57.0,24,1,0,10,0,0,0,0,0
2016,December,3.5,12.0,26.0,-6.2,6.0,18.9,4.4,14,0,87.9,64.6,15,0,0,1,0,0,0,0,0
2016,November,4.3,14.1,22.0,-5.9,29.0,22.7,5.1,17,0,86.9,65.0,12,0,0,0,0,0,0,0,0
2016,October,9.5,18.2,16.0,3.2,24.0,57.8,13.5,19,2,88.0,47.0,0,0,0,0,0,0,0,0,0
2016,September,18.5,32.3,13.0,7.0,20.0,33.2,10.9,6,2,68.9,212.0,0,0,0,0,13,4,0,0,0
2016,August,19.1,36.5,26.0,8.0,11.0,12.4,6.1,11,0,66.2,217.4,0,0,0,0,13,5,0,0,0
2016,July,20.2,31.5,25.0,9.2,7.0,33.4,19.1,9,1,65.6,201.3,0,0,0,0,20,5,0,0,0
2016,June,18.8,34.3,24.0,9.1,20.0,43.7,20.1,11,1,70.2,253.1,0,0,0,0,9,2,0,0,0
2016,May,15.6,29.1,22.0,3.0,2.0,70.2,50.7,8,2,63.5,247.6,0,0,0,0,9,0,0,0,0
2016,April,9.0,21.0,4.0,-0.4,24.0,16.3,3.6,12,0,67.6,189.6,3,0,0,0,0,0,0,0,0
2016,March,5.0,14.9,27.0,-4.0,1.0,22.4,3.4,18,0,77.1,89.2,9,0,0,0,0,0,0,0,0
2016,February,4.1,13.2,22.0,-4.4,27.0,24.2,5.3,18,0,78.4,67.6,13,0,0,0,0,0,0,0,0
2016,January,0.7,12.2,27.0,-13.9,19.0,35.5,6.1,21,0,84.2,66.1,21,4,0,9,0,0,0,0,0
2015,December,7.7,15.9,26.0,-1.7,14.0,13.5,3.0,13,0,81.3,57.1,3,0,0,0,0,0,0,0,0
2015,November,8.3,19.1,7.0,-2.0,4.0,57.9,10.0,24,1,82.9,64.5,6,0,0,0,0,0,0,0,0
2015,October,8.8,20.2,5.0,0.2,12.0,55.2,11.6,15,2,87.3,106.1,0,0,0,0,0,0,0,0,0
2015,September,14.0,24.6,1.0,4.4,28.0,29.8,6.1,16,0,80.0,147.0,0,0,0,0,0,0,0,0,0
2015,August,21.1,34.9,14.0,7.6,1.0,111.2,33.4,11,4,69.4,263.3,0,0,0,0,23,9,0,0,0
2015,July,20.0,38.1,4.0,8.6,31.0,91.5,30.6,16,2,66.7,241.1,0,0,0,0,16,7,0,0,0
2015,June,16.6,30.7,5.0,6.0,17.0,24.2,9.9,10,0,64.6,217.5,0,0,0,0,7,1,0,0,0
2015,May,13.3,27.6,12.0,2.9,2.0,19.1,6.6,13,0,64.7,224.2,0,0,0,0,2,0,0,0,0
2015,April,9.3,23.8,15.0,-1.6,4.0,24.1,5.5,10,0,66.4,230.5,6,0,0,0,0,0,0,0,0
2015,March,6.2,18.6,8.0,-3.3,23.0,42.0,11.5,15,1,73.6,136.8,6,0,0,0,0,0,0,0,0
2015,February,1.8,9.9,20.0,-6.8,7.0,10.4,5.1,8,0,82.1,100.2,23,0,0,1,0,0,0,0,0
2015,January,3.3,14.1,10.0,-4.7,19.0,33.5,5.3,21,0,83.0,50.0,11,0,0,0,0,0,0,0,0
2014,December,3.3,13.5,18.0,-8.7,28.0,26.0,6.4,18,0,84.1,23.3,14,0,0,5,0,0,0,0,0
2014,November,7.1,19.5,1.0,-0.9,30.0,11.0,2.8,9,0,87.9,68.0,3,0,0,0,0,0,0,0,0
2014,October,12.7,23.4,19.0,-0.3,29.0,35.9,7.6,16,0,85.6,110.5,1,0,0,0,0,0,0,0,0
2014,September,16.2,27.0,5.0,6.1,28.0,41.7,11.9,14,1,81.5,132.9,0,0,0,0,4,0,0,0,0
2014,August,17.2,30.1,2.0,6.7,25.0,121.0,51.0,18,3,71.6,188.4,0,0,0,0,7,1,0,0,0
2014,July,21.1,34.4,20.0,9.2,2.0,122.5,56.9,13,3,70.0,230.7,0,0,0,0,22,6,0,0,0
2014,June,16.6,33.0,8.0,5.6,1.0,25.0,6.9,15,0,71.4,224.5,0,0,0,0,5,3,0,0,0
2014,May,13.3,29.0,22.0,2.4,5.0,84.5,38.3,15,2,73.9,196.8,0,0,0,0,4,0,0,0,0
2014,April,12.2,23.6,25.0,-0.7,16.0,23.9,5.6,16,0,73.3,194.3,1,0,0,0,0,0,0,0,0
2014,March,7.8,21.2,20.0,-1.4,1.0,7.1,1.9,9,0,75.5,152.0,6,0,0,0,0,0,0,0,0
2014,February,5.1,14.8,25.0,-3.5,1.0,16.4,7.1,11,0,79.5,95.9,7,0,0,0,0,0,0,0,0
2014,January,1.3,12.8,9.0,-12.7,26.0,30.5,6.6,19,0,89.3,42.9,15,2,0,9,0,0,0,0,0
2013,December,4.5,12.3,24.0,-4.1,14.0,31.6,9.3,12,0,86.5,42.3,10,0,0,0,0,0,0,0,0
2013,November,5.5,16.0,7.0,-3.1,26.0,58.1,13.7,18,1,88.4,52.6,9,0,0,0,0,0,0,0,0
2013,October,11.6,22.0,22.0,0.9,2.0,83.4,22.5,16,3,81.5,101.0,0,0,0,0,0,0,0,0,0
2013,September,14.1,28.9,7.0,3.1,28.0,47.0,21.4,17,1,79.7,108.6,0,0,0,0,3,0,0,0,0
2013,August,19.4,36.3,2.0,8.4,15.0,24.2,8.6,10,0,66.0,219.3,0,0,0,0,13,4,0,0,0
2013,July,20.7,34.4,27.0,10.9,11.0,42.5,14.4,8,2,66.7,307.7,0,0,0,0,22,7,1,0,0
2013,June,17.3,34.3,19.0,6.8,5.0,21.1,9.7,12,0,70.1,245.4,0,0,0,0,8,3,0,0,0
2013,May,13.4,26.3,15.0,3.1,23.0,133.3,31.2,20,4,76.9,149.1,0,0,0,0,3,0,0,0,0
2013,April,9.2,24.9,15.0,-6.7,1.0,26.1,11.1,8,1,69.2,136.0,7,0,0,0,0,0,0,0,0
2013,March,-0.3,14.1,6.0,-10.6,24.0,33.7,10.1,15,1,76.8,125.7,28,1,0,4,0,0,0,0,0
2013,February,0.2,8.7,4.0,-6.8,11.0,38.4,7.2,18,0,87.4,33.1,19,0,0,4,0,0,0,0,0
2013,January,0.7,13.2,30.0,-13.6,25.0,38.4,5.2,22,0,85.7,27.4,19,3,0,13,0,0,0,0,0
2012,December,1.8,12.7,25.0,-11.5,8.0,50.8,10.3,23,1,86.5,35.9,16,1,0,5,0,0,0,0,0
2012,November,5.7,13.7,25.0,-1.9,14.0,32.4,6.3,16,0,87.1,44.3,8,0,0,1,0,0,0,0,0
2012,October,9.7,25.1,20.0,-3.9,29.0,28.1,8.8,15,0,80.2,133.0,3,0,0,0,1,0,0,0,0
2012,September,15.2,31.5,10.0,5.4,23.0,21.8,9.4,12,0,69.9,176.6,0,0,0,0,4,1,0,0,0
2012,August,19.3,35.9,19.0,7.3,13.0,33.8,10.7,12,1,67.6,231.7,0,0,0,0,14,2,1,0,0
2012,July,18.6,33.5,25.0,9.0,23.0,61.2,9.5,19,0,71.6,197.7,0,0,0,0,11,3,0,0,0
2012,June,15.8,31.4,29.0,5.7,1.0,76.8,15.0,16,4,75.3,144.9,0,0,0,0,4,2,0,0,0
2012,May,15.4,31.6,22.0,1.8,14.0,34.4,12.2,12,2,64.9,243.1,0,0,0,0,11,2,0,0,0
2012,April,9.3,30.7,28.0,-3.1,8.0,17.2,5.9,12,0,69.3,145.3,7,0,0,0,2,1,0,0,0
2012,March,7.9,20.9,16.0,-2.9,7.0,5.4,2.4,8,0,73.8,145.5,5,0,0,0,0,0,0,0,0
2012,February,-1.5,12.3,24.0,-19.7,6.0,14.7,3.2,13,0,80.9,102.3,20,12,5,13,0,0,0,0,0
2012,January,2.6,13.7,2.0,-10.3,31.0,66.7,9.2,20,0,83.1,55.0,12,1,0,5,0,0,0,0,0
2011,December,5.0,12.8,2.0,-0.7,11.0,47.8,17.6,25,1,82.2,36.8,4,0,0,0,0,0,0,0,0
2011,November,4.5,15.3,3.0,-3.5,14.0,0.5,0.5,1,0,90.1,81.8,12,0,0,0,0,0,0,0,0
2011,October,10.3,26.9,1.0,-0.9,22.0,32.6,10.4,8,1,80.1,163.1,1,0,0,0,3,0,0,0,0
2011,September,16.4,30.0,3.0,6.2,24.0,41.8,27.5,7,1,73.4,184.6,0,0,0,0,6,1,0,0,0
2011,August,18.9,32.3,26.0,8.5,31.0,76.0,20.4,20,2,72.2,174.1,0,0,0,0,15,2,1,0,0
2011,July,17.5,29.5,6.0,9.3,1.0,90.8,17.5,15,3,71.7,155.2,0,0,0,0,11,0,0,0,0
2011,June,18.0,31.9,5.0,6.3,2.0,63.4,14.2,17,2,66.7,268.5,0,0,0,0,11,4,0,0,0
2011,May,14.9,29.6,30.0,1.4,5.0,18.6,6.8,11,0,61.2,288.2,0,0,0,0,7,0,0,0,0
2011,April,12.8,25.5,23.0,1.8,14.0,36.1,14.3,6,2,63.2,225.3,0,0,0,0,1,0,0,0,0
2011,March,5.3,17.7,30.0,-7.3,7.0,12.6,5.5,9,0,71.3,197.0,17,0,0,0,0,0,0,0,0
2011,February,1.0,11.8,6.0,-10.9,23.0,7.1,2.1,9,0,75.8,89.3,22,2,0,7,0,0,0,0,0
2011,January,1.8,12.0,14.0,-9.3,29.0,41.4,9.3,18,0,89.2,60.7,15,0,0,4,0,0,0,0,0
2010,December,-4.1,5.9,11.0,-17.2,19.0,63.3,8.4,23,0,91.2,23.7,29,12,4,20,0,0,0,0,0
2010,November,5.2,17.3,14.0,-5.9,28.0,87.5,16.4,19,2,88.3,28.1,9,0,0,3,0,0,0,0,0
2010,October,8.9,20.9,6.0,-0.1,18.0,15.6,7.8,8,0,81.8,142.7,1,0,0,0,0,0,0,0,0
2010,September,13.5,24.9,23.0,5.1,6.0,127.2,29.4,15,6,80.0,146.5,0,0,0,0,0,0,0,0,0
2010,August,18.0,30.7,21.0,7.2,30.0,117.6,21.2,22,4,75.6,124.2,0,0,0,0,9,1,0,0,0
2010,July,21.9,36.0,10.0,10.3,7.0,29.3,11.3,8,1,60.9,292.1,0,0,0,0,21,10,2,0,0
2010,June,17.5,30.1,29.0,6.8,16.0,9.0,3.3,9,0,64.7,289.6,0,0,0,0,13,1,0,0,0
2010,May,11.1,22.4,24.0,-0.1,5.0,192.9,47.5,24,8,77.5,105.9,1,0,0,0,0,0,0,0,0
2010,April,9.7,25.0,29.0,-1.0,2.0,12.4,7.9,11,0,62.4,198.9,2,0,0,0,1,0,0,0,0
2010,March,5.0,22.1,26.0,-12.0,7.0,42.7,8.8,16,0,74.3,134.1,11,1,0,1,0,0,0,0,0
2010,February,-0.7,12.8,28.0,-12.7,17.0,26.2,4.3,17,0,82.4,56.2,24,3,0,10,0,0,0,0,0
2010,January,-4.4,3.4,19.0,-16.9,7.0,30.8,7.0,15,0,86.2,25.0,28,9,4,22,0,0,0,0,0
2009,December,0.6,9.3,6.0,-17.3,20.0,61.9,9.5,20,0,87.5,43.8,19,3,2,6,0,0,0,0,0
2009,November,8.4,16.8,20.0,0.8,1.0,61.5,14.6,20,1,82.5,60.5,0,0,0,0,0,0,0,0,0
2009,October,8.6,23.0,7.0,-1.7,31.0,81.9,11.1,22,3,83.7,82.6,2,0,0,0,0,0,0,0,0
2009,September,15.8,33.1,1.0,5.6,30.0,22.7,8.4,12,0,71.1,189.6,0,0,0,0,4,1,0,0,0
2009,August,20.2,35.5,20.0,9.4,31.0,20.7,12.9,8,1,60.8,265.6,0,0,0,0,22,4,0,0,0
2009,July,19.4,30.0,3.0,9.0,12.0,60.7,10.4,18,2,69.4,226.9,0,0,0,0,15,1,0,0,0
2009,June,15.5,27.6,30.0,3.0,6.0,51.6,11.8,15,1,72.9,189.0,0,0,0,0,3,0,0,0,0
2009,May,14.7,28.7,26.0,4.4,12.0,103.6,26.7,17,3,67.5,256.3,0,0,0,0,2,0,0,0,0
2009,April,13.1,23.8,7.0,0.9,1.0,12.4,9.8,6,0,64.3,265.7,0,0,0,0,0,0,0,0,0
2009,March,5.6,14.3,31.0,-2.1,21.0,39.3,6.9,17,0,79.3,99.8,6,0,0,0,0,0,0,0,0
2009,February,1.5,8.8,27.0,-6.1,18.0,35.0,5.1,18,0,87.3,37.7,16,0,0,2,0,0,0,0,0
2009,January,-1.7,6.1,24.0,-19.8,7.0,22.5,9.4,10,0,87.9,62.6,28,9,2,9,0,0,0,0,0
2008,December,1.9,10.4,22.0,-9.5,31.0,26.5,13.9,17,1,88.4,41.8,14,0,0,5,0,0,0,0,0
2008,November,6.0,15.5,11.0,-3.7,24.0,15.9,5.7,12,0,86.6,34.3,7,0,0,0,0,0,0,0,0
2008,October,10.2,22.1,13.0,0.7,31.0,38.2,15.5,17,1,81.8,111.6,0,0,0,0,0,0,0,0,0
2008,September,13.7,25.0,9.0,3.6,19.0,44.0,10.2,12,1,76.1,132.1,0,0,0,0,1,0,0,0,0
2008,August,18.7,34.3,7.0,8.9,16.0,45.0,9.9,12,0,67.4,186.8,0,0,0,0,9,2,0,0,0
2008,July,19.3,32.9,3.0,10.1,17.0,81.8,25.3,16,2,68.5,221.6,0,0,0,0,13,8,0,0,0
2008,June,18.1,30.9,2.0,6.5,17.0,42.1,10.8,14,1,63.5,308.4,0,0,0,0,12,2,0,0,0
2008,May,15.5,30.7,30.0,4.4,20.0,3.1,2.5,3,0,63.3,289.2,0,0,0,0,5,2,0,0,0
2008,April,8.8,23.0,28.0,0.7,7.0,73.1,14.3,16,1,76.9,136.0,0,0,0,0,0,0,0,0,0
2008,March,5.2,19.1,30.0,-5.4,24.0,41.3,10.6,20,1,74.5,125.3,11,0,0,0,0,0,0,0,0
2008,February,4.9,13.9,26.0,-6.4,16.0,15.0,9.0,10,0,76.3,114.7,9,0,0,0,0,0,0,0,0
2008,January,4.7,13.4,19.0,-6.7,4.0,67.3,14.0,17,1,81.7,60.6,7,0,0,2,0,0,0,0,0
2007,December,2.5,14.2,7.0,-8.1,23.0,20.8,5.1,14,0,85.1,49.1,13,0,0,6,0,0,0,0,0
2007,November,4.9,15.4,3.0,-2.7,28.0,52.6,9.4,24,0,85.7,41.5,8,0,0,0,0,0,0,0,0
2007,October,9.0,19.8,15.0,-1.5,22.0,19.2,5.4,11,0,82.0,108.2,4,0,0,0,0,0,0,0,0
2007,September,14.2,26.4,24.0,5.7,20.0,103.8,26.3,14,5,75.8,143.3,0,0,0,0,1,0,0,0,0
2007,August,18.2,30.0,9.0,6.7,29.0,86.7,24.1,10,2,71.8,210.1,0,0,0,0,11,1,0,0,0
2007,July,18.8,38.1,16.0,9.6,11.0,82.1,31.2,18,2,68.7,189.4,0,0,0,0,12,3,0,0,0
2007,June,18.8,31.9,9.0,8.4,1.0,130.7,52.4,19,4,72.3,204.5,0,0,0,0,12,5,0,0,0
2007,May,15.3,30.4,21.0,1.7,1.0,90.8,22.5,17,4,69.6,229.3,0,0,0,0,7,2,0,0,0
2007,April,11.9,27.7,27.0,-0.8,21.0,5.2,3.9,3,0,60.8,263.4,2,0,0,0,5,0,0,0,0
2007,March,7.6,19.1,13.0,-1.9,20.0,49.2,16.3,14,2,72.4,171.6,3,0,0,0,0,0,0,0,0
2007,February,4.5,12.9,21.0,-4.7,7.0,37.5,5.5,18,0,83.9,59.4,10,0,0,0,0,0,0,0,0
2007,January,5.9,14.9,9.0,-8.0,26.0,66.8,22.0,21,1,77.9,48.1,7,0,0,2,0,0,0,0,0
2006,December,5.9,15.3,5.0,-4.0,27.0,24.6,7.6,13,0,83.4,60.2,3,0,0,1,0,0,0,0,0
2006,November,8.2,17.2,16.0,-1.3,2.0,28.1,6.4,19,0,81.0,80.1,2,0,0,0,0,0,0,0,0
2006,October,13.2,24.2,1.0,1.6,18.0,29.8,9.9,15,0,77.5,117.9,0,0,0,0,0,0,0,0,0
2006,September,18.4,29.0,13.0,8.3,10.0,11.4,4.7,4,0,66.1,232.7,0,0,0,0,16,0,0,0,0
2006,August,17.3,29.0,19.0,8.7,14.0,56.3,6.9,25,0,72.4,144.2,0,0,0,0,5,0,0,0,0
2006,July,23.6,37.3,20.0,10.3,15.0,28.0,14.0,8,1,56.2,351.6,0,0,0,0,29,18,1,0,0
2006,June,17.6,31.6,25.0,3.1,2.0,38.4,9.5,10,0,68.5,269.5,0,0,0,0,14,3,0,0,0
2006,May,14.1,26.0,12.0,1.1,1.0,60.3,15.6,15,2,66.0,240.3,0,0,0,0,2,0,0,0,0
2006,April,9.1,22.3,25.0,-0.8,5.0,32.0,5.9,19,0,73.0,136.5,3,0,0,0,0,0,0,0,0
2006,March,1.9,18.9,27.0,-9.8,13.0,33.3,7.0,15,0,81.7,118.9,24,0,0,1,0,0,0,0,0
2006,February,0.0,8.1,19.0,-10.1,6.0,29.1,11.9,15,1,88.2,56.8,21,1,0,4,0,0,0,0,0
2006,January,-2.6,6.8,11.0,-14.6,23.0,21.6,8.3,8,0,88.1,105.8,29,6,0,12,0,0,0,0,0
2005,December,1.5,8.1,5.0,-8.9,30.0,45.0,8.5,19,0,90.9,57.1,21,0,0,4,0,0,0,0,0
2005,November,4.9,18.8,3.0,-4.8,27.0,40.1,7.9,16,0,89.2,87.7,11,0,0,0,0,0,0,0,0
2005,October,11.2,20.8,9.0,0.4,16.0,37.6,18.4,6,1,84.8,169.9,0,0,0,0,0,0,0,0,0
2005,September,15.8,30.1,1.0,2.7,18.0,62.0,23.5,8,2,75.5,222.7,0,0,0,0,8,2,0,0,0
2005,August,16.6,28.4,29.0,8.0,8.0,52.4,13.2,13,2,75.5,179.3,0,0,0,0,8,0,0,0,0
2005,July,18.8,31.9,15.0,11.3,20.0,56.0,14.0,16,1,72.4,203.8,0,0,0,0,15,2,0,0,0
2005,June,16.4,31.4,21.0,3.8,9.0,18.0,7.3,8,0,67.0,261.1,0,0,0,0,10,2,0,0,0
2005,May,13.3,32.4,28.0,1.2,19.0,57.6,14.8,19,2,73.2,217.1,0,0,0,0,6,3,0,0,0
2005,April,10.1,21.6,15.0,-3.9,21.0,24.1,7.7,10,0,65.0,205.0,5,0,0,0,0,0,0,0,0
2005,March,4.2,18.5,16.0,-8.1,7.0,27.6,13.1,13,1,76.6,128.8,14,0,0,3,0,0,0,0,0
2005,February,-0.1,11.9,12.0,-12.6,28.0,29.9,8.1,13,0,85.8,81.8,23,1,0,4,0,0,0,0,0
2005,January,3.1,14.0,10.0,-8.5,27.0,42.9,8.5,17,0,84.5,66.4,12,0,0,3,0,0,0,0,0
2004,December,2.0,9.3,24.0,-7.9,22.0,12.1,5.9,12,0,90.5,55.1,19,0,0,2,0,0,0,0,0
2004,November,5.0,14.3,4.0,-4.1,26.0,54.6,15.0,15,2,90.7,60.9,8,0,0,0,0,0,0,0,0
2004,October,10.3,24.7,5.0,-0.6,10.0,16.2,5.7,11,0,80.9,132.5,1,0,0,0,0,0,0,0,0
2004,September,14.5,26.6,4.0,4.2,17.0,23.8,9.1,11,0,72.6,196.2,0,0,0,0,5,0,0,0,0
2004,August,19.5,31.0,10.0,6.8,23.0,51.6,11.3,13,1,68.2,231.3,0,0,0,0,18,5,0,0,0
2004,July,17.0,29.2,31.0,7.4,7.0,76.5,19.3,19,2,76.6,204.8,0,0,0,0,8,0,0,0,0
2004,June,15.6,26.6,8.0,5.5,20.0,53.6,18.7,18,1,75.5,186.9,0,0,0,0,1,0,0,0,0
2004,May,12.2,23.7,30.0,2.1,22.0,44.8,13.6,14,1,76.3,161.9,0,0,0,0,0,0,0,0,0
2004,April,9.9,23.4,30.0,-2.0,11.0,30.3,11.0,10,1,71.6,178.7,2,0,0,0,0,0,0,0,0
2004,March,4.9,20.8,17.0,-6.5,4.0,17.3,5.1,10,0,76.0,133.0,14,0,0,0,0,0,0,0,0
2004,February,3.4,15.0,4.0,-6.8,28.0,20.3,4.4,15,0,78.8,65.2,16,0,0,0,0,0,0,0,0
2004,January,-0.1,9.6,31.0,-11.3,5.0,71.5,16.0,18,2,88.3,39.5,22,2,0,12,0,0,0,0,0
2003,December,2.3,11.4,13.0,-7.6,23.0,29.5,8.9,13,0,86.5,84.2,16,0,0,1,0,0,0,0,0
2003,November,6.7,15.7,24.0,-3.3,13.0,20.7,10.5,10,1,89.8,78.1,3,0,0,0,0,0,0,0,0
2003,October,6.2,16.3,1.0,-6.5,24.0,48.6,13.8,13,2,85.3,121.5,11,0,0,0,0,0,0,0,0
2003,September,14.7,29.9,20.0,3.5,25.0,59.4,24.0,12,2,74.2,194.4,0,0,0,0,5,0,0,0,0
2003,August,20.6,35.1,12.0,8.7,17.0,30.0,21.6,6,1,58.3,289.6,0,0,0,0,19,13,0,0,0
2003,July,19.7,33.0,20.0,9.1,11.0,46.9,15.8,17,1,67.8,225.1,0,0,0,0,16,5,0,0,0
2003,June,19.1,31.5,23.0,8.2,26.0,53.1,33.3,8,1,66.2,312.5,0,0,0,0,14,5,0,0,0
2003,May,14.9,29.8,5.0,3.3,16.0,32.6,9.2,10,0,67.7,221.7,0,0,0,0,5,0,0,0,0
2003,April,8.9,21.8,22.0,-6.0,9.0,18.8,4.0,11,0,60.7,220.3,11,0,0,0,0,0,0,0,0
2003,March,5.0,18.3,24.0,-5.2,22.0,10.4,4.3,8,0,76.5,162.8,14,0,0,0,0,0,0,0,0
2003,February,-2.0,10.9,27.0,-11.2,18.0,6.3,2.4,7,0,81.9,114.2,28,3,0,11,0,0,0,0,0
2003,January,0.1,10.0,28.0,-15.8,9.0,44.7,15.3,17,1,88.1,52.6,18,4,1,9,0,0,0,0,0
2002,December,-1.8,8.0,29.0,-14.4,13.0,61.8,21.8,18,3,90.2,47.9,24,6,0,13,0,0,0,0,0
2002,November,4.7,11.4,18.0,-3.9,6.0,88.9,21.6,19,3,92.0,51.9,6,0,0,0,0,0,0,0,0
2002,October,8.3,19.7,1.0,-0.3,8.0,58.5,7.3,19,0,81.8,106.3,1,0,0,0,0,0,0,0,0
2002,September,14.1,27.3,9.0,1.3,25.0,19.0,4.6,10,0,75.0,162.8,0,0,0,0,3,0,0,0,0
2002,August,20.2,30.7,1.0,12.5,6.0,91.3,45.1,9,3,75.5,228.8,0,0,0,0,20,1,0,0,0
2002,July,18.2,32.9,9.0,8.2,5.0,87.7,37.7,15,3,74.4,166.6,0,0,0,0,9,5,0,0,0
2002,June,17.1,32.1,18.0,5.9,2.0,116.7,62.4,11,3,73.6,205.0,0,0,0,0,5,1,0,0,0
2002,May,14.9,26.5,22.0,7.2,30.0,69.3,23.9,12,3,75.4,179.5,0,0,0,0,1,0,0,0,0
2002,April,8.1,18.9,25.0,-4.1,8.0,32.4,11.9,13,1,73.4,150.9,6,0,0,0,0,0,0,0,0
2002,March,5.5,18.4,18.0,-3.8,28.0,28.1,8.0,12,0,75.0,96.8,6,0,0,0,0,0,0,0,0
2002,February,5.5,16.6,2.0,-5.3,16.0,54.8,7.7,17,0,74.9,103.2,7,0,0,0,0,0,0,0,0
2002,January,2.1,14.5,28.0,-12.9,5.0,23.4,5.0,16,0,83.7,71.8,16,2,0,4,0,0,0,0,0
2001,December,0.1,7.9,5.0,-12.8,23.0,66.7,8.4,21,0,87.0,27.1,20,2,0,4,0,0,0,0,0
2001,November,4.8,12.2,2.0,-3.7,10.0,27.3,3.8,18,0,86.2,51.5,8,0,0,0,0,0,0,0,0
2001,October,12.6,25.3,13.0,5.0,21.0,31.8,8.8,13,0,85.2,112.1,0,0,0,0,1,0,0,0,0
2001,September,12.8,21.7,1.0,7.3,19.0,74.5,12.1,22,1,84.3,77.0,0,0,0,0,0,0,0,0,0
2001,August,19.3,34.4,15.0,8.1,30.0,36.2,7.3,14,0,70.7,197.3,0,0,0,0,10,6,0,0,0
2001,July,19.3,30.8,28.0,9.8,3.0,94.4,30.1,12,2,68.9,256.0,0,0,0,0,14,2,0,0,0
2001,June,14.6,29.4,27.0,4.8,13.0,55.6,12.4,18,1,75.8,178.7,0,0,0,0,2,0,0,0,0
2001,May,14.8,27.1,3.0,4.7,23.0,22.9,9.9,11,0,64.1,300.0,0,0,0,0,3,0,0,0,0
2001,April,8.0,23.1,30.0,-2.6,14.0,30.6,7.1,19,0,75.2,142.3,6,0,0,0,0,0,0,0,0
2001,March,3.5,14.7,11.0,-5.3,20.0,65.6,17.5,23,3,83.4,87.2,15,0,0,0,0,0,0,0,0
2001,February,2.1,14.5,8.0,-8.8,24.0,31.4,8.8,17,0,84.4,65.2,19,0,0,4,0,0,0,0,0
2001,January,0.9,9.2,6.0,-8.2,1.0,34.0,6.2,14,0,87.3,67.2,17,0,0,6,0,0,0,0,0
2000,December,3.2,14.5,12.0,-10.6,23.0,38.1,8.7,16,0,85.1,76.1,13,1,0,5,0,0,0,0,0
2000,November,6.4,13.4,7.0,0.3,25.0,24.4,6.1,10,0,83.0,86.4,0,0,0,0,0,0,0,0,0
2000,October,11.6,23.5,1.0,5.2,18.0,28.0,8.6,13,0,79.6,106.2,0,0,0,0,0,0,0,0,0
2000,September,14.2,25.8,12.0,2.9,23.0,39.2,13.1,9,2,76.6,131.3,0,0,0,0,1,0,0,0,0
2000,August,18.1,31.9,14.0,8.1,24.0,86.3,24.8,16,3,70.1,235.3,0,0,0,0,10,1,0,0,0
2000,July,16.2,25.0,24.0,7.1,1.0,35.2,10.7,17,1,73.5,116.1,0,0,0,0,1,0,0,0,0
2000,June,17.4,33.6,20.0,6.0,17.0,49.7,22.6,13,1,65.4,248.5,0,0,0,0,11,4,0,0,0
2000,May,15.5,28.9,16.0,4.1,31.0,25.7,5.8,10,0,61.7,294.8,0,0,0,0,9,0,0,0,0
2000,April,11.2,27.2,23.0,-2.2,6.0,20.7,11.0,9,1,70.7,192.5,3,0,0,0,2,0,0,0,0
2000,March,5.8,13.7,22.0,-1.0,4.0,55.2,8.3,20,0,81.4,77.0,4,0,0,0,0,0,0,0,0
2000,February,4.5,16.7,28.0,-2.5,21.0,38.4,10.2,19,1,80.9,87.2,9,0,0,0,0,0,0,0,0
2000,January,1.6,10.9,31.0,-10.3,25.0,34.8,11.0,14,1,85.3,84.5,19,1,0,3,0,0,0,0,0
1999,December,3.0,11.9,12.0,-4.2,22.0,53.2,13.0,22,1,82.7,44.8,13,0,0,0,0,0,0,0,0
1999,November,4.1,15.7,2.0,-6.4,16.0,18.4,3.4,14,0,87.6,59.1,13,0,0,1,0,0,0,0,0
1999,October,9.7,18.6,2.0,-3.3,19.0,12.6,3.8,14,0,79.1,121.1,5,0,0,0,0,0,0,0,0
1999,September,17.7,29.1,12.0,6.8,17.0,22.3,5.5,7,0,68.8,220.4,0,0,0,0,13,0,0,0,0
1999,August,17.6,30.1,4.0,6.4,24.0,56.5,8.9,16,0,66.7,175.4,0,0,0,0,10,1,0,0,0
1999,July,20.1,33.5,5.0,9.3,28.0,25.7,18.3,9,1,66.0,239.4,0,0,0,0,18,3,0,0,0
1999,June,15.9,27.1,2.0,5.9,23.0,73.9,29.7,12,2,71.7,222.4,0,0,0,0,1,0,0,0,0
1999,May,14.4,28.9,28.0,4.9,17.0,47.9,16.0,11,1,64.9,259.9,0,0,0,0,4,0,0,0,0
1999,April,9.9,20.3,24.0,-1.6,19.0,24.5,7.0,13,0,73.3,175.8,2,0,0,0,0,0,0,0,0
1999,March,5.7,20.5,25.0,-2.4,8.0,41.9,19.6,16,1,78.0,117.9,5,0,0,0,0,0,0,0,0
1999,February,1.1,13.0,27.0,-12.3,12.0,36.0,4.8,20,0,82.8,64.2,15,3,0,4,0,0,0,0,0
1999,January,3.3,16.5,6.0,-6.3,31.0,26.1,4.3,18,0,82.0,51.2,13,0,0,5,0,0,0,0,0
1998,December,1.2,11.8,28.0,-11.4,9.0,21.0,4.4,14,0,81.5,79.8,20,2,0,10,0,0,0,0,0
1998,November,1.6,11.3,9.0,-8.8,22.0,39.6,12.1,16,1,85.8,57.7,17,0,0,4,0,0,0,0,0
1998,October,8.6,18.2,17.0,-0.6,19.0,96.2,18.0,22,6,79.7,71.8,1,0,0,0,0,0,0,0,0
1998,September,14.0,23.9,9.0,4.6,15.0,45.8,12.9,16,1,80.1,95.7,0,0,0,0,0,0,0,0,0
1998,August,17.1,34.3,12.0,7.9,30.0,35.8,11.8,14,1,66.5,209.3,0,0,0,0,8,3,0,0,0
1998,July,16.8,33.3,20.0,8.2,7.0,41.1,6.6,18,0,72.1,173.6,0,0,0,0,4,2,0,0,0
1998,June,17.2,31.3,6.0,4.6,14.0,75.4,24.6,19,1,71.8,201.2,0,0,0,0,6,2,0,0,0
1998,May,15.0,29.3,12.0,3.4,5.0,28.9,22.9,8,1,67.7,249.7,0,0,0,0,6,0,0,0,0
1998,April,10.0,21.8,30.0,-0.3,15.0,64.4,10.1,19,1,77.2,133.1,1,0,0,0,0,0,0,0,0
1998,March,5.3,19.8,31.0,-5.6,25.0,39.2,9.6,15,0,78.3,120.7,14,0,0,0,0,0,0,0,0
1998,February,5.7,17.1,21.0,-12.0,2.0,2.8,1.7,4,0,78.8,96.3,7,2,0,2,0,0,0,0,0
1998,January,3.2,13.8,10.0,-8.4,31.0,32.6,6.3,15,0,86.8,64.3,12,0,0,3,0,0,0,0,0
1997,December,2.1,11.5,26.0,-12.4,17.0,69.5,14.0,21,2,90.4,37.0,13,2,0,3,0,0,0,0,0
1997,November,3.7,16.6,7.0,-3.6,20.0,31.8,12.8,10,1,88.8,50.5,13,0,0,0,0,0,0,0,0
1997,October,8.1,23.7,7.0,-6.7,28.0,32.8,9.4,16,0,80.6,122.2,7,0,0,0,0,0,0,0,0
1997,September,14.0,29.1,1.0,2.5,28.0,11.4,3.9,6,0,73.9,205.4,0,0,0,0,4,0,0,0,0
1997,August,21.0,32.4,25.0,10.7,2.0,40.6,22.8,7,2,67.8,262.7,0,0,0,0,26,8,0,0,0
1997,July,18.1,28.2,22.0,9.8,2.0,117.9,30.8,14,4,76.3,205.6,0,0,0,0,13,0,0,0,0
1997,June,17.1,33.1,29.0,5.2,1.0,33.3,12.4,12,1,65.9,274.2,0,0,0,0,11,1,0,0,0
1997,May,13.4,29.5,17.0,0.7,25.0,44.9,10.0,14,1,73.0,237.8,0,0,0,0,4,0,0,0,0
1997,April,6.7,17.6,28.0,-4.1,7.0,24.8,8.5,14,0,69.7,181.7,10,0,0,0,0,0,0,0,0
1997,March,5.5,19.7,2.0,-3.9,18.0,33.6,7.6,13,0,82.1,119.2,8,0,0,0,0,0,0,0,0
1997,February,4.5,13.8,28.0,-6.4,2.0,51.6,16.4,15,1,80.6,98.7,8,0,0,0,0,0,0,0,0
1997,January,-2.8,9.6,23.0,-22.5,2.0,17.4,5.6,7,0,89.4,76.0,25,5,2,12,0,0,0,0,0
1996,December,-2.9,8.2,4.0,-19.4,29.0,21.0,6.3,7,0,88.0,66.3,26,10,4,12,0,0,0,0,0
1996,November,4.8,15.8,5.0,-2.7,24.0,53.2,15.2,21,1,87.7,45.2,9,0,0,0,0,0,0,0,0
1996,October,9.3,19.6,13.0,1.6,25.0,50.0,19.2,13,1,86.4,103.7,0,0,0,0,0,0,0,0,0
1996,September,11.1,22.0,3.0,3.9,17.0,45.1,12.0,10,2,80.5,121.1,0,0,0,0,0,0,0,0,0
1996,August,18.0,30.0,20.0,8.5,4.0,85.5,19.6,13,2,74.3,191.8,0,0,0,0,9,1,0,0,0
1996,July,16.0,27.7,23.0,6.5,19.0,76.4,16.7,13,3,74.6,185.5,0,0,0,0,7,0,0,0,0
1996,June,15.6,31.4,7.0,5.8,17.0,23.0,5.4,10,0,71.4,218.2,0,0,0,0,7,2,0,0,0
1996,May,11.7,30.3,31.0,-0.5,6.0,53.4,9.5,17,0,75.3,139.8,1,0,0,0,2,1,0,0,0
1996,April,9.5,29.1,22.0,-4.6,1.0,25.3,11.4,8,1,63.3,199.3,8,0,0,0,4,0,0,0,0
1996,March,1.0,11.9,23.0,-5.8,21.0,7.3,2.9,7,0,75.4,100.7,24,0,0,2,0,0,0,0,0
1996,February,-2.7,12.3,26.0,-17.7,6.0,19.6,6.9,15,0,79.4,84.2,25,8,3,12,0,0,0,0,0
1996,January,-4.0,7.8,13.0,-16.5,28.0,7.2,3.9,4,0,82.1,78.4,29,7,1,20,0,0,0,0,0
1995,December,-2.1,9.8,23.0,-12.2,29.0,21.9,13.0,10,1,83.8,27.6,30,2,0,16,0,0,0,0,0
1995,November,3.4,13.3,16.0,-4.7,21.0,35.3,7.7,13,0,83.0,62.1,16,0,0,0,0,0,0,0,0
1995,October,12.2,25.4,10.0,-0.8,22.0,10.8,4.3,10,0,83.8,132.5,1,0,0,0,3,0,0,0,0
1995,September,13.7,24.9,7.0,3.8,29.0,85.9,21.3,14,3,79.6,127.8,0,0,0,0,0,0,0,0,0
1995,August,19.2,32.4,23.0,6.5,30.0,23.2,10.2,9,1,63.8,262.7,0,0,0,0,24,9,0,0,0
1995,July,20.9,34.8,21.0,8.5,2.0,45.8,18.6,7,2,69.0,292.6,0,0,0,0,21,12,0,0,0
1995,June,15.0,29.1,27.0,6.3,9.0,54.5,18.0,13,2,76.1,207.1,0,0,0,0,8,0,0,0,0
1995,May,12.6,27.7,29.0,0.0,15.0,51.9,17.8,12,2,70.0,229.6,0,0,0,0,4,0,0,0,0
1995,April,9.1,26.0,22.0,-1.7,14.0,34.3,10.0,14,1,74.0,144.3,3,0,0,0,2,0,0,0,0
1995,March,3.7,16.5,24.0,-4.5,30.0,42.9,8.0,15,0,75.5,150.5,18,0,0,0,0,0,0,0,0
1995,February,5.2,15.1,21.0,-3.4,10.0,52.8,9.4,20,0,80.4,85.1,6,0,0,0,0,0,0,0,0
1995,January,0.9,12.8,26.0,-10.6,8.0,49.6,8.3,21,0,83.7,76.7,17,1,0,5,0,0,0,0,0
1994,December,3.9,13.4,11.0,-6.0,26.0,35.5,6.3,15,0,84.9,64.8,15,0,0,3,0,0,0,0,0
1994,November,7.2,17.1,20.0,-0.7,13.0,28.6,12.7,10,1,85.2,56.3,2,0,0,0,0,0,0,0,0
1994,October,7.6,20.0,15.0,-4.4,18.0,35.5,7.7,14,0,80.2,145.4,8,0,0,0,0,0,0,0,0
1994,September,13.7,23.6,2.0,4.6,23.0,63.8,12.8,15,1,82.2,114.1,0,0,0,0,0,0,0,0,0
1994,August,18.5,36.4,5.0,7.6,16.0,111.3,33.8,15,3,71.2,211.0,0,0,0,0,13,3,1,0,0
1994,July,22.5,35.5,31.0,10.0,1.0,30.9,16.2,6,1,60.5,340.7,0,0,0,0,28,16,0,0,0
1994,June,16.3,32.6,29.0,5.4,24.0,44.0,29.8,7,1,70.7,237.3,0,0,0,0,6,2,0,0,0
1994,May,13.5,24.0,14.0,2.1,2.0,84.6,31.3,14,2,71.2,216.2,0,0,0,0,0,0,0,0,0
1994,April,9.4,24.8,30.0,-0.9,10.0,69.0,29.0,8,2,70.6,176.3,3,0,0,0,0,0,0,0,0
1994,March,6.4,18.3,30.0,-1.2,11.0,78.0,9.5,25,0,78.6,93.9,4,0,0,0,0,0,0,0,0
1994,February,-0.7,12.3,28.0,-15.2,22.0,16.5,4.5,11,0,77.1,82.8,17,4,1,8,0,0,0,0,0
1994,January,3.7,11.8,13.0,-4.5,17.0,64.6,9.8,21,0,83.6,37.8,7,0,0,0,0,0,0,0,0
1993,December,3.3,13.7,19.0,-10.9,1.0,86.7,10.3,24,1,84.8,40.3,6,1,0,1,0,0,0,0,0
1993,November,0.1,10.3,11.0,-11.2,24.0,23.2,9.2,14,0,87.8,28.5,16,2,0,8,0,0,0,0,0
1993,October,8.4,21.9,5.0,-4.8,31.0,14.4,3.5,10,0,81.2,97.3,6,0,0,0,0,0,0,0,0
1993,September,12.5,25.2,21.0,1.1,19.0,47.2,16.6,14,1,82.2,108.5,0,0,0,0,1,0,0,0,0
1993,August,16.0,28.5,16.0,5.3,29.0,48.3,17.1,13,2,73.6,196.1,0,0,0,0,8,0,0,0,0
1993,July,16.7,30.2,30.0,7.2,14.0,74.9,17.0,21,2,74.2,191.9,0,0,0,0,6,1,0,0,0
1993,June,15.8,28.4,10.0,6.0,26.0,67.8,17.8,14,3,72.7,225.6,0,0,0,0,7,0,0,0,0
1993,May,15.7,30.0,20.0,1.6,4.0,107.2,33.0,15,3,67.5,242.3,0,0,0,0,10,1,0,0,0
1993,April,11.4,27.8,28.0,-1.7,10.0,15.6,5.5,7,0,59.9,223.6,3,0,0,0,8,0,0,0,0
1993,March,4.2,17.4,14.0,-5.6,4.0,10.8,1.5,13,0,72.1,147.1,18,0,0,1,0,0,0,0,0
1993,February,0.0,8.4,4.0,-9.8,2.0,18.8,6.5,12,0,83.3,64.7,20,0,0,3,0,0,0,0,0
1993,January,2.7,13.4,17.0,-14.2,4.0,46.2,11.5,17,2,76.0,70.5,13,4,0,5,0,0,0,0,0
1992,December,1.5,12.4,3.0,-9.1,26.0,62.9,15.1,12,3,85.3,46.8,15,0,0,7,0,0,0,0,0
1992,November,5.6,13.6,7.0,-3.6,1.0,49.8,7.8,23,0,79.4,69.2,7,0,0,0,0,0,0,0,0
1992,October,6.4,18.1,3.0,-3.6,31.0,79.7,29.3,15,2,79.4,97.0,8,0,0,0,0,0,0,0,0
1992,September,13.8,25.1,11.0,4.5,7.0,11.8,3.0,11,0,73.3,181.5,0,0,0,0,1,0,0,0,0
1992,August,19.9,37.9,9.0,7.2,16.0,91.3,21.3,15,3,64.7,224.9,0,0,0,0,18,7,0,0,0
1992,July,19.6,36.2,21.0,8.2,8.0,47.7,15.5,11,1,64.2,239.8,0,0,0,0,17,5,0,0,0
1992,June,19.5,31.7,30.0,8.6,27.0,50.7,25.3,6,2,59.0,270.3,0,0,0,0,20,3,0,0,0
1992,May,15.6,28.0,23.0,1.3,5.0,24.1,8.5,8,0,59.4,300.0,0,0,0,0,11,0,0,0,0
1992,April,8.8,23.3,25.0,-2.0,21.0,26.2,7.2,13,0,69.4,127.3,1,0,0,0,0,0,0,0,0
1992,March,5.5,17.7,1.0,-1.3,30.0,70.5,15.6,20,2,75.4,104.9,2,0,0,0,0,0,0,0,0
1992,February,4.0,16.4,29.0,-6.5,18.0,14.8,2.6,17,0,81.9,58.1,12,0,0,0,0,0,0,0,0
1992,January,1.8,12.1,9.0,-9.7,22.0,24.0,14.3,10,1,85.2,40.6,16,0,0,5,0,0,0,0,0
1991,December,1.9,12.3,23.0,-9.0,10.0,39.6,9.5,14,0,80.8,69.0,16,0,0,1,0,0,0,0,0
1991,November,4.6,17.0,3.0,-5.3,22.0,39.8,11.9,17,1,85.1,61.0,8,0,0,0,0,0,0,0,0
1991,October,8.9,23.7,8.0,-3.6,29.0,17.1,3.7,12,0,76.4,171.9,8,0,0,0,0,0,0,0,0
1991,September,15.0,29.0,4.0,3.3,13.0,25.3,12.1,12,1,71.4,184.8,0,0,0,0,8,0,0,0,0
1991,August,18.0,34.6,7.0,8.2,31.0,53.4,22.3,9,2,72.7,212.9,0,0,0,0,12,2,0,0,0
1991,July,20.0,32.9,12.0,7.6,23.0,38.2,25.2,12,1,66.4,294.1,0,0,0,0,19,5,0,0,0
1991,June,14.3,25.4,22.0,2.5,6.0,74.8,22.0,18,3,70.7,182.4,0,0,0,0,1,0,0,0,0
1991,May,10.3,23.0,31.0,0.0,8.0,31.1,6.6,16,0,73.9,174.7,0,0,0,0,0,0,0,0,0
1991,April,7.7,20.2,15.0,-4.6,21.0,19.5,3.4,14,0,68.7,179.5,7,0,0,0,0,0,0,0,0
1991,March,7.2,18.9,17.0,-1.7,1.0,25.7,14.5,6,1,75.1,105.2,5,0,0,0,0,0,0,0,0
1991,February,-2.6,14.6,24.0,-13.8,6.0,15.6,5.8,10,0,78.1,88.3,25,8,0,15,0,0,0,0,0
1991,January,2.2,14.8,10.0,-8.4,18.0,14.0,6.0,9,0,78.4,78.4,13,0,0,0,0,0,0,0,0
1990,December,1.5,9.8,29.0,-5.8,9.0,43.6,13.4,15,1,86.2,54.2,18,0,0,2,0,0,0,0,0
1990,November,5.4,12.9,17.0,-2.6,30.0,50.5,21.0,20,1,87.2,56.4,4,0,0,0,0,0,0,0,0
1990,October,10.5,25.5,14.0,-1.4,25.0,12.4,3.6,7,0,78.1,165.7,3,0,0,0,1,0,0,0,0
1990,September,12.6,21.7,1.0,3.6,17.0,63.9,12.7,21,1,79.9,121.9,0,0,0,0,0,0,0,0,0
1990,August,19.0,34.6,4.0,8.4,8.0,61.3,20.4,11,2,66.9,234.5,0,0,0,0,19,8,0,0,0
1990,July,17.0,32.0,28.0,6.7,14.0,10.1,5.6,8,0,69.4,247.9,0,0,0,0,10,2,0,0,0
1990,June,16.1,30.7,27.0,6.8,6.0,97.1,16.2,16,4,75.6,146.8,0,0,0,0,7,1,0,0,0
1990,May,14.4,27.8,7.0,2.6,29.0,13.8,5.1,7,0,64.5,299.0,0,0,0,0,6,0,0,0,0
1990,April,8.4,22.6,2.0,-4.9,10.0,39.1,7.0,16,0,69.1,191.9,5,0,0,0,0,0,0,0,0
1990,March,7.7,21.8,19.0,-0.2,3.0,12.6,3.2,10,0,73.4,136.0,1,0,0,0,0,0,0,0,0
1990,February,6.5,19.9,24.0,-1.5,6.0,55.3,15.0,13,1,74.6,126.2,4,0,0,0,0,0,0,0,0
1990,January,3.7,12.4,17.0,-7.0,7.0,17.7,6.6,17,0,80.4,55.4,9,0,0,3,0,0,0,0,0
1989,December,2.8,15.1,21.0,-8.3,3.0,43.9,11.7,16,2,82.8,49.1,14,0,0,6,0,0,0,0,0
1989,November,3.0,14.2,1.0,-6.8,20.0,53.7,15.4,14,1,83.3,98.9,17,0,0,3,0,0,0,0,0
1989,October,11.3,23.4,22.0,0.3,4.0,42.3,24.9,15,1,81.0,123.7,0,0,0,0,0,0,0,0,0
1989,September,15.5,31.2,19.0,6.7,29.0,19.8,5.8,11,0,79.1,167.5,0,0,0,0,7,1,0,0,0
1989,August,17.9,35.5,16.0,6.2,30.0,29.4,11.7,9,1,68.1,229.3,0,0,0,0,16,5,0,0,0
1989,July,18.2,32.6,7.0,7.8,19.0,39.3,13.1,13,1,70.2,193.1,0,0,0,0,14,4,0,0,0
1989,June,16.4,29.7,26.0,5.1,5.0,35.3,11.1,10,1,64.5,258.9,0,0,0,0,11,0,0,0,0
1989,May,14.6,27.9,19.0,0.0,1.0,9.0,5.1,4,0,60.7,321.2,0,0,0,0,7,0,0,0,0
1989,April,8.2,24.7,12.0,-2.9,18.0,17.2,5.5,12,0,69.6,134.7,3,0,0,0,0,0,0,0,0
1989,March,7.4,23.5,28.0,-1.3,18.0,22.0,5.7,14,0,73.2,146.9,3,0,0,0,0,0,0,0,0
1989,February,3.9,14.3,19.0,-4.0,11.0,25.8,9.2,15,0,82.6,77.2,11,0,0,0,0,0,0,0,0
1989,January,3.3,12.1,9.0,-7.2,26.0,8.0,2.5,15,0,85.3,86.0,14,0,0,0,0,0,0,0,0
1988,December,3.6,10.7,26.0,-7.5,16.0,49.1,10.5,20,1,84.7,46.8,13,0,0,4,0,0,0,0,0
1988,November,3.8,14.2,12.0,-8.7,22.0,37.8,14.2,15,1,82.2,58.1,12,0,0,1,0,0,0,0,0
1988,October,9.9,19.5,5.0,-1.7,30.0,15.3,3.2,14,0,82.2,86.8,3,0,0,0,0,0,0,0,0
1988,September,14.0,26.4,1.0,5.5,9.0,27.3,6.5,12,0,77.7,146.3,0,0,0,0,1,0,0,0,0
1988,August,17.7,30.2,9.0,6.7,4.0,34.1,10.5,8,1,69.5,224.3,0,0,0,0,13,1,0,0,0
1988,July,18.1,31.3,23.0,9.1,10.0,35.5,8.8,16,0,71.9,202.6,0,0,0,0,10,2,0,0,0
1988,June,15.7,27.9,30.0,6.4,13.0,73.2,35.4,9,3,76.9,160.5,0,0,0,0,3,0,0,0,0
1988,May,15.5,29.2,27.0,2.3,22.0,3.9,1.9,8,0,58.3,272.0,0,0,0,0,7,0,0,0,0
1988,April,8.5,25.9,20.0,-5.3,24.0,1.2,0.6,3,0,62.4,204.3,6,0,0,0,1,0,0,0,0
1988,March,3.1,13.4,30.0,-5.6,2.0,73.5,11.1,27,1,82.7,90.3,12,0,0,0,0,0,0,0,0
1988,February,2.6,9.6,16.0,-2.2,21.0,51.7,19.4,21,1,82.5,58.1,11,0,0,0,0,0,0,0,0
1988,January,3.5,12.6,3.0,-3.2,14.0,36.4,5.6,18,0,83.8,52.0,12,0,0,0,0,0,0,0,0
1987,December,2.5,14.1,18.0,-9.0,9.0,30.0,9.0,13,0,85.0,28.2,14,0,0,7,0,0,0,0,0
1987,November,5.6,12.3,16.0,-2.3,27.0,52.8,13.7,18,2,84.3,18.4,1,0,0,0,0,0,0,0,0
1987,October,9.3,24.1,6.0,-0.4,31.0,15.8,5.4,13,0,78.7,117.2,1,0,0,0,0,0,0,0,0
1987,September,14.2,27.0,4.0,1.3,30.0,42.5,8.4,18,0,77.9,141.6,0,0,0,0,2,0,0,0,0
1987,August,15.8,29.0,22.0,4.5,7.0,42.5,6.5,22,0,75.6,144.7,0,0,0,0,5,0,0,0,0
1987,July,17.1,29.5,7.0,6.0,14.0,119.9,66.8,16,2,71.0,203.0,0,0,0,0,8,0,0,0,0
1987,June,14.3,32.0,30.0,5.6,22.0,70.5,17.0,22,2,78.8,156.0,0,0,0,0,2,1,0,0,0
1987,May,10.5,24.1,27.0,2.5,14.0,47.6,16.9,18,1,68.5,162.7,0,0,0,0,0,0,0,0,0
1987,April,9.5,26.2,30.0,-0.5,1.0,18.5,4.8,13,0,67.2,170.4,1,0,0,0,2,0,0,0,0
1987,March,-0.3,12.1,27.0,-13.4,4.0,21.5,3.5,14,0,75.5,153.1,22,4,0,7,0,0,0,0,0
1987,February,-1.1,7.7,10.0,-13.8,1.0,55.7,10.7,16,1,79.7,56.5,19,6,0,7,0,0,0,0,0
1987,January,-6.8,6.6,1.0,-23.4,14.0,59.1,17.2,23,2,84.1,43.9,29,17,9,19,0,0,0,0,0
1986,December,2.4,13.0,5.0,-6.5,22.0,77.5,12.4,23,3,84.4,49.7,14,0,0,4,0,0,0,0,0
1986,November,6.5,15.1,11.0,-5.5,30.0,11.3,4.9,12,0,83.1,96.3,4,0,0,0,0,0,0,0,0
1986,October,9.7,22.3,14.0,0.9,30.0,33.7,13.9,12,1,80.8,133.1,0,0,0,0,0,0,0,0,0
1986,September,11.4,22.9,14.0,2.2,10.0,46.4,30.2,13,1,79.5,117.7,0,0,0,0,0,0,0,0,0
1986,August,16.7,33.5,3.0,8.0,24.0,64.3,18.1,15,2,69.8,205.2,0,0,0,0,10,4,0,0,0
1986,July,17.6,32.1,3.0,7.9,12.0,39.5,13.1,13,1,69.7,221.6,0,0,0,0,14,5,0,0,0
1986,June,16.3,31.4,17.0,3.6,5.0,57.7,21.7,9,2,71.1,261.6,0,0,0,0,13,2,0,0,0
1986,May,15.0,27.1,6.0,4.4,1.0,64.3,12.0,18,1,70.5,236.0,0,0,0,0,9,0,0,0,0
1986,April,6.9,20.9,29.0,-6.9,12.0,47.7,14.8,24,1,80.1,111.9,5,0,0,0,0,0,0,0,0
1986,March,3.0,15.4,28.0,-16.3,3.0,56.8,11.6,21,2,78.7,93.6,7,2,2,1,0,0,0,0,0
1986,February,-7.7,4.3,1.0,-24.5,22.0,26.5,10.4,12,1,81.1,92.7,27,16,9,26,0,0,0,0,0
1986,January,-0.1,9.8,20.0,-18.6,10.0,40.2,7.4,22,0,83.9,39.3,19,4,1,6,0,0,0,0,0
1985,December,4.1,15.1,5.0,-14.3,31.0,43.9,7.0,21,0,83.8,28.0,8,1,0,4,0,0,0,0,0
1985,November,1.2,16.9,9.0,-7.1,26.0,31.8,7.6,20,0,83.7,51.2,20,0,0,8,0,0,0,0,0
1985,October,9.3,28.3,4.0,-1.7,21.0,15.6,8.0,16,0,84.6,91.2,3,0,0,0,3,0,0,0,0
1985,September,13.7,27.7,19.0,4.7,27.0,26.9,12.4,13,1,76.4,152.8,0,0,0,0,1,0,0,0,0
1985,August,17.1,33.0,14.0,5.8,28.0,53.3,11.8,14,1,69.8,229.1,0,0,0,0,10,1,0,0,0
1985,July,17.5,31.7,14.0,8.0,3.0,38.8,10.9,14,1,73.1,243.0,0,0,0,0,11,1,0,0,0
1985,June,14.1,27.6,4.0,5.7,9.0,91.9,29.7,22,2,75.2,176.9,0,0,0,0,3,0,0,0,0
1985,May,14.6,30.1,27.0,0.8,4.0,45.6,33.1,11,1,69.0,222.4,0,0,0,0,6,1,0,0,0
1985,April,8.5,24.3,4.0,-2.6,24.0,73.4,23.8,20,1,72.6,157.4,3,0,0,0,0,0,0,0,0
1985,March,3.2,14.4,23.0,-4.7,12.0,30.4,6.7,18,0,79.9,67.3,14,0,0,0,0,0,0,0,0
1985,February,-2.6,9.5,1.0,-17.1,12.0,11.1,3.6,13,0,76.2,87.2,21,9,2,11,0,0,0,0,0
1985,January,-4.9,8.0,31.0,-18.3,7.0,38.8,8.5,24,0,83.2,43.0,26,12,6,20,0,0,0,0,0
1984,December,0.7,9.0,11.0,-4.5,30.0,21.8,5.5,16,0,86.8,38.4,22,0,0,8,0,0,0,0,0
1984,November,4.6,16.1,1.0,-2.1,15.0,30.8,13.8,12,1,82.8,70.3,10,0,0,0,0,0,0,0,0
1984,October,11.0,19.8,1.0,-1.0,28.0,30.4,6.2,18,0,83.0,100.3,1,0,0,0,0,0,0,0,0
1984,September,12.8,25.3,3.0,4.0,24.0,65.6,29.6,21,2,78.6,91.1,0,0,0,0,1,0,0,0,0
1984,August,17.9,28.4,3.0,7.1,27.0,26.1,9.1,10,0,72.5,212.8,0,0,0,0,12,0,0,0,0
1984,July,15.9,34.6,11.0,6.0,2.0,57.1,23.1,14,1,73.8,160.2,0,0,0,0,7,4,0,0,0
1984,June,14.2,28.0,4.0,7.1,11.0,47.5,13.1,16,2,73.5,154.8,0,0,0,0,4,0,0,0,0
1984,May,12.5,25.0,19.0,1.5,9.0,76.1,22.1,19,2,78.1,118.0,0,0,0,0,1,0,0,0,0
1984,April,7.7,23.5,22.0,-3.1,27.0,40.1,15.9,9,1,64.5,177.5,6,0,0,0,0,0,0,0,0
1984,March,2.4,14.3,28.0,-5.7,19.0,11.5,6.0,8,0,69.3,148.9,22,0,0,0,0,0,0,0,0
1984,February,0.4,9.8,5.0,-10.0,18.0,40.4,9.6,14,0,83.4,70.4,18,0,0,4,0,0,0,0,0
1984,January,1.9,9.8,3.0,-7.4,26.0,43.2,14.7,23,1,82.0,50.3,14,0,0,2,0,0,0,0,0
1983,December,0.8,12.1,25.0,-11.5,13.0,36.1,11.3,18,1,82.7,54.8,18,3,0,7,0,0,0,0,0
1983,November,4.4,16.5,9.0,-9.3,14.0,38.8,13.0,15,2,84.6,71.6,13,0,0,1,0,0,0,0,0
1983,October,10.0,25.1,4.0,-3.1,24.0,24.8,12.8,12,1,77.7,107.0,4,0,0,0,1,0,0,0,0
1983,September,14.6,29.1,1.0,5.1,26.0,22.9,4.6,16,0,68.2,139.4,0,0,0,0,4,0,0,0,0
1983,August,19.0,33.3,1.0,7.6,30.0,38.8,19.2,6,2,66.1,239.7,0,0,0,0,22,2,1,0,0
1983,July,20.7,33.1,11.0,7.1,2.0,7.6,3.3,5,0,62.8,292.1,0,0,0,0,20,15,0,0,0
1983,June,16.8,29.7,24.0,4.3,7.0,45.0,17.0,15,1,68.8,234.1,0,0,0,0,13,0,0,0,0
1983,May,12.5,25.5,16.0,1.7,6.0,73.7,20.2,23,2,76.3,138.7,0,0,0,0,2,0,0,0,0
1983,April,9.2,22.6,21.0,-1.2,4.0,98.4,25.6,20,3,76.8,132.8,1,0,0,0,0,0,0,0,0
1983,March,5.3,14.7,14.0,-4.1,12.0,31.8,5.8,15,0,78.0,88.3,7,0,0,0,0,0,0,0,0
1983,February,-1.1,12.3,1.0,-14.6,16.0,19.7,5.1,14,0,80.2,70.7,24,2,0,10,0,0,0,0,0
1983,January,4.9,14.3,6.0,-2.6,24.0,33.1,4.5,23,0,76.5,43.2,7,0,0,0,0,0,0,0,0
1982,December,2.7,12.5,16.0,-3.8,24.0,22.7,2.8,16,0,81.5,43.0,16,0,0,1,0,0,0,0,0
1982,November,6.7,17.5,9.0,-1.3,15.0,22.7,5.0,11,0,74.9,77.5,6,0,0,0,0,0,0,0,0
1982,October,10.5,21.1,3.0,0.9,26.0,38.4,11.5,14,1,80.4,94.3,0,0,0,0,0,0,0,0,0
1982,September,16.8,29.5,20.0,6.5,23.0,9.8,4.5,5,0,66.7,203.7,0,0,0,0,11,0,0,0,0
1982,August,18.5,31.5,12.0,8.0,29.0,43.1,12.4,16,1,62.7,215.1,0,0,0,0,13,6,0,0,0
1982,July,20.0,33.2,15.0,9.5,8.0,22.8,14.7,5,1,60.0,294.8,0,0,0,0,23,4,0,0,0
1982,June,17.0,33.1,4.0,5.2,18.0,41.2,14.6,17,1,68.5,226.9,0,0,0,0,8,6,0,0,0
1982,May,13.4,28.2,27.0,1.3,2.0,42.3,13.2,13,1,61.5,228.0,0,0,0,0,4,0,0,0,0
1982,April,7.6,23.1,6.0,-1.9,14.0,16.2,2.5,10,0,59.7,212.6,3,0,0,0,0,0,0,0,0
1982,March,5.1,18.7,27.0,-2.6,6.0,44.4,13.3,11,2,72.2,148.3,6,0,0,0,0,0,0,0,0
1982,February,0.1,11.7,11.0,-7.7,5.0,2.4,0.9,5,0,83.1,94.1,22,0,0,3,0,0,0,0,0
1982,January,-2.0,10.4,4.0,-15.5,10.0,29.7,15.7,12,1,87.1,43.4,22,8,1,14,0,0,0,0,0
1981,December,-2.8,7.2,4.0,-19.5,21.0,57.1,15.4,22,1,91.0,28.2,26,8,2,16,0,0,0,0,0
1981,November,5.2,16.1,21.0,-2.3,16.0,33.8,6.7,22,0,85.4,51.0,8,0,0,0,0,0,0,0,0
1981,October,8.5,20.1,6.0,-1.1,17.0,51.3,10.2,19,1,78.6,86.1,3,0,0,0,0,0,0,0,0
1981,September,14.4,24.8,22.0,5.6,3.0,86.6,33.7,14,3,78.5,155.1,0,0,0,0,0,0,0,0,0
1981,August,16.9,31.7,7.0,7.9,29.0,91.1,56.3,13,1,76.1,175.5,0,0,0,0,8,3,0,0,0
1981,July,17.4,30.5,11.0,7.8,20.0,34.5,14.9,13,1,77.8,154.8,0,0,0,0,5,2,0,0,0
1981,June,16.1,30.2,2.0,4.9,22.0,104.3,63.1,23,1,76.5,159.7,0,0,0,0,6,2,0,0,0
1981,May,14.7,27.6,13.0,0.4,3.0,43.0,10.3,11,1,67.2,235.8,0,0,0,0,8,0,0,0,0
1981,April,8.3,24.1,12.0,-3.6,23.0,19.2,4.8,13,0,67.6,181.0,6,0,0,0,0,0,0,0,0
1981,March,7.3,20.2,22.0,-3.4,6.0,92.3,13.7,21,3,79.8,78.5,5,0,0,0,0,0,0,0,0
1981,February,1.0,9.6,2.0,-9.2,21.0,19.2,4.1,19,0,84.7,74.2,20,0,0,4,0,0,0,0,0
1981,January,-0.3,9.3,3.0,-13.0,8.0,44.8,11.0,19,1,86.9,56.6,24,1,0,5,0,0,0,0,0
1980,December,1.8,11.7,15.0,-11.7,5.0,40.0,8.5,18,0,85.3,46.2,16,3,0,5,0,0,0,0,0
1980,November,3.7,14.7,24.0,-5.7,11.0,35.8,8.5,14,0,86.0,53.1,17,0,0,4,0,0,0,0,0
1980,October,8.8,19.2,28.0,-2.3,11.0,29.2,13.7,15,1,82.6,104.3,2,0,0,0,0,0,0,0,0
1980,September,13.7,25.5,5.0,2.6,28.0,29.7,5.3,17,0,77.1,175.6,0,0,0,0,2,0,0,0,0
1980,August,17.0,31.7,3.0,3.8,26.0,37.0,8.8,11,0,69.4,211.4,0,0,0,0,11,1,0,0,0
1980,July,15.5,27.8,26.0,6.0,23.0,44.7,9.5,18,0,78.2,151.1,0,0,0,0,6,0,0,0,0
1980,June,15.3,30.3,14.0,5.6,1.0,78.8,22.6,19,2,69.9,215.2,0,0,0,0,7,1,0,0,0
1980,May,11.2,24.3,27.0,-2.2,5.0,43.2,28.6,7,1,56.8,295.9,2,0,0,0,0,0,0,0,0
1980,April,6.9,22.6,17.0,-2.1,22.0,71.0,18.5,19,4,71.8,145.1,5,0,0,0,0,0,0,0,0
1980,March,3.3,16.1,28.0,-6.7,21.0,11.6,2.8,14,0,72.8,82.1,14,0,0,0,0,0,0,0,0
1980,February,1.9,10.0,21.0,-3.8,26.0,36.1,13.0,12,2,83.6,65.7,18,0,0,1,0,0,0,0,0
1980,January,-3.2,7.9,31.0,-14.1,13.0,25.6,4.7,17,0,89.7,38.9,27,7,0,18,0,0,0,0,0
1979,December,3.9,14.6,5.0,-3.9,13.0,77.2,15.3,20,2,86.6,40.9,10,0,0,1,0,0,0,0,0
1979,November,4.4,13.7,29.0,-2.3,14.0,56.9,12.1,17,2,88.1,68.0,6,0,0,0,0,0,0,0,0
1979,October,8.6,23.3,12.0,-2.6,28.0,4.8,1.7,7,0,77.7,156.7,5,0,0,0,0,0,0,0,0
1979,September,14.1,30.2,2.0,1.4,29.0,24.3,10.4,9,1,78.2,161.5,0,0,0,0,3,1,0,0,0
1979,August,16.6,28.0,8.0,7.3,26.0,31.9,9.8,11,0,75.9,203.6,0,0,0,0,7,0,0,0,0
1979,July,15.4,27.0,13.0,7.5,11.0,72.4,28.5,18,2,77.7,160.8,0,0,0,0,3,0,0,0,0
1979,June,17.5,32.9,3.0,9.2,17.0,48.9,11.8,13,1,75.4,197.2,0,0,0,0,9,5,0,0,0
1979,May,13.6,30.7,31.0,-0.5,4.0,37.9,11.8,14,1,70.0,235.4,1,0,0,0,7,1,0,0,0
1979,April,7.1,20.5,14.0,-1.8,18.0,66.1,23.9,16,2,76.6,106.5,3,0,0,0,0,0,0,0,0
1979,March,3.1,15.9,26.0,-6.3,1.0,71.9,10.2,24,1,83.3,85.9,11,0,0,0,0,0,0,0,0
1979,February,-3.7,3.6,4.0,-14.6,21.0,37.6,13.4,13,1,88.4,44.1,27,8,0,14,0,0,0,0,0
1979,January,-4.3,4.5,30.0,-19.4,1.0,29.2,6.9,16,0,89.5,41.1,30,7,2,17,0,0,0,0,0
1978,December,-0.4,10.4,28.0,-18.5,31.0,84.5,10.7,20,2,90.6,25.9,18,4,1,13,0,0,0,0,0
1978,November,4.7,16.0,19.0,-5.3,28.0,8.7,5.0,8,0,88.1,63.6,12,0,0,0,0,0,0,0,0
1978,October,10.1,23.9,10.0,-0.5,27.0,19.4,5.1,15,0,86.8,83.8,1,0,0,0,0,0,0,0,0
1978,September,12.5,23.9,11.0,4.5,6.0,62.1,12.3,20,1,80.0,100.8,0,0,0,0,0,0,0,0,0
1978,August,16.2,31.3,1.0,8.2,28.0,77.5,16.6,17,4,75.8,184.9,0,0,0,0,8,1,0,0,0
1978,July,16.0,31.6,29.0,6.5,18.0,35.8,12.7,12,1,73.7,195.7,0,0,0,0,6,5,0,0,0
1978,June,15.6,29.5,2.0,5.1,19.0,45.2,17.3,14,1,73.1,210.3,0,0,0,0,8,0,0,0,0
1978,May,12.5,27.9,31.0,-2.8,11.0,48.6,12.8,16,1,75.8,178.3,2,0,0,0,3,0,0,0,0
1978,April,7.1,18.5,30.0,-4.5,7.0,4.9,1.5,6,0,71.7,184.4,10,0,0,0,0,0,0,0,0
1978,March,5.7,20.6,30.0,-2.0,12.0,41.3,8.7,22,0,82.4,93.0,8,0,0,0,0,0,0,0,0
1978,February,-1.2,14.1,26.0,-16.4,20.0,15.6,3.9,12,0,87.5,66.4,21,5,1,12,0,0,0,0,0
1978,January,1.3,6.1,2.0,-9.7,5.0,15.1,5.6,15,0,88.0,40.8,18,0,0,0,0,0,0,0,0
1977,December,2.8,16.0,24.0,-5.7,6.0,33.6,11.2,18,1,90.4,15.3,10,0,0,2,0,0,0,0,0
1977,November,5.9,16.6,7.0,-3.9,28.0,54.9,14.9,16,1,85.4,54.4,2,0,0,0,0,0,0,0,0
1977,October,10.3,23.6,7.0,-0.5,19.0,32.2,9.0,12,0,88.6,114.4,1,0,0,0,0,0,0,0,0
1977,September,12.3,24.8,2.0,1.6,19.0,24.0,13.6,8,1,81.1,151.8,0,0,0,0,0,0,0,0,0
1977,August,16.5,27.1,31.0,9.1,17.0,83.6,22.8,16,3,81.7,144.9,0,0,0,0,4,0,0,0,0
1977,July,16.6,28.1,30.0,7.2,16.0,36.7,9.0,19,0,76.5,200.2,0,0,0,0,8,0,0,0,0
1977,June,16.1,30.5,10.0,1.0,1.0,132.9,66.5,17,2,77.1,140.0,0,0,0,0,6,3,0,0,0
1977,May,12.2,28.0,4.0,1.4,22.0,68.0,24.0,12,2,70.8,252.4,0,0,0,0,2,0,0,0,0
1977,April,6.3,17.8,26.0,-3.1,1.0,23.7,5.3,19,0,77.0,145.9,7,0,0,0,0,0,0,0,0
1977,March,6.3,17.0,24.0,-5.0,30.0,64.7,20.3,15,2,80.3,94.3,7,0,0,0,0,0,0,0,0
1977,February,3.0,13.6,23.0,-7.3,28.0,36.0,6.0,16,0,84.8,62.0,11,0,0,1,0,0,0,0,0
1977,January,0.3,11.6,26.0,-11.4,13.0,30.1,12.4,17,1,90.6,28.4,22,1,0,7,0,0,0,0,0
1976,December,-0.4,11.3,1.0,-13.3,17.0,10.6,3.4,12,0,88.3,51.8,22,3,0,8,0,0,0,0,0
1976,November,5.1,14.1,7.0,-4.4,21.0,37.5,8.2,17,0,89.0,53.8,4,0,0,0,0,0,0,0,0
1976,October,9.0,23.5,10.0,-0.6,29.0,17.0,10.1,11,1,88.3,65.4,1,0,0,0,0,0,0,0,0
1976,September,13.5,26.3,13.0,3.6,21.0,22.7,4.7,11,0,79.1,115.9,0,0,0,0,1,0,0,0,0
1976,August,16.8,28.9,25.0,5.1,23.0,35.9,14.5,11,1,70.3,256.5,0,0,0,0,8,0,0,0,0
1976,July,20.0,35.3,17.0,9.1,7.0,38.2,28.6,6,1,61.2,291.2,0,0,0,0,19,5,0,0,0
1976,June,17.7,33.0,27.0,5.6,5.0,9.6,3.3,5,0,64.4,300.9,0,0,0,0,11,5,0,0,0
1976,May,13.5,29.3,10.0,1.3,1.0,31.1,6.1,15,0,63.7,237.7,0,0,0,0,6,0,0,0,0
1976,April,7.5,20.9,2.0,-4.0,29.0,8.9,3.6,8,0,66.5,184.1,7,0,0,0,0,0,0,0,0
1976,March,1.4,15.3,29.0,-8.6,9.0,15.8,3.6,16,0,78.7,133.0,22,0,0,3,0,0,0,0,0
1976,February,0.2,13.3,28.0,-10.7,1.0,23.6,10.5,8,1,86.2,76.1,22,1,0,8,0,0,0,0,0
1976,January,1.3,9.2,11.0,-10.7,28.0,91.1,14.4,21,2,86.1,39.7,17,1,0,7,0,0,0,0,0
1975,December,2.4,9.2,6.0,-9.9,19.0,6.8,1.6,13,0,85.4,28.7,10,0,0,3,0,0,0,0,0
1975,November,3.0,14.6,1.0,-7.7,25.0,14.5,3.5,10,0,85.2,48.9,11,0,0,1,0,0,0,0,0
1975,October,8.1,22.3,1.0,-2.3,12.0,22.6,5.5,16,0,86.0,76.6,2,0,0,0,0,0,0,0,0
1975,September,16.3,31.5,17.0,5.0,8.0,26.0,4.8,10,0,75.1,173.8,0,0,0,0,6,1,0,0,0
1975,August,20.2,33.8,10.0,8.2,27.0,15.7,12.8,6,1,65.2,270.9,0,0,0,0,21,10,0,0,0
1975,July,19.3,30.5,9.0,7.2,1.0,16.1,10.1,7,1,69.4,269.7,0,0,0,0,18,2,0,0,0
1975,June,15.3,29.6,22.0,1.9,2.0,44.3,10.4,13,1,72.0,216.7,0,0,0,0,6,0,0,0,0
1975,May,12.4,25.6,18.0,2.2,4.0,48.5,12.9,10,2,71.4,229.5,0,0,0,0,2,0,0,0,0
1975,April,7.1,24.1,29.0,-0.7,11.0,38.8,8.0,17,0,77.0,142.6,3,0,0,0,0,0,0,0,0
1975,March,4.0,15.3,9.0,-4.1,22.0,39.0,7.1,14,0,78.2,128.7,11,0,0,0,0,0,0,0,0
1975,February,1.3,10.3,27.0,-6.9,10.0,4.2,2.2,5,0,83.5,75.3,18,0,0,4,0,0,0,0,0
1975,January,5.3,12.0,15.0,-2.0,27.0,26.4,4.7,14,0,83.7,63.5,3,0,0,0,0,0,0,0,0
1974,December,5.6,13.1,28.0,-4.9,14.0,58.1,6.9,23,0,86.3,46.9,2,0,0,0,0,0,0,0,0
1974,November,5.5,15.3,15.0,-1.9,6.0,34.3,10.4,17,1,85.8,34.2,2,0,0,0,0,0,0,0,0
1974,October,6.6,13.7,1.0,-0.2,14.0,76.9,30.7,24,1,88.0,76.2,1,0,0,0,0,0,0,0,0
1974,September,14.2,26.4,17.0,3.6,19.0,24.4,8.9,14,0,77.1,178.0,0,0,0,0,3,0,0,0,0
1974,August,17.9,35.5,16.0,7.1,7.0,41.1,10.6,15,1,78.2,199.5,0,0,0,0,12,4,1,0,0
1974,July,16.0,25.6,22.0,8.5,7.0,45.4,8.5,18,0,78.6,185.8,0,0,0,0,1,0,0,0,0
1974,June,14.7,27.0,26.0,3.9,10.0,66.6,21.7,21,2,79.6,216.1,0,0,0,0,5,0,0,0,0
1974,May,11.8,24.4,19.0,2.0,8.0,29.4,5.3,16,0,76.7,171.4,0,0,0,0,0,0,0,0,0
1974,April,8.4,22.5,11.0,-3.0,14.0,28.1,15.0,8,1,68.7,223.6,7,0,0,0,0,0,0,0,0
1974,March,5.9,18.9,26.0,-3.4,1.0,11.1,4.2,7,0,72.9,111.2,12,0,0,0,0,0,0,0,0
1974,February,3.7,13.0,11.0,-3.3,27.0,32.1,9.8,11,0,83.7,46.4,10,0,0,0,0,0,0,0,0
1974,January,3.6,12.7,15.0,-3.2,1.0,30.1,6.3,16,0,86.2,37.9,11,0,0,0,0,0,0,0,0
1973,December,0.8,8.1,23.0,-11.3,1.0,36.1,12.9,18,1,85.3,52.7,12,3,0,3,0,0,0,0,0
1973,November,3.8,14.7,5.0,-9.1,30.0,25.3,5.7,18,0,80.7,96.1,12,0,0,3,0,0,0,0,0
1973,October,7.7,20.3,5.0,-1.4,24.0,46.0,8.3,14,0,83.2,101.0,2,0,0,0,0,0,0,0,0
1973,September,14.5,32.7,5.0,1.8,14.0,32.4,8.7,11,0,74.6,146.1,0,0,0,0,7,2,0,0,0
1973,August,18.0,32.0,6.0,4.9,23.0,9.0,3.2,9,0,68.9,256.0,0,0,0,0,19,2,0,0,0
1973,July,18.1,31.5,6.0,7.2,10.0,55.1,23.1,15,2,75.4,211.5,0,0,0,0,11,3,0,0,0
1973,June,16.8,31.0,27.0,4.6,15.0,19.2,7.8,9,0,71.1,264.2,0,0,0,0,7,1,0,0,0
1973,May,12.9,25.5,5.0,1.2,17.0,37.3,8.3,13,0,73.3,214.4,0,0,0,0,4,0,0,0,0
1973,April,5.5,18.5,27.0,-2.8,9.0,44.9,8.1,21,0,78.1,129.0,8,0,0,0,0,0,0,0,0
1973,March,4.9,21.5,25.0,-4.3,10.0,14.4,5.0,10,0,80.7,130.9,13,0,0,0,0,0,0,0,0
1973,February,2.3,8.3,9.0,-5.2,15.0,13.8,3.0,15,0,87.6,71.3,12,0,0,0,0,0,0,0,0
1973,January,0.4,6.7,31.0,-11.7,1.0,27.5,6.0,18,0,90.0,34.8,17,2,0,4,0,0,0,0,0
1972,December,1.0,10.2,6.0,-10.0,23.0,5.2,1.8,6,0,84.6,72.0,17,0,0,6,0,0,0,0,0
1972,November,4.9,14.1,7.0,-2.8,19.0,22.1,4.3,15,0,88.0,49.4,5,0,0,0,0,0,0,0,0
1972,October,6.9,18.7,7.0,-1.6,19.0,31.0,16.1,10,1,85.7,123.9,6,0,0,0,0,0,0,0,0
1972,September,11.3,25.8,7.0,2.0,19.0,48.5,19.0,16,1,85.2,137.3,0,0,0,0,2,0,0,0,0
1972,August,16.4,29.7,13.0,6.6,29.0,46.6,11.0,15,1,79.7,206.4,0,0,0,0,7,0,0,0,0
1972,July,18.3,31.2,20.0,8.7,15.0,119.0,29.6,14,5,82.0,179.6,0,0,0,0,15,5,0,0,0
1972,June,15.4,28.7,5.0,5.3,2.0,109.8,33.5,14,4,76.0,218.5,0,0,0,0,6,0,0,0,0
1972,May,12.3,25.0,23.0,3.2,12.0,50.9,26.8,12,1,76.1,169.2,0,0,0,0,1,0,0,0,0
1972,April,7.9,22.0,30.0,-3.9,25.0,17.6,3.3,18,0,75.6,137.5,1,0,0,0,0,0,0,0,0
1972,March,5.5,19.7,20.0,-7.7,12.0,53.5,25.0,12,1,76.4,147.8,6,0,0,0,0,0,0,0,0
1972,February,1.7,11.7,7.0,-14.9,1.0,10.2,3.0,8,0,86.4,44.3,14,2,0,1,0,0,0,0,0
1972,January,-3.0,5.2,26.0,-13.9,16.0,3.3,2.2,10,0,83.3,41.4,30,6,0,12,0,0,0,0,0
1971,December,4.5,12.7,21.0,-4.3,9.0,48.0,7.8,21,0,88.0,18.6,8,0,0,0,0,0,0,0,0
1971,November,4.3,17.4,5.0,-6.7,12.0,16.1,4.8,11,0,83.0,55.3,12,0,0,1,0,0,0,0,0
1971,October,9.4,23.3,2.0,-2.7,16.0,21.5,7.1,7,0,78.1,159.7,9,0,0,0,0,0,0,0,0
1971,September,12.6,24.0,23.0,0.0,17.0,25.0,10.6,11,1,78.1,166.6,0,0,0,0,0,0,0,0,0
1971,August,18.8,33.2,3.0,6.7,25.0,42.2,21.8,11,1,70.8,233.3,0,0,0,0,17,5,0,0,0
1971,July,18.4,33.6,27.0,6.1,18.0,28.5,26.6,6,1,68.9,313.0,0,0,0,0,16,6,0,0,0
1971,June,14.7,28.1,2.0,6.5,18.0,74.3,20.4,19,2,83.8,139.6,0,0,0,0,5,0,0,0,0
1971,May,14.7,29.3,17.0,-0.3,3.0,47.4,10.5,12,1,77.0,230.7,1,0,0,0,4,0,0,0,0
1971,April,8.2,23.0,23.0,-1.0,26.0,36.4,15.4,7,2,75.7,162.8,6,0,0,0,0,0,0,0,0
1971,March,1.7,15.1,21.0,-16.7,6.0,12.0,3.0,13,0,82.3,112.3,14,3,1,7,0,0,0,0,0
1971,February,2.0,8.1,13.0,-8.5,27.0,20.8,6.8,17,0,84.6,49.6,12,0,0,2,0,0,0,0,0
1971,January,-2.0,9.5,26.0,-23.8,4.0,19.9,4.0,17,0,87.7,86.0,21,7,6,7,0,0,0,0,0
1970,December,1.5,9.5,3.0,-12.0,31.0,34.6,11.7,19,1,89.6,38.6,14,1,0,9,0,0,0,0,0
1970,November,6.0,15.2,3.0,-1.1,8.0,52.7,9.8,19,0,84.5,55.4,3,0,0,0,0,0,0,0,0
1970,October,9.5,21.4,7.0,-0.7,15.0,51.3,6.6,17,0,86.0,61.4,1,0,0,0,0,0,0,0,0
1970,September,13.3,27.7,10.0,0.8,28.0,44.9,8.8,17,0,81.6,161.1,0,0,0,0,2,0,0,0,0
1970,August,17.4,28.7,7.0,6.4,13.0,106.4,34.6,11,4,79.9,186.3,0,0,0,0,11,0,0,0,0
1970,July,16.8,29.9,8.0,8.3,21.0,59.1,12.7,14,2,75.2,216.4,0,0,0,0,11,0,0,0,0
1970,June,18.1,31.8,22.0,5.4,3.0,61.2,31.5,9,2,66.7,301.0,0,0,0,0,15,3,0,0,0
1970,May,12.3,25.5,8.0,0.6,1.0,40.5,7.9,16,0,73.0,195.1,0,0,0,0,1,0,0,0,0
1970,April,6.1,18.5,17.0,-2.9,4.0,61.2,15.1,21,2,77.0,96.3,8,0,0,0,0,0,0,0,0
1970,March,1.4,11.8,23.0,-10.1,1.0,54.5,12.5,21,2,82.3,130.6,18,1,0,0,0,0,0,0,0
1970,February,-1.8,5.5,25.0,-17.8,1.0,84.5,20.6,22,3,81.6,60.0,23,5,1,10,0,0,0,0,0
1970,January,-4.2,4.6,11.0,-15.2,5.0,39.4,10.7,14,1,86.2,24.4,28,8,1,19,0,0,0,0,0
1969,December,-5.7,1.6,2.0,-20.4,21.0,28.6,7.1,17,0,85.6,25.6,30,11,5,24,0,0,0,0,0
1969,November,5.7,16.1,4.0,-5.4,30.0,45.6,10.2,17,1,76.4,62.1,8,0,0,0,0,0,0,0,0
1969,October,10.4,23.4,9.0,0.9,14.0,24.1,9.3,10,0,83.3,94.7,0,0,0,0,0,0,0,0,0
1969,September,14.3,28.0,13.0,3.0,19.0,11.4,4.4,6,0,75.4,176.4,0,0,0,0,6,0,0,0,0
1969,August,17.5,32.9,3.0,4.8,29.0,47.3,18.6,14,2,70.3,208.9,0,0,0,0,10,4,0,0,0
1969,July,19.4,34.6,28.0,8.0,9.0,24.0,8.1,6,0,70.0,263.3,0,0,0,0,16,11,1,0,0
1969,June,16.0,28.3,13.0,5.3,9.0,39.3,10.4,11,1,71.1,214.4,0,0,0,0,11,0,0,0,0
1969,May,13.6,30.7,14.0,2.4,23.0,88.8,33.1,16,2,73.3,174.8,0,0,0,0,3,2,0,0,0
1969,April,7.5,23.4,10.0,-1.8,20.0,58.9,9.5,19,0,71.1,161.1,6,0,0,0,0,0,0,0,0
1969,March,-0.3,9.2,31.0,-10.4,4.0,59.0,17.4,10,2,75.3,98.9,25,1,0,4,0,0,0,0,0
1969,February,-2.3,9.6,22.0,-15.6,19.0,46.5,19.2,15,1,82.3,67.8,24,5,1,11,0,0,0,0,0
1969,January,0.5,7.9,29.0,-8.4,1.0,42.3,11.6,17,1,88.1,35.1,19,0,0,8,0,0,0,0,0
1968,December,-2.2,6.1,23.0,-12.7,13.0,12.7,3.5,10,0,86.3,41.8,24,3,0,15,0,0,0,0,0
1968,November,3.8,20.6,1.0,-5.8,15.0,46.4,16.4,12,1,87.4,40.1,7,0,0,2,0,0,0,0,0
1968,October,10.7,19.3,31.0,-1.0,21.0,53.6,9.0,16,0,83.2,93.0,1,0,0,0,0,0,0,0,0
1968,September,14.4,26.6,9.0,4.6,26.0,71.0,16.0,16,1,76.4,121.7,0,0,0,0,3,0,0,0,0
1968,August,18.0,29.5,5.0,6.6,20.0,34.5,20.4,13,1,68.6,197.3,0,0,0,0,16,0,0,0,0
1968,July,16.8,30.3,2.0,6.0,13.0,25.3,5.7,13,0,69.4,240.4,0,0,0,0,9,1,0,0,0
1968,June,17.1,30.9,18.0,6.9,10.0,49.8,9.8,19,0,68.0,237.3,0,0,0,0,10,2,0,0,0
1968,May,11.5,24.4,4.0,1.1,24.0,33.5,7.2,17,0,69.5,198.6,0,0,0,0,0,0,0,0,0
1968,April,10.0,31.9,22.0,-4.8,8.0,29.5,22.9,7,1,61.9,241.1,8,0,0,0,4,2,0,0,0
1968,March,5.1,25.1,30.0,-8.6,4.0,32.0,6.3,17,0,71.6,143.7,6,0,0,0,1,0,0,0,0
1968,February,0.4,8.7,7.0,-13.8,26.0,29.8,7.7,15,0,83.6,69.1,20,2,0,2,0,0,0,0,0
1968,January,-0.8,10.1,15.0,-15.3,13.0,53.5,17.7,20,2,85.7,48.9,19,7,1,10,0,0,0,0,0
1967,December,1.4,12.8,23.0,-14.3,12.0,42.8,8.3,27,0,86.2,31.6,16,2,0,3,0,0,0,0,0
1967,November,4.3,13.4,3.0,-2.7,21.0,34.7,13.5,15,1,86.1,57.6,9,0,0,0,0,0,0,0,0
1967,October,11.8,24.8,12.0,-0.2,19.0,23.6,5.7,11,0,75.1,123.1,1,0,0,0,0,0,0,0,0
1967,September,14.7,25.5,3.0,6.6,11.0,55.9,10.2,17,1,80.7,126.9,0,0,0,0,3,0,0,0,0
1967,August,17.1,32.2,2.0,8.7,7.0,47.9,8.4,14,0,74.0,209.8,0,0,0,0,7,1,0,0,0
1967,July,19.0,30.8,19.0,7.5,6.0,87.7,22.4,12,4,74.4,272.8,0,0,0,0,18,2,0,0,0
1967,June,15.4,29.4,25.0,5.1,13.0,63.7,14.0,15,1,77.8,210.4,0,0,0,0,3,0,0,0,0
1967,May,13.5,27.5,12.0,0.0,4.0,59.5,33.9,14,1,69.6,244.0,0,0,0,0,5,0,0,0,0
1967,April,7.1,20.4,30.0,-2.7,25.0,12.4,3.4,13,0,68.0,180.3,4,0,0,0,0,0,0,0,0
1967,March,6.3,15.8,26.0,0.4,7.0,37.2,9.6,15,0,70.5,148.1,0,0,0,0,0,0,0,0,0
1967,February,3.3,13.6,26.0,-7.7,14.0,38.9,8.9,16,0,71.7,74.1,13,0,0,1,0,0,0,0,0
1967,January,1.5,11.1,31.0,-14.4,9.0,32.2,7.0,19,0,86.9,40.6,14,2,0,5,0,0,0,0,0
1966,December,2.5,9.7,18.0,-2.7,7.0,86.1,15.8,24,2,80.0,29.7,11,0,0,0,0,0,0,0,0
1966,November,2.6,14.2,6.0,-4.6,14.0,49.2,10.8,14,1,88.2,34.7,11,0,0,2,0,0,0,0,0
1966,October,11.3,28.0,4.0,-3.4,31.0,41.0,10.1,15,1,87.8,86.6,2,0,0,0,1,0,0,0,0
1966,September,13.2,27.6,12.0,2.2,30.0,18.9,5.6,11,0,83.1,154.0,0,0,0,0,1,0,0,0,0
1966,August,16.6,33.2,13.0,7.3,16.0,75.1,25.0,13,3,78.2,191.9,0,0,0,0,7,2,0,0,0
1966,July,16.6,28.3,19.0,9.0,26.0,71.5,16.6,17,2,79.8,194.5,0,0,0,0,5,0,0,0,0
1966,June,18.2,32.1,17.0,6.7,3.0,85.8,22.3,14,4,72.3,233.3,0,0,0,0,14,4,0,0,0
1966,May,14.1,28.0,17.0,1.9,30.0,44.5,13.2,12,1,68.7,259.1,0,0,0,0,5,0,0,0,0
1966,April,9.0,20.8,27.0,-1.1,15.0,62.6,10.4,20,1,78.1,126.5,1,0,0,0,0,0,0,0,0
1966,March,4.2,13.3,8.0,-3.6,20.0,34.9,10.2,19,1,79.8,119.0,8,0,0,0,0,0,0,0,0
1966,February,1.9,13.8,26.0,-11.0,10.0,75.8,18.9,20,2,84.6,39.0,12,1,0,9,0,0,0,0,0
1966,January,-2.6,11.1,30.0,-17.7,18.0,33.4,5.7,16,0,85.5,21.9,24,5,2,18,0,0,0,0,0
1965,December,2.9,13.2,19.0,-4.9,14.0,52.8,9.3,26,0,85.3,32.8,11,0,0,0,0,0,0,0,0
1965,November,0.6,13.7,1.0,-21.9,23.0,55.9,15.2,19,2,84.9,43.5,17,3,1,10,0,0,0,0,0
1965,October,8.2,22.6,1.0,-3.3,23.0,14.7,4.9,7,0,83.9,141.3,6,0,0,0,0,0,0,0,0
1965,September,13.5,25.1,24.0,3.3,21.0,61.7,26.7,12,2,80.8,162.0,0,0,0,0,1,0,0,0,0
1965,August,15.5,28.7,20.0,5.6,27.0,29.8,8.1,8,0,76.8,246.5,0,0,0,0,6,0,0,0,0
1965,July,15.6,27.7,13.0,6.2,2.0,86.7,19.2,23,3,81.2,167.6,0,0,0,0,5,0,0,0,0
1965,June,16.4,27.1,16.0,4.4,2.0,68.2,22.7,13,2,73.9,232.0,0,0,0,0,5,0,0,0,0
1965,May,12.2,23.7,15.0,1.6,22.0,46.8,7.5,18,0,75.8,207.9,0,0,0,0,0,0,0,0,0
1965,April,7.6,19.3,6.0,-1.0,1.0,64.2,17.5,19,2,81.4,141.6,1,0,0,0,0,0,0,0,0
1965,March,2.6,15.9,29.0,-13.6,8.0,40.3,10.4,18,1,84.4,130.5,18,1,0,3,0,0,0,0,0
1965,February,-0.6,5.9,13.0,-8.2,2.0,24.1,5.0,23,0,83.3,60.3,24,0,0,5,0,0,0,0,0
1965,January,1.8,10.3,17.0,-7.2,31.0,43.7,7.7,18,0,88.7,34.8,15,0,0,2,0,0,0,0,0
1964,December,1.4,13.1,9.0,-9.7,30.0,20.5,4.1,14,0,88.7,40.9,17,0,0,7,0,0,0,0,0
1964,November,5.0,13.4,14.0,-4.3,8.0,31.8,6.4,16,0,90.2,16.8,8,0,0,1,0,0,0,0,0
1964,October,7.5,21.7,7.0,-2.1,26.0,22.5,7.3,12,0,83.7,101.8,5,0,0,0,0,0,0,0,0
1964,September,13.7,29.9,15.0,0.4,23.0,20.9,4.2,14,0,79.6,201.9,0,0,0,0,5,0,0,0,0
1964,August,16.4,33.9,27.0,5.0,23.0,78.8,48.3,13,2,77.1,177.9,0,0,0,0,6,4,0,0,0
1964,July,18.3,33.6,19.0,5.4,7.0,46.4,13.7,10,2,73.1,262.7,0,0,0,0,15,7,1,0,0
1964,June,18.1,31.9,13.0,7.1,25.0,54.9,10.7,10,2,68.6,320.1,0,0,0,0,13,1,0,0,0
1964,May,14.3,29.0,13.0,3.4,22.0,52.8,21.1,13,1,69.7,254.8,0,0,0,0,6,0,0,0,0
1964,April,9.2,24.7,19.0,-1.5,7.0,51.1,13.8,16,1,76.1,141.4,1,0,0,0,0,0,0,0,0
1964,March,0.2,13.1,22.0,-11.7,18.0,43.5,14.0,11,2,78.9,96.9,23,2,0,6,0,0,0,0,0
1964,February,-0.1,9.5,1.0,-13.7,20.0,14.1,3.1,13,0,80.8,111.8,20,6,0,6,0,0,0,0,0
1964,January,-2.6,4.4,1.0,-15.5,19.0,13.1,2.8,9,0,86.6,45.6,24,10,1,11,0,0,0,0,0
1963,December,-3.0,6.0,1.0,-18.9,15.0,6.9,3.5,6,0,88.4,64.8,29,6,3,17,0,0,0,0,0
1963,November,7.8,16.2,20.0,-0.3,2.0,61.4,13.2,18,2,84.6,58.1,2,0,0,0,0,0,0,0,0
1963,October,8.5,22.8,13.0,-3.0,29.0,18.2,6.4,13,0,81.1,115.2,4,0,0,0,0,0,0,0,0
1963,September,14.1,26.8,17.0,5.2,29.0,26.3,8.8,10,0,77.1,150.7,0,0,0,0,4,0,0,0,0
1963,August,17.2,35.4,3.0,7.3,30.0,106.2,27.4,17,3,72.0,178.2,0,0,0,0,9,4,0,0,0
1963,July,18.7,33.0,24.0,6.6,28.0,19.6,7.1,10,0,68.3,234.4,0,0,0,0,16,2,0,0,0
1963,June,17.2,29.0,28.0,3.3,3.0,44.6,6.8,16,0,69.7,223.1,0,0,0,0,9,0,0,0,0
1963,May,13.2,26.4,23.0,1.7,7.0,11.9,2.1,12,0,72.7,200.9,0,0,0,0,4,0,0,0,0
1963,April,9.1,20.4,10.0,-2.1,3.0,41.0,18.8,11,2,75.4,145.0,6,0,0,0,0,0,0,0,0
1963,March,3.1,14.2,30.0,-17.6,2.0,22.6,4.1,12,0,79.1,123.3,13,3,1,0,0,0,0,0,0
1963,February,-6.2,1.2,11.0,-20.8,25.0,11.5,5.5,10,0,86.6,52.9,28,14,10,23,0,0,0,0,0
1963,January,-8.3,2.4,5.0,-23.7,20.0,15.8,4.6,18,0,86.0,56.2,31,20,8,25,0,0,0,0,0
1962,December,-3.3,6.8,16.0,-21.7,24.0,55.1,13.7,15,2,88.3,35.1,25,4,3,17,0,0,0,0,0
1962,November,3.3,15.8,6.0,-7.7,24.0,13.4,4.4,11,0,86.0,52.4,12,0,0,3,0,0,0,0,0
1962,October,9.1,27.2,3.0,-1.1,24.0,7.6,3.7,7,0,84.8,104.8,1,0,0,0,2,0,0,0,0
1962,September,12.5,26.8,3.0,3.7,15.0,23.3,8.4,11,0,80.1,159.2,0,0,0,0,2,0,0,0,0
1962,August,15.5,29.3,12.0,7.3,30.0,44.0,6.4,17,0,83.4,157.4,0,0,0,0,2,0,0,0,0
1962,July,15.2,26.0,25.0,7.8,28.0,66.6,18.0,21,2,83.1,182.1,0,0,0,0,2,0,0,0,0
1962,June,14.8,30.7,15.0,2.0,3.0,36.6,16.3,10,1,69.9,265.3,0,0,0,0,6,1,0,0,0
1962,May,10.6,22.2,7.0,0.2,1.0,44.7,17.2,20,1,75.4,166.1,0,0,0,0,0,0,0,0,0
1962,April,8.9,27.0,24.0,0.7,11.0,32.3,8.4,17,0,81.4,159.4,0,0,0,0,1,0,0,0,0
1962,March,0.8,14.9,30.0,-11.7,8.0,31.3,8.0,13,0,80.4,138.3,25,1,0,1,0,0,0,0,0
1962,February,1.2,9.6,20.0,-9.8,1.0,33.6,13.0,18,1,80.9,70.4,17,0,0,6,0,0,0,0,0
1962,January,2.3,12.6,21.0,-10.6,31.0,24.8,6.0,18,0,84.4,65.9,10,1,0,4,0,0,0,0,0
1961,December,-1.2,15.0,5.0,-15.1,26.0,53.1,15.2,14,3,84.3,64.1,21,8,1,12,0,0,0,0,0
1961,November,4.3,15.5,2.0,-5.8,23.0,83.4,32.3,16,2,87.4,35.8,8,0,0,0,0,0,0,0,0
1961,October,11.0,23.4,11.0,3.2,21.0,37.1,9.7,11,0,80.5,134.6,0,0,0,0,0,0,0,0,0
1961,September,16.5,31.9,17.0,2.8,24.0,17.6,5.2,10,0,77.2,172.8,0,0,0,0,10,3,0,0,0
1961,August,16.2,29.1,31.0,8.0,13.0,66.9,16.6,19,2,79.3,183.9,0,0,0,0,7,0,0,0,0
1961,July,16.0,32.4,2.0,8.0,7.0,57.9,10.2,16,1,75.9,149.1,0,0,0,0,5,2,0,0,0
1961,June,17.3,30.3,26.0,6.0,16.0,46.1,13.8,10,2,71.9,268.0,0,0,0,0,10,1,0,0,0
1961,May,10.8,22.6,5.0,4.7,18.0,112.8,15.5,24,3,79.9,134.1,0,0,0,0,0,0,0,0,0
1961,April,11.1,22.7,14.0,0.4,9.0,82.1,26.3,14,2,73.3,143.6,0,0,0,0,0,0,0,0,0
1961,March,6.8,20.2,17.0,-2.7,20.0,48.4,11.1,19,1,78.3,120.9,3,0,0,0,0,0,0,0,0
1961,February,5.2,16.3,26.0,-3.3,5.0,36.2,6.9,18,0,83.5,69.9,4,0,0,0,0,0,0,0,0
1961,January,-1.0,8.6,30.0,-16.3,27.0,53.2,7.2,17,0,84.6,62.5,20,3,2,7,0,0,0,0,0
1960,December,1.3,12.2,4.0,-10.6,12.0,74.7,16.8,14,3,89.0,30.5,16,2,0,2,0,0,0,0,0
1960,November,6.4,14.8,2.0,-2.3,10.0,57.8,13.6,18,2,83.9,64.9,2,0,0,0,0,0,0,0,0
1960,October,9.7,21.7,5.0,0.8,15.0,88.4,23.7,22,2,85.5,68.7,0,0,0,0,0,0,0,0,0
1960,September,13.3,24.9,13.0,1.0,30.0,14.9,3.1,12,0,77.1,163.8,0,0,0,0,0,0,0,0,0
1960,August,16.4,29.5,26.0,6.9,14.0,74.7,34.4,19,2,77.5,164.6,0,0,0,0,6,0,0,0,0
1960,July,16.6,30.6,30.0,6.2,1.0,52.3,13.8,14,1,71.0,213.6,0,0,0,0,8,1,0,0,0
1960,June,17.2,28.4,26.0,7.3,1.0,19.0,7.6,8,0,66.9,263.8,0,0,0,0,10,0,0,0,0
1960,May,13.8,23.8,15.0,0.4,2.0,54.1,17.1,13,2,69.9,194.5,0,0,0,0,0,0,0,0,0
1960,April,7.8,22.9,19.0,-2.8,2.0,37.4,15.5,13,1,69.0,192.3,7,0,0,0,0,0,0,0,0
1960,March,4.2,16.5,27.0,-6.7,8.0,8.6,2.7,7,0,77.8,87.6,12,0,0,1,0,0,0,0,0
1960,February,0.1,15.3,29.0,-15.8,8.0,11.3,2.3,12,0,80.1,84.8,22,3,1,6,0,0,0,0,0
1960,January,0.5,11.1,2.0,-16.0,15.0,42.2,5.5,27,0,87.3,45.7,14,4,1,9,0,0,0,0,0
1959,December,1.9,10.2,30.0,-7.0,16.0,23.2,7.9,11,0,85.6,34.6,15,0,0,9,0,0,0,0,0
1959,November,3.3,10.9,20.0,-3.5,26.0,49.2,18.4,14,1,90.2,41.4,8,0,0,2,0,0,0,0,0
1959,October,8.1,23.6,2.0,-4.4,6.0,29.2,14.1,10,1,73.5,168.3,12,0,0,0,0,0,0,0,0
1959,September,13.6,29.0,12.0,0.0,30.0,0.2,0.1,2,0,67.0,271.1,0,0,0,0,3,0,0,0,0
1959,August,18.6,30.3,22.0,7.2,30.0,52.6,20.3,9,2,73.7,191.4,0,0,0,0,15,3,0,0,0
1959,July,20.5,36.6,11.0,10.9,14.0,25.2,13.0,13,1,66.8,254.4,0,0,0,0,17,7,0,0,0
1959,June,17.5,28.5,6.0,6.3,20.0,21.1,12.2,8,1,61.0,310.9,0,0,0,0,10,0,0,0,0
1959,May,13.5,26.4,10.0,1.9,5.0,26.5,8.6,8,0,66.8,255.0,0,0,0,0,2,0,0,0,0
1959,April,10.2,24.5,15.0,-1.3,20.0,30.4,8.0,16,0,73.4,189.1,3,0,0,0,0,0,0,0,0
1959,March,6.9,19.3,2.0,-4.0,13.0,13.1,5.5,7,0,75.6,133.2,7,0,0,0,0,0,0,0,0
1959,February,-0.1,16.6,28.0,-10.6,13.0,6.6,3.0,6,0,89.4,70.0,21,1,0,8,0,0,0,0,0
1959,January,0.5,11.7,22.0,-12.2,15.0,37.9,9.8,16,0,87.2,60.2,19,4,0,5,0,0,0,0,0
1958,December,2.9,9.9,21.0,-5.2,2.0,37.7,9.0,21,0,91.8,35.7,11,0,0,0,0,0,0,0,0
1958,November,4.3,11.4,13.0,-1.8,29.0,14.6,5.6,15,0,90.2,14.3,2,0,0,0,0,0,0,0,0
1958,October,10.3,23.2,10.0,1.5,30.0,45.3,11.4,15,1,80.9,90.0,0,0,0,0,0,0,0,0,0
1958,September,14.8,28.1,6.0,3.4,28.0,47.2,13.1,13,1,74.2,197.9,0,0,0,0,5,0,0,0,0
1958,August,17.7,28.7,1.0,9.0,25.0,65.2,19.6,15,2,71.9,218.6,0,0,0,0,6,0,0,0,0
1958,July,17.7,31.0,16.0,6.2,26.0,62.0,17.9,13,2,71.1,244.5,0,0,0,0,8,1,0,0,0
1958,June,15.2,27.2,17.0,6.0,7.0,83.7,27.5,17,3,74.8,176.9,0,0,0,0,3,0,0,0,0
1958,May,14.0,26.6,25.0,1.8,5.0,76.9,22.4,21,1,76.6,180.5,0,0,0,0,4,0,0,0,0
1958,April,5.8,20.0,25.0,-5.4,1.0,24.3,4.8,17,0,78.2,133.0,8,0,0,0,0,0,0,0,0
1958,March,0.2,10.1,26.0,-9.4,11.0,27.4,8.6,22,0,83.3,73.3,25,0,0,4,0,0,0,0,0
1958,February,2.3,16.3,14.0,-7.5,28.0,48.2,7.0,22,0,84.6,88.7,17,0,0,3,0,0,0,0,0
1958,January,-0.5,6.3,9.0,-14.7,4.0,40.3,12.8,17,1,86.3,78.8,18,2,0,3,0,0,0,0,0
1957,December,0.5,11.7,8.0,-22.6,17.0,66.1,23.1,12,3,88.5,44.2,18,3,2,6,0,0,0,0,0
1957,November,4.9,15.5,1.0,-6.2,30.0,30.5,18.5,10,1,86.2,38.5,7,0,0,0,0,0,0,0,0
1957,October,10.0,19.1,8.0,-0.3,2.0,19.7,11.6,13,1,85.5,94.7,1,0,0,0,0,0,0,0,0
1957,September,12.2,26.2,8.0,2.7,25.0,87.8,14.7,19,3,81.5,130.9,0,0,0,0,2,0,0,0,0
1957,August,15.7,26.6,6.0,7.8,23.0,59.8,18.1,18,1,79.8,169.9,0,0,0,0,4,0,0,0,0
1957,July,18.6,34.6,7.0,9.7,18.0,61.4,22.3,17,1,76.4,203.5,0,0,0,0,12,3,1,0,0
1957,June,18.0,32.2,30.0,5.6,13.0,52.4,27.5,12,2,65.6,295.9,0,0,0,0,13,4,0,0,0
1957,May,10.6,24.0,19.0,-2.9,9.0,40.0,29.4,11,1,69.1,253.3,3,0,0,0,0,0,0,0,0
1957,April,7.9,22.8,28.0,-3.8,12.0,26.8,6.6,8,0,74.6,198.9,9,0,0,0,0,0,0,0,0
1957,March,6.2,19.1,13.0,-5.1,3.0,85.8,24.1,14,3,79.3,131.8,10,0,0,0,0,0,0,0,0
1957,February,4.3,13.7,5.0,-3.2,23.0,47.2,9.6,20,0,87.1,55.2,8,0,0,0,0,0,0,0,0
1957,January,1.0,12.0,6.0,-11.3,1.0,29.5,7.5,19,0,86.6,42.4,16,3,0,5,0,0,0,0,0
1956,December,2.7,12.5,17.0,-11.8,31.0,45.1,9.5,19,0,86.3,42.5,13,2,0,8,0,0,0,0,0
1956,November,3.3,9.6,16.0,-8.3,1.0,42.4,7.3,18,0,84.7,54.1,11,0,0,1,0,0,0,0,0
1956,October,9.1,22.1,2.0,-3.1,31.0,50.5,25.4,15,1,82.7,131.3,2,0,0,0,0,0,0,0,0
1956,September,14.0,25.3,2.0,2.4,20.0,29.0,6.9,13,0,77.3,189.0,0,0,0,0,1,0,0,0,0
1956,August,14.5,23.6,17.0,6.9,31.0,71.0,12.3,20,2,74.6,171.1,0,0,0,0,0,0,0,0,0
1956,July,17.7,28.0,14.0,9.0,28.0,97.0,48.6,12,2,74.7,212.8,0,0,0,0,7,0,0,0,0
1956,June,14.0,25.2,6.0,5.8,2.0,129.2,28.6,18,4,77.6,133.4,0,0,0,0,2,0,0,0,0
1956,May,13.5,29.6,31.0,1.0,1.0,57.8,23.2,10,1,66.3,225.1,0,0,0,0,5,0,0,0,0
1956,April,5.3,19.0,27.0,-5.2,8.0,102.3,23.9,17,3,77.4,122.1,10,0,0,0,0,0,0,0,0
1956,March,3.1,18.5,30.0,-7.3,16.0,46.1,22.5,11,1,75.5,138.9,16,0,0,1,0,0,0,0,0
1956,February,-10.1,4.3,29.0,-25.4,24.0,25.4,5.1,21,0,84.4,57.8,28,25,17,25,0,0,0,0,0
1956,January,-0.1,8.2,22.0,-18.3,31.0,38.9,5.7,20,0,83.9,61.5,18,3,2,7,0,0,0,0,0
1955,December,2.9,12.6,28.0,-9.5,13.0,53.2,9.4,19,0,87.3,36.2,13,0,0,3,0,0,0,0,0
1955,November,4.6,16.6,7.0,-6.5,2.0,15.2,2.4,19,0,85.9,50.8,11,0,0,1,0,0,0,0,0
1955,October,8.8,19.3,11.0,-1.2,31.0,51.6,26.8,14,1,81.7,96.1,1,0,0,0,0,0,0,0,0
1955,September,14.0,24.8,9.0,4.0,20.0,24.5,10.1,12,1,80.9,162.1,0,0,0,0,0,0,0,0,0
1955,August,17.8,29.4,22.0,6.6,8.0,61.5,34.5,10,2,80.4,190.0,0,0,0,0,10,0,0,0,0
1955,July,18.0,30.4,18.0,8.6,3.0,235.7,41.8,15,10,81.7,187.1,0,0,0,0,8,1,0,0,0
1955,June,15.1,28.7,25.0,3.7,18.0,154.9,67.1,14,3,76.0,187.3,0,0,0,0,4,0,0,0,0
1955,May,10.9,23.9,1.0,-0.3,23.0,49.7,20.2,14,1,71.7,213.5,2,0,0,0,0,0,0,0,0
1955,April,7.3,28.8,30.0,-3.0,19.0,34.0,8.2,15,0,76.1,168.5,8,0,0,0,2,0,0,0,0
1955,March,0.2,18.6,26.0,-17.4,8.0,32.6,5.9,16,0,80.6,143.0,24,6,2,4,0,0,0,0,0
1955,February,-2.6,7.7,3.0,-19.7,23.0,45.8,12.0,13,2,84.2,95.7,23,11,5,12,0,0,0,0,0
1955,January,-2.0,8.4,30.0,-12.0,6.0,23.6,6.0,13,0,87.5,74.6,30,3,0,12,0,0,0,0,0
1954,December,3.9,14.2,3.0,-2.4,17.0,86.8,13.5,20,4,87.4,38.8,15,0,0,0,0,0,0,0,0
1954,November,4.1,14.3,1.0,-5.8,24.0,38.7,10.6,14,1,86.5,70.3,12,0,0,2,0,0,0,0,0
1954,October,10.5,20.7,18.0,0.2,27.0,60.5,14.6,15,3,82.2,101.2,0,0,0,0,0,0,0,0,0
1954,September,14.1,30.7,2.0,2.0,28.0,61.7,15.4,22,2,79.3,150.8,0,0,0,0,4,1,0,0,0
1954,August,16.7,30.9,3.0,7.8,18.0,104.4,25.0,16,3,78.3,162.1,0,0,0,0,5,2,0,0,0
1954,July,15.1,23.8,25.0,7.7,6.0,136.3,41.5,23,4,79.8,114.6,0,0,0,0,0,0,0,0,0
1954,June,17.3,33.5,20.0,6.2,8.0,35.3,9.1,12,0,65.0,227.3,0,0,0,0,7,3,0,0,0
1954,May,13.9,27.4,26.0,0.2,14.0,36.6,14.0,9,2,59.0,273.4,0,0,0,0,5,0,0,0,0
1954,April,6.6,17.4,30.0,-3.4,11.0,27.6,6.2,15,0,61.8,201.0,10,0,0,0,0,0,0,0,0
1954,March,4.1,17.5,22.0,-2.4,2.0,25.0,7.1,12,0,74.2,114.7,16,0,0,0,0,0,0,0,0
1954,February,-4.7,6.9,26.0,-18.8,1.0,9.5,2.7,12,0,73.0,89.7,25,14,3,17,0,0,0,0,0
1954,January,-3.2,10.4,15.0,-17.8,31.0,35.4,8.8,20,0,79.9,82.6,22,8,3,17,0,0,0,0,0
1953,December,2.9,16.7,4.0,-3.7,9.0,30.5,8.2,13,0,91.2,27.0,15,0,0,2,0,0,0,0,0
1953,November,5.8,15.7,9.0,-6.5,26.0,15.2,6.2,5,0,86.3,54.7,9,0,0,0,0,0,0,0,0
1953,October,10.8,23.4,2.0,-0.5,11.0,13.3,3.0,10,0,86.1,108.3,1,0,0,0,0,0,0,0,0
1953,September,13.8,31.6,2.0,3.4,7.0,23.2,6.3,10,0,75.2,180.6,0,0,0,0,1,1,0,0,0
1953,August,16.9,31.7,15.0,7.8,9.0,36.2,10.6,16,1,75.7,218.8,0,0,0,0,8,3,0,0,0
1953,July,18.3,30.6,2.0,7.6,12.0,40.4,12.7,13,1,76.3,211.6,0,0,0,0,10,2,0,0,0
1953,June,17.6,28.5,22.0,4.4,5.0,116.5,26.1,18,4,77.8,172.2,0,0,0,0,7,0,0,0,0
1953,May,13.8,30.7,26.0,-2.0,8.0,46.8,11.0,15,1,72.9,217.8,1,0,0,0,11,1,0,0,0
1953,April,9.6,26.1,4.0,-1.5,11.0,22.1,5.8,10,0,69.2,248.4,4,0,0,0,1,0,0,0,0
1953,March,5.4,20.8,30.0,-5.2,15.0,7.3,3.0,6,0,77.0,179.9,16,0,0,1,0,0,0,0,0
1953,February,0.6,13.2,27.0,-14.7,8.0,33.6,9.3,17,0,89.0,49.3,16,3,0,9,0,0,0,0,0
1953,January,0.4,10.1,28.0,-8.0,15.0,36.9,5.0,21,0,90.8,10.1,22,0,0,5,0,0,0,0,0
1952,December,-0.7,7.1,25.0,-11.0,1.0,29.7,9.7,18,0,91.5,25.6,28,1,0,7,0,0,0,0,0
1952,November,1.4,9.6,5.0,-11.0,17.0,52.1,8.0,19,0,90.6,31.2,19,1,0,4,0,0,0,0,0
1952,October,7.4,17.7,1.0,-1.9,13.0,64.1,16.1,19,2,85.8,78.6,3,0,0,0,0,0,0,0,0
1952,September,11.1,22.4,1.0,1.4,29.0,87.7,24.1,22,2,81.3,139.7,0,0,0,0,0,0,0,0,0
1952,August,18.4,33.5,12.0,7.7,30.0,48.7,24.6,17,1,73.3,190.1,0,0,0,0,11,3,0,0,0
1952,July,18.5,33.9,2.0,7.1,16.0,52.7,24.8,11,1,68.2,254.2,0,0,0,0,13,1,0,0,0
1952,June,15.4,28.6,30.0,4.6,5.0,43.8,10.7,14,2,71.0,259.7,0,0,0,0,6,0,0,0,0
1952,May,12.6,24.2,31.0,-0.2,20.0,55.5,19.0,15,2,73.2,206.3,1,0,0,0,0,0,0,0,0
1952,April,11.4,24.8,12.0,-4.8,2.0,15.2,4.6,9,0,68.8,211.9,3,0,0,0,0,0,0,0,0
1952,March,2.1,13.9,3.0,-7.4,8.0,51.1,11.7,12,1,72.4,158.3,22,0,0,1,0,0,0,0,0
1952,February,0.8,7.6,25.0,-12.2,4.0,17.2,5.3,13,0,86.2,67.4,17,1,0,1,0,0,0,0,0
1952,January,0.8,7.8,16.0,-8.8,29.0,45.9,9.0,19,0,87.8,47.0,22,0,0,6,0,0,0,0,0
1951,December,3.6,10.0,5.0,-5.8,15.0,13.8,3.6,11,0,88.3,53.9,11,0,0,0,0,0,0,0,0
1951,November,6.8,14.7,9.0,-2.2,3.0,65.9,21.3,22,2,90.6,33.3,2,0,0,0,0,0,0,0,0
1951,October,7.3,18.3,2.0,-3.6,17.0,12.4,9.1,4,0,80.1,218.2,15,0,0,0,0,0,0,0,0
1951,September,15.5,29.6,13.0,5.7,25.0,45.0,9.5,15,0,80.1,218.6,0,0,0,0,5,0,0,0,0
1951,August,18.1,32.2,30.0,6.8,17.0,63.9,21.0,16,2,77.9,170.0,0,0,0,0,9,3,0,0,0
1951,July,17.5,29.3,11.0,7.9,6.0,55.6,23.7,10,2,77.7,226.3,0,0,0,0,7,0,0,0,0
1951,June,16.0,27.4,15.0,4.3,9.0,97.7,19.4,16,3,75.5,218.7,0,0,0,0,3,0,0,0,0
1951,May,12.2,23.6,20.0,0.1,12.0,65.7,29.7,15,1,71.6,191.6,0,0,0,0,0,0,0,0,0
1951,April,8.3,27.5,26.0,-3.2,22.0,8.7,4.2,9,0,64.2,202.3,7,0,0,0,2,0,0,0,0
1951,March,2.4,14.3,18.0,-7.6,4.0,32.3,7.6,18,0,78.9,,21,0,0,3,0,0,0,0,0
1951,February,1.7,9.2,12.0,-8.4,3.0,17.5,5.0,13,0,86.2,,14,0,0,3,0,0,0,0,0
1951,January,1.3,9.5,12.0,-13.6,1.0,34.5,10.1,11,1,86.5,,15,1,0,4,0,0,0,0,0
1950,December,-2.2,9.1,2.0,-18.0,31.0,27.1,7.0,13,0,85.6,,29,5,3,12,0,0,0,0,0
1950,November,4.5,14.0,11.0,-4.1,1.0,54.8,9.7,22,0,85.2,,7,0,0,0,0,0,0,0,0
1950,October,8.1,19.6,6.0,-3.7,24.0,22.5,6.9,11,0,77.9,,10,0,0,0,0,0,0,0,0
1950,September,13.6,26.0,14.0,4.6,28.0,39.3,8.8,14,0,77.1,,0,0,0,0,1,0,0,0,0
1950,August,18.7,32.3,23.0,8.8,7.0,47.9,21.0,11,1,69.9,,0,0,0,0,12,2,0,0,0
1950,July,18.2,29.2,21.0,8.2,30.0,68.2,17.4,15,2,72.4,,0,0,0,0,6,0,0,0,0
1950,June,18.2,30.6,7.0,6.1,1.0,34.9,10.8,13,1,67.2,,0,0,0,0,10,4,0,0,0
1950,May,14.6,28.9,21.0,4.4,16.0,111.7,15.5,18,4,73.8,,0,0,0,0,3,0,0,0,0
1950,April,7.5,20.3,8.0,-0.3,30.0,35.5,17.7,16,1,75.3,,1,0,0,0,0,0,0,0,0
1950,March,5.0,17.5,24.0,-10.7,1.0,13.8,4.0,11,0,80.4,,7,1,0,2,0,0,0,0,0
1950,February,3.1,16.1,17.0,-8.4,28.0,52.8,12.2,13,1,82.0,,9,0,0,1,0,0,0,0,0
1950,January,-0.8,10.4,8.0,-13.7,30.0,33.8,9.0,15,0,80.9,,21,4,0,12,0,0,0,0,0
1949,December,3.5,11.9,8.0,-5.2,25.0,58.2,10.6,22,1,85.6,,11,0,0,0,0,0,0,0,0
1949,November,4.1,12.1,22.0,-8.0,2.0,42.1,16.4,14,1,84.1,,11,0,0,0,0,0,0,0,0
1949,October,11.0,25.1,16.0,-5.6,31.0,12.4,6.7,4,0,74.0,,3,0,0,0,1,0,0,0,0
1949,September,16.9,31.3,6.0,5.0,26.0,27.8,17.4,7,1,73.8,,0,0,0,0,7,2,0,0,0
1949,August,17.8,34.8,8.0,5.3,20.0,44.7,10.7,12,2,66.7,,0,0,0,0,12,4,0,0,0
1949,July,17.8,30.9,13.0,7.4,22.0,12.9,5.2,11,0,69.3,,0,0,0,0,18,1,0,0,0
1949,June,14.3,27.3,7.0,4.9,16.0,57.8,19.2,12,2,75.5,,0,0,0,0,2,0,0,0,0
1949,May,13.5,28.5,5.0,-0.1,10.0,34.7,10.9,16,1,70.9,,1,0,0,0,3,0,0,0,0
1949,April,10.8,27.6,18.0,-1.1,21.0,36.9,6.7,12,0,74.4,,2,0,0,0,2,0,0,0,0
1949,March,2.5,20.5,30.0,-10.8,8.0,19.5,4.8,12,0,77.4,,19,1,0,4,0,0,0,0,0
1949,February,2.4,15.0,21.0,-6.8,4.0,30.0,9.1,10,0,84.9,,14,0,0,1,0,0,0,0,0
1949,January,1.9,10.4,19.0,-5.6,11.0,26.9,7.6,13,0,86.7,,19,0,0,1,0,0,0,0,0
1948,December,1.8,10.9,15.0,-7.5,28.0,11.6,4.6,8,0,89.7,,21,0,0,2,0,0,0,0,0
1948,November,4.8,14.5,15.0,-5.5,26.0,19.5,4.0,8,0,89.8,,14,0,0,0,0,0,0,0,0
1948,October,9.1,21.4,2.0,0.1,10.0,30.3,14.4,12,1,82.2,,0,0,0,0,0,0,0,0,0
1948,September,14.8,29.5,11.0,1.8,24.0,37.3,16.6,13,2,77.4,,0,0,0,0,3,0,0,0,0
1948,August,17.2,33.2,2.0,6.4,29.0,88.7,30.6,12,2,76.9,,0,0,0,0,3,2,0,0,0
1948,July,17.4,32.3,31.0,7.1,9.0,56.3,9.1,16,0,76.0,,0,0,0,0,9,6,0,0,0
1948,June,16.8,31.7,11.0,4.4,4.0,37.9,8.8,13,0,68.2,,0,0,0,0,10,3,0,0,0
1948,May,14.5,26.4,10.0,2.5,4.0,59.6,47.9,12,1,68.4,,0,0,0,0,1,0,0,0,0
1948,April,11.4,25.6,22.0,-0.1,16.0,27.5,11.1,10,1,65.7,,1,0,0,0,2,0,0,0,0
1948,March,5.1,18.9,30.0,-5.8,7.0,11.0,6.5,6,0,80.0,,13,0,0,5,0,0,0,0,0
1948,February,0.4,12.6,3.0,-13.9,24.0,46.7,7.8,17,0,84.2,,16,6,0,7,0,0,0,0,0
1948,January,3.0,12.5,13.0,-5.6,1.0,55.0,23.8,18,1,86.1,,21,0,0,1,0,0,0,0,0
1947,December,1.8,11.0,28.0,-7.5,18.0,54.5,16.7,17,2,89.3,,16,0,0,4,0,0,0,0,0
1947,November,5.5,14.8,22.0,-6.1,20.0,61.0,16.7,19,1,85.7,,5,0,0,0,0,0,0,0,0
1947,October,7.6,24.1,6.0,-6.4,26.0,9.9,4.5,4,0,76.3,,9,0,0,0,0,0,0,0,0
1947,September,17.7,33.6,12.0,5.0,5.0,15.8,6.4,6,0,72.8,,0,0,0,0,12,7,0,0,0
1947,August,19.2,31.7,15.0,4.4,30.0,12.4,6.0,7,0,67.1,,0,0,0,0,14,3,0,0,0
1947,July,19.1,34.2,29.0,8.6,15.0,55.9,29.2,9,1,71.7,,0,0,0,0,15,3,0,0,0
1947,June,18.5,33.7,29.0,3.8,12.0,51.4,16.2,12,2,70.6,,0,0,0,0,14,8,0,0,0
1947,May,15.7,30.2,31.0,1.4,6.0,5.9,4.6,3,0,60.9,,0,0,0,0,9,1,0,0,0
1947,April,9.7,22.8,17.0,0.0,12.0,24.8,5.3,13,0,70.0,,0,0,0,0,0,0,0,0,0
1947,March,1.6,17.5,31.0,-17.3,13.0,34.4,9.0,16,0,83.2,,18,4,2,5,0,0,0,0,0
1947,February,-8.8,2.7,28.0,-18.7,21.0,22.9,4.0,13,0,78.5,,28,22,5,26,0,0,0,0,0
1947,January,-5.3,11.2,16.0,-18.8,6.0,18.3,4.1,11,0,81.9,,25,12,7,22,0,0,0,0,0
1945,January,-3.2,4.0,3.0,-13.6,26.0,23.4,8.5,14,0,,43.5,29,9,0,17,0,0,0,0,0
1944,December,-0.9,7.9,1.0,-14.4,26.0,24.8,4.4,10,0,,58.7,20,7,0,9,0,0,0,0,0
1944,November,4.8,18.4,24.0,-4.1,28.0,79.0,12.2,23,2,,45.7,4,0,0,0,0,0,0,0,0
1944,October,9.3,18.8,7.0,0.3,29.0,62.9,13.6,14,2,,89.9,0,0,0,0,0,0,0,0,0
1944,September,14.1,29.4,7.0,2.3,29.0,37.2,14.8,10,1,,166.4,0,0,0,0,2,0,0,0,0
1944,August,21.4,35.5,23.0,8.6,16.0,14.5,9.4,5,0,,291.7,0,0,0,0,24,14,0,0,0
1944,July,19.4,34.6,8.0,8.6,25.0,51.6,10.0,15,1,,231.2,0,0,0,0,15,5,0,0,0
1944,June,15.7,28.5,27.0,4.8,25.0,47.4,7.8,17,0,,176.1,0,0,0,0,7,0,0,0,0
1944,May,12.6,32.2,30.0,-3.2,23.0,31.5,14.8,14,1,,212.3,1,0,0,0,5,1,0,0,0
1944,April,9.4,22.4,24.0,-5.6,2.0,31.3,11.0,15,1,,159.2,5,0,0,0,0,0,0,0,0
1944,March,2.3,9.6,18.0,-3.8,6.0,36.4,6.5,18,0,,95.8,15,0,0,0,0,0,0,0,0
1944,February,0.3,11.9,3.0,-11.5,24.0,44.0,10.4,17,1,,57.1,25,2,0,4,0,0,0,0,0
1944,January,4.6,11.9,28.0,-4.5,6.0,52.5,16.6,22,2,,32.8,7,0,0,0,0,0,0,0,0
1943,December,0.7,7.6,20.0,-6.7,13.0,12.3,3.1,14,0,,41.1,22,0,0,8,0,0,0,0,0
1943,November,3.0,15.9,1.0,-5.5,5.0,38.8,10.5,15,1,,52.9,19,0,0,1,0,0,0,0,0
1943,October,9.7,22.3,23.0,-2.1,31.0,3.7,2.9,5,0,,163.3,4,0,0,0,0,0,0,0,0
1943,September,14.4,28.6,14.0,1.8,28.0,30.5,8.0,9,0,,126.8,0,0,0,0,4,0,0,0,0
1943,August,19.6,37.0,21.0,8.0,18.0,71.3,24.4,18,1,,211.7,0,0,0,0,14,7,2,0,0
1943,July,19.3,33.4,28.0,8.7,8.0,28.1,5.8,10,0,,251.8,0,0,0,0,15,5,0,0,0
1943,June,15.8,29.0,21.0,7.0,16.0,73.7,16.9,17,2,,187.2,0,0,0,0,3,0,0,0,0
1943,May,13.9,29.8,14.0,0.6,1.0,20.9,6.5,7,0,,292.8,0,0,0,0,3,0,0,0,0
1943,April,10.2,25.1,23.0,0.0,7.0,40.0,9.1,15,0,,175.3,0,0,0,0,1,0,0,0,0
1943,March,5.9,19.0,26.0,-6.2,4.0,17.1,9.3,7,0,,182.9,13,0,0,0,0,0,0,0,0
1943,February,3.9,12.4,1.0,-4.1,23.0,16.9,5.1,13,0,,77.9,11,0,0,0,0,0,0,0,0
1943,January,-0.2,10.7,23.0,-14.1,11.0,18.6,4.1,15,0,,58.7,20,4,0,8,0,0,0,0,0
1942,December,2.5,10.3,8.0,-8.5,28.0,9.5,2.2,11,0,,77.6,16,0,0,3,0,0,0,0,0
1942,November,4.6,12.8,1.0,-3.6,30.0,49.3,12.9,23,1,,48.9,6,0,0,0,0,0,0,0,0
1942,October,11.3,24.5,1.0,1.9,19.0,64.9,13.6,16,3,,113.0,0,0,0,0,0,0,0,0,0
1942,September,15.8,28.6,1.0,6.2,11.0,74.1,19.0,15,3,,158.7,0,0,0,0,6,0,0,0,0
1942,August,18.8,33.3,30.0,8.0,8.0,31.8,16.0,9,1,,242.2,0,0,0,0,15,5,0,0,0
1942,July,16.9,30.3,5.0,6.8,3.0,98.7,18.1,19,3,,192.6,0,0,0,0,7,1,0,0,0
1942,June,15.5,30.5,7.0,4.2,22.0,41.2,12.1,12,2,,237.9,0,0,0,0,7,1,0,0,0
1942,May,13.6,27.1,28.0,1.1,3.0,25.6,5.3,14,0,,184.1,0,0,0,0,2,0,0,0,0
1942,April,8.1,19.6,18.0,-3.0,4.0,15.9,5.3,8,0,,215.6,6,0,0,0,0,0,0,0,0
1942,March,0.2,13.5,25.0,-15.8,6.0,24.1,7.0,12,0,,137.7,27,3,1,6,0,0,0,0,0
1942,February,-4.8,2.8,21.0,-16.5,21.0,15.3,7.3,17,0,,32.6,28,9,5,18,0,0,0,0,0
1942,January,-7.5,6.3,5.0,-29.6,27.0,11.8,3.8,13,0,,81.9,27,18,9,23,0,0,0,0,0
1941,December,2.6,12.9,15.0,-13.9,28.0,32.2,5.8,21,0,,26.0,13,4,0,5,0,0,0,0,0
1941,November,2.2,9.7,17.0,-7.9,30.0,28.5,7.8,14,0,,66.6,15,0,0,1,0,0,0,0,0
1941,October,8.7,20.3,7.0,-1.8,31.0,101.0,20.5,21,3,,114.3,3,0,0,0,0,0,0,0,0
1941,September,12.8,24.0,5.0,2.6,16.0,34.1,9.3,8,0,,189.4,0,0,0,0,0,0,0,0,0
1941,August,16.1,26.5,15.0,6.4,10.0,50.6,10.2,19,1,,161.9,0,0,0,0,2,0,0,0,0
1941,July,20.0,31.7,13.0,8.8,6.0,63.0,20.7,14,3,,269.5,0,0,0,0,13,5,0,0,0
1941,June,17.7,31.5,25.0,5.6,13.0,49.5,17.0,11,1,,249.3,0,0,0,0,10,2,0,0,0
1941,May,10.5,23.6,31.0,-2.6,9.0,79.9,30.6,19,3,,170.4,4,0,0,0,0,0,0,0,0
1941,April,6.3,16.0,30.0,-3.5,9.0,26.1,5.1,12,0,,126.9,8,0,0,0,0,0,0,0,0
1941,March,3.4,13.3,2.0,-6.1,18.0,28.4,6.0,15,0,,114.5,15,0,0,0,0,0,0,0,0
1941,February,-0.4,10.4,17.0,-18.0,7.0,36.1,6.6,19,0,,54.6,19,5,2,8,0,0,0,0,0
1941,January,-6.1,5.9,23.0,-19.4,18.0,40.3,7.3,16,0,,49.2,30,14,7,22,0,0,0,0,0
1940,December,-2.1,5.5,10.0,-17.3,24.0,49.0,16.1,18,1,,43.2,22,8,1,14,0,0,0,0,0
1940,November,5.9,14.3,14.0,-3.5,30.0,52.0,11.3,15,1,,70.7,7,0,0,0,0,0,0,0,0
1940,October,7.7,19.2,13.0,-3.1,31.0,23.5,7.3,12,0,,113.9,8,0,0,1,0,0,0,0,0
1940,September,12.8,25.5,5.0,2.1,27.0,31.5,10.0,16,1,,123.3,0,0,0,0,1,0,0,0,0
1940,August,15.7,29.3,5.0,4.8,29.0,63.2,17.8,18,2,,153.2,0,0,0,0,4,0,0,0,0
1940,July,17.8,28.8,7.0,8.8,5.0,50.8,9.7,20,0,,202.3,0,0,0,0,9,0,0,0,0
1940,June,18.9,29.7,24.0,6.6,2.0,39.3,19.9,6,2,,296.3,0,0,0,0,16,0,0,0,0
1940,May,13.2,28.5,30.0,2.5,12.0,18.5,6.5,10,0,,174.3,0,0,0,0,3,0,0,0,0
1940,April,8.9,,,,,37.8,11.3,12,1,,196.5,0,0,0,0,0,0,0,0,0
1940,March,3.2,15.7,12.0,-6.4,2.0,55.1,14.3,22,2,,117.3,16,0,0,1,0,0,0,0,0
1940,February,-6.7,12.2,29.0,-21.0,17.0,23.2,6.2,11,0,,96.6,26,17,11,19,0,0,0,0,0
1940,January,-9.9,2.6,14.0,-24.8,22.0,12.1,5.8,11,0,,59.8,30,23,16,27,0,0,0,0,0
1939,December,-1.0,11.9,2.0,-13.1,30.0,12.7,3.7,10,0,,37.8,24,5,0,13,0,0,0,0,0
1939,November,5.7,13.9,8.0,-5.0,23.0,88.5,19.8,20,3,,72.3,7,0,0,0,0,0,0,0,0
1939,October,6.6,19.2,15.0,-1.8,8.0,85.4,31.6,19,1,,74.4,5,0,0,0,0,0,0,0,0
1939,September,14.6,29.3,9.0,-0.5,28.0,14.0,4.3,10,0,,130.5,1,0,0,0,5,0,0,0,0
1939,August,19.0,29.5,23.0,8.5,14.0,134.5,52.9,12,7,,228.8,0,0,0,0,14,0,0,0,0
1939,July,18.4,32.0,30.0,5.2,13.0,60.0,15.2,16,2,,205.8,0,0,0,0,12,1,0,0,0
1939,June,17.6,29.6,7.0,3.6,15.0,49.1,12.9,14,2,,250.7,0,0,0,0,12,0,0,0,0
1939,May,11.6,22.8,31.0,2.6,4.0,65.9,17.7,15,3,,159.9,0,0,0,0,0,0,0,0,0
1939,April,9.2,25.4,12.0,-3.3,2.0,63.2,20.4,18,1,,145.3,3,0,0,0,2,0,0,0,0
1939,March,2.7,12.2,4.0,-4.3,22.0,49.9,7.3,21,0,,88.8,17,0,0,0,0,0,0,0,0
1939,February,2.9,13.6,25.0,-7.4,4.0,15.7,7.1,10,0,,72.3,16,0,0,2,0,0,0,0,0
1939,January,3.1,12.3,19.0,-10.0,7.0,30.9,7.5,21,0,,44.9,14,0,0,2,0,0,0,0,0
1938,December,-1.6,9.5,2.0,-15.1,19.0,39.4,10.1,15,1,,41.3,22,6,1,13,0,0,0,0,0
1938,November,8.6,18.2,14.0,-1.1,30.0,33.1,8.7,13,0,,64.5,2,0,0,0,0,0,0,0,0
1938,October,10.1,19.5,17.0,-0.4,25.0,81.3,22.4,15,2,,76.4,1,0,0,0,0,0,0,0,0
1938,September,15.5,27.5,22.0,4.6,17.0,27.4,11.7,9,1,,196.1,0,0,0,0,13,0,0,0,0
1938,August,20.5,33.6,5.0,9.5,22.0,16.2,4.8,12,0,,202.5,0,0,0,0,19,12,1,0,0
1938,July,18.6,32.8,8.0,9.2,11.0,46.5,7.0,15,0,,214.4,0,0,0,0,13,3,0,0,0
1938,June,17.5,31.9,9.0,1.8,13.0,15.2,4.2,9,0,,222.0,0,0,0,0,9,2,0,0,0
1938,May,12.6,29.7,15.0,0.2,4.0,66.8,16.9,14,2,,246.5,0,0,0,0,6,0,0,0,0
1938,April,6.6,16.6,2.0,-2.0,20.0,16.9,4.4,15,0,,155.8,6,0,0,0,0,0,0,0,0
1938,March,8.8,22.3,21.0,-0.6,12.0,9.4,3.2,8,0,,164.3,2,0,0,0,0,0,0,0,0
1938,February,2.5,12.4,5.0,-5.6,18.0,22.3,10.1,8,1,,104.5,16,0,0,1,0,0,0,0,0
1938,January,3.0,10.7,17.0,-13.1,5.0,70.2,13.3,26,2,,29.4,8,1,0,3,0,0,0,0,0
1937,December,0.1,9.7,2.0,-9.5,22.0,42.8,9.8,18,0,,28.4,23,0,0,9,0,0,0,0,0
1937,November,4.4,13.5,1.0,-3.3,22.0,16.3,3.1,19,0,,53.0,10,0,0,1,0,0,0,0,0
1937,October,10.7,20.2,3.0,1.1,21.0,22.0,8.8,14,0,,93.2,0,0,0,0,0,0,0,0,0
1937,September,15.1,27.6,3.0,4.9,22.0,20.4,8.2,10,0,,165.1,0,0,0,0,6,0,0,0,0
1937,August,18.6,31.8,8.0,10.6,20.0,127.9,29.8,16,4,,200.1,0,0,0,0,9,2,0,0,0
1937,July,18.6,31.4,4.0,10.4,28.0,57.1,20.0,13,3,,191.0,0,0,0,0,11,1,0,0,0
1937,June,17.9,34.3,11.0,4.6,3.0,56.5,15.4,15,3,,221.3,0,0,0,0,13,3,1,0,0
1937,May,16.9,31.3,26.0,5.3,6.0,86.6,21.2,13,4,,278.8,0,0,0,0,7,1,0,0,0
1937,April,9.8,19.9,10.0,2.1,1.0,63.3,10.8,21,1,,95.6,0,0,0,0,0,0,0,0,0
1937,March,4.0,14.5,19.0,-2.8,11.0,49.4,9.0,23,0,,81.5,10,0,0,0,0,0,0,0,0
1937,February,3.0,11.5,28.0,-9.6,1.0,69.0,13.5,22,1,,48.0,7,0,0,0,0,0,0,0,0
1937,January,-1.5,10.1,3.0,-11.6,25.0,36.4,9.5,17,0,,57.7,23,2,0,13,0,0,0,0,0
1936,December,2.2,12.9,18.0,-4.1,10.0,19.6,9.3,20,0,,46.7,15,0,0,2,0,0,0,0,0
1936,November,4.7,13.5,13.0,-3.1,25.0,27.7,6.3,18,0,,25.7,10,0,0,3,0,0,0,0,0
1936,October,7.8,15.5,24.0,-1.1,30.0,40.5,9.4,19,0,,81.1,4,0,0,0,0,0,0,0,0
1936,September,14.3,25.8,17.0,2.0,29.0,26.8,9.7,12,0,,173.3,0,0,0,0,1,0,0,0,0
1936,August,18.1,30.3,18.0,9.2,27.0,23.9,12.3,11,1,,222.9,0,0,0,0,9,1,0,0,0
1936,July,19.0,33.9,18.0,10.4,30.0,66.4,17.9,23,1,,214.2,0,0,0,0,7,2,0,0,0
1936,June,18.6,30.8,20.0,5.4,1.0,23.9,8.7,10,0,,268.8,0,0,0,0,13,3,0,0,0
1936,May,14.1,24.1,6.0,4.0,22.0,45.4,12.2,18,1,,175.9,0,0,0,0,0,0,0,0,0
1936,April,7.6,20.7,16.0,-1.5,12.0,52.4,18.1,18,1,,137.4,3,0,0,0,0,0,0,0,0
1936,March,6.0,20.0,22.0,-1.3,2.0,19.1,6.3,13,0,,96.9,4,0,0,0,0,0,0,0,0
1936,February,0.9,8.8,1.0,-11.6,11.0,52.0,11.5,17,1,,41.9,17,2,0,2,0,0,0,0,0
1936,January,4.2,12.7,10.0,-2.3,16.0,25.1,6.9,19,0,,54.1,5,0,0,0,0,0,0,0,0
1935,December,1.4,11.4,31.0,-8.9,24.0,23.4,5.4,16,0,83.7,4.2,20,0,0,6,0,0,0,0,0
1935,November,6.4,17.8,1.0,0.7,12.0,23.2,5.2,16,0,84.7,,0,0,0,0,0,0,0,0,0
1935,October,10.0,22.0,4.0,-1.6,23.0,53.0,16.9,18,2,75.1,,2,0,0,0,0,0,0,0,0
1935,September,15.1,29.1,2.0,5.3,11.0,44.7,7.0,22,0,71.4,,0,0,0,0,4,0,0,0,0
1935,August,18.4,32.8,9.0,9.5,18.0,63.4,23.7,11,3,66.0,,0,0,0,0,9,2,0,0,0
1935,July,19.2,30.5,1.0,10.2,7.0,30.0,7.3,11,0,63.0,,0,0,0,0,15,4,0,0,0
1935,June,19.2,33.3,11.0,5.6,20.0,74.2,25.3,16,3,62.5,,0,0,0,0,13,5,2,0,0
1935,May,12.1,25.4,30.0,-2.1,2.0,29.7,9.4,10,0,59.6,,1,0,0,0,1,0,0,0,0
1935,April,8.9,21.4,10.0,-0.2,3.0,60.4,10.0,20,1,74.5,34.9,2,0,0,0,0,0,0,0,0
1935,March,3.8,19.0,20.0,-9.8,7.0,25.7,5.6,11,0,74.5,,14,0,0,4,0,0,0,0,0
1935,February,3.1,13.8,20.0,-12.5,9.0,59.5,9.9,18,0,79.2,17.2,8,1,0,4,0,0,0,0,0
1935,January,0.5,8.7,1.0,-11.6,10.0,39.9,9.3,23,0,87.3,6.3,18,2,0,7,0,0,0,0,0
1934,December,5.0,13.6,5.0,-3.5,25.0,28.9,7.6,18,0,89.5,18.6,6,0,0,1,0,0,0,0,0
1934,November,5.7,16.0,6.0,-1.3,21.0,28.3,17.7,15,1,84.8,38.4,3,0,0,0,0,0,0,0,0
1934,October,11.2,23.7,2.0,0.7,18.0,34.2,6.4,21,0,76.7,10.8,0,0,0,0,0,0,0,0,0
1934,September,17.3,29.5,19.0,7.1,26.0,19.4,8.5,8,0,68.7,,0,0,0,0,12,0,0,0,0
1934,August,18.4,30.2,22.0,9.4,31.0,64.8,17.1,14,3,66.8,,0,0,0,0,7,1,0,0,0
1934,July,19.9,31.3,18.0,9.2,5.0,66.9,24.4,8,2,60.2,,0,0,0,0,18,2,0,0,0
1934,June,18.6,31.2,18.0,5.7,6.0,42.1,12.6,10,1,56.7,,0,0,0,0,11,4,0,0,0
1934,May,15.1,28.9,3.0,3.7,18.0,18.1,8.1,7,0,60.4,,0,0,0,0,7,0,0,0,0
1934,April,11.9,29.0,17.0,0.0,6.0,15.9,6.5,9,0,63.8,,0,0,0,0,3,0,0,0,0
1934,March,5.8,15.3,31.0,-1.0,10.0,20.3,5.0,17,0,75.5,,4,0,0,0,0,0,0,0,0
1934,February,3.0,10.8,23.0,-13.5,3.0,43.8,25.3,15,1,84.2,,7,1,0,3,0,0,0,0,0
1934,January,1.7,12.3,18.0,-7.5,25.0,39.7,10.7,15,1,85.5,,12,0,0,2,0,0,0,0,0
1933,December,-3.3,5.5,21.0,-17.1,14.0,13.3,3.1,10,0,85.4,,25,10,4,14,0,0,0,0,0
1933,November,3.8,9.9,7.0,-1.5,16.0,27.1,5.9,18,0,86.4,,6,0,0,0,0,0,0,0,0
1933,October,10.2,25.4,1.0,2.6,15.0,40.5,9.9,18,0,78.4,,0,0,0,0,1,0,0,0,0
1933,September,14.7,27.1,12.0,2.5,20.0,26.8,9.6,7,0,71.1,,0,0,0,0,4,0,0,0,0
1933,August,18.7,31.9,7.0,9.8,31.0,33.4,16.1,9,1,63.6,,0,0,0,0,14,2,0,0,0
1933,July,20.0,34.0,27.0,9.5,1.0,31.8,13.7,10,2,65.8,,0,0,0,0,16,5,0,0,0
1933,June,16.2,26.4,5.0,7.0,1.0,121.3,39.1,14,6,68.1,,0,0,0,0,4,0,0,0,0
1933,May,13.6,27.7,6.0,4.2,23.0,52.0,22.1,18,1,64.7,,0,0,0,0,3,0,0,0,0
1933,April,8.2,20.3,27.0,-2.0,22.0,24.2,6.8,10,0,62.8,,3,0,0,0,0,0,0,0,0
1933,March,6.7,21.5,30.0,-6.2,1.0,22.9,7.7,8,0,67.5,,11,0,0,0,0,0,0,0,0
1933,February,1.1,11.3,8.0,-10.6,21.0,26.4,6.1,21,0,78.7,,17,1,0,5,0,0,0,0,0
1933,January,-2.1,8.9,5.0,-16.5,27.0,25.2,10.7,10,1,81.0,,20,7,2,16,0,0,0,0,0
1932,December,1.8,11.7,18.0,-5.7,12.0,7.3,3.4,7,0,83.9,,17,0,0,2,0,0,0,0,0
1932,November,5.3,17.1,4.0,-1.5,15.0,38.3,10.4,13,1,82.2,,6,0,0,0,0,0,0,0,0
1932,October,9.8,22.0,22.0,1.8,7.0,66.1,7.7,23,0,78.7,,0,0,0,0,0,0,0,0,0
1932,September,16.3,29.5,9.0,4.7,22.0,67.9,21.3,14,1,73.2,,0,0,0,0,6,0,0,0,0
1932,August,20.5,37.4,20.0,10.4,25.0,31.4,8.0,13,0,66.6,,0,0,0,0,18,9,2,0,0
1932,July,20.2,33.4,12.0,12.3,25.0,67.2,16.1,16,2,68.7,,0,0,0,0,15,6,0,0,0
1932,June,16.4,30.5,28.0,6.4,10.0,24.0,7.9,9,0,62.2,,0,0,0,0,8,1,0,0,0
1932,May,14.7,33.7,21.0,3.1,6.0,86.3,22.6,18,3,68.1,,0,0,0,0,6,3,0,0,0
1932,April,8.7,24.7,29.0,0.0,19.0,35.1,6.4,16,0,67.1,,0,0,0,0,0,0,0,0,0
1932,March,1.9,16.0,30.0,-8.6,12.0,19.7,7.4,13,0,70.5,,23,0,0,3,0,0,0,0,0
1932,February,-0.2,8.2,3.0,-13.3,11.0,4.0,0.8,14,0,76.9,,22,2,0,3,0,0,0,0,0
1932,January,3.1,11.9,7.0,-8.0,1.0,36.6,15.9,13,1,86.2,,12,0,0,1,0,0,0,0,0
1931,December,1.8,11.7,5.0,-7.0,23.0,27.9,7.0,15,0,85.0,,18,0,0,4,0,0,0,0,0
1931,November,5.5,18.0,4.0,-8.0,30.0,14.0,6.1,11,0,84.3,,5,0,0,1,0,0,0,0,0
1931,October,8.9,23.1,6.0,-3.7,27.0,28.6,8.5,13,0,77.8,,2,0,0,0,0,0,0,0,0
1931,September,12.0,24.8,2.0,1.8,24.0,59.8,11.2,16,1,78.9,,0,0,0,0,0,0,0,0,0
1931,August,17.4,34.6,5.0,7.5,14.0,56.3,14.0,17,2,72.2,,0,0,0,0,7,4,1,0,0
1931,July,18.9,31.1,25.0,8.6,1.0,98.4,34.9,19,3,69.5,,0,0,0,0,14,2,0,0,0
1931,June,17.4,30.4,17.0,7.0,4.0,52.4,11.6,15,2,66.7,,0,0,0,0,8,1,0,0,0
1931,May,17.2,32.6,26.0,2.8,1.0,45.0,18.5,15,2,67.1,,0,0,0,0,10,4,0,0,0
1931,April,7.0,21.5,25.0,-4.5,1.0,39.7,10.0,17,1,70.1,,6,0,0,0,0,0,0,0,0
1931,March,1.3,15.1,21.0,-8.5,8.0,11.0,2.7,14,0,72.8,,25,0,0,4,0,0,0,0,0
1931,February,0.2,10.6,26.0,-9.2,9.0,14.9,3.8,17,0,85.7,,21,0,0,6,0,0,0,0,0
1931,January,1.2,9.6,4.0,-8.3,10.0,56.6,9.5,26,0,85.3,,14,0,0,3,0,0,0,0,0
1930,December,1.4,7.9,28.0,-4.8,25.0,27.9,6.2,18,0,90.5,,15,0,0,6,0,0,0,0,0
1930,November,6.7,14.8,22.0,-1.2,7.0,78.5,12.9,22,3,81.6,,4,0,0,0,0,0,0,0,0
1930,October,10.1,23.3,16.0,2.1,3.0,48.1,11.9,19,1,80.4,,0,0,0,0,0,0,0,0,0
1930,September,14.0,23.1,14.0,5.2,29.0,75.2,15.5,18,3,79.1,,0,0,0,0,0,0,0,0,0
1930,August,17.6,32.0,27.0,10.0,26.0,44.8,8.5,17,0,71.9,,0,0,0,0,10,3,0,0,0
1930,July,17.9,33.6,4.0,9.8,13.0,89.7,17.7,19,3,68.5,,0,0,0,0,7,4,0,0,0
1930,June,20.2,34.2,12.0,7.0,5.0,35.0,11.5,7,2,58.9,,0,0,0,0,22,6,0,0,0
1930,May,13.4,24.9,29.0,1.4,1.0,61.8,11.1,21,1,71.3,,0,0,0,0,0,0,0,0,0
1930,April,9.7,25.0,26.0,-0.4,3.0,69.9,21.8,15,1,76.4,,1,0,0,0,1,0,0,0,0
1930,March,4.7,19.5,29.0,-4.1,2.0,32.5,9.4,13,0,75.3,,10,0,0,0,0,0,0,0,0
1930,February,0.7,7.8,27.0,-5.9,10.0,4.1,1.2,10,0,83.0,,24,0,0,1,0,0,0,0,0
1930,January,3.3,12.7,20.0,-3.7,27.0,18.7,4.8,13,0,83.8,,11,0,0,0,0,0,0,0,0
1929,December,4.3,13.6,5.0,-6.1,21.0,76.5,22.6,23,1,83.4,,8,0,0,4,0,0,0,0,0
1929,November,5.7,13.0,29.0,-0.1,14.0,21.0,4.3,19,0,83.1,,1,0,0,0,0,0,0,0,0
1929,October,10.5,19.8,8.0,0.0,22.0,78.7,17.0,23,2,81.9,,0,0,0,0,0,0,0,0,0
1929,September,16.8,34.8,1.0,2.9,26.0,10.7,6.5,4,0,64.3,,0,0,0,0,12,4,0,0,0
1929,August,19.4,33.2,28.0,7.4,20.0,21.8,16.6,5,1,60.7,,0,0,0,0,14,3,0,0,0
1929,July,18.9,34.5,21.0,8.2,10.0,32.6,9.6,13,0,64.9,,0,0,0,0,12,7,1,0,0
1929,June,15.8,31.9,20.0,5.6,5.0,58.0,11.1,15,1,65.0,,0,0,0,0,6,1,0,0,0
1929,May,15.0,29.5,6.0,1.9,2.0,34.7,12.6,9,2,61.4,,0,0,0,0,6,0,0,0,0
1929,April,5.8,21.7,19.0,-4.9,4.0,32.5,14.4,14,1,68.7,,7,0,0,0,0,0,0,0,0
1929,March,3.4,17.0,22.0,-17.3,2.0,15.0,5.7,10,0,80.6,,12,3,1,2,0,0,0,0,0
1929,February,-10.3,3.6,23.0,-25.7,11.0,47.4,13.9,16,1,77.4,,28,22,13,24,0,0,0,0,0
1929,January,-4.0,3.3,19.0,-15.9,11.0,30.0,6.7,18,0,86.9,,29,6,1,18,0,0,0,0,0
1928,December,0.4,7.8,1.0,-9.5,21.0,32.4,8.6,13,0,87.3,,20,0,0,7,0,0,0,0,0
1928,November,7.5,15.3,3.0,-1.9,11.0,91.8,31.0,24,2,84.4,,2,0,0,0,0,0,0,0,0
1928,October,9.9,21.7,9.0,-1.6,16.0,83.2,22.5,21,3,79.3,,1,0,0,0,0,0,0,0,0
1928,September,13.9,32.8,9.0,3.3,24.0,8.9,6.1,5,0,68.0,,0,0,0,0,5,2,0,0,0
1928,August,17.1,30.2,12.0,6.7,3.0,47.9,10.2,18,1,69.5,,0,0,0,0,9,1,0,0,0
1928,July,19.7,35.2,13.0,8.8,8.0,40.8,9.6,12,0,61.0,,0,0,0,0,15,7,1,0,0
1928,June,15.3,27.3,10.0,0.5,2.0,37.3,8.9,17,0,63.0,,0,0,0,0,5,0,0,0,0
1928,May,11.7,26.5,2.0,1.2,10.0,44.5,15.6,14,1,65.1,,0,0,0,0,2,0,0,0,0
1928,April,8.4,26.9,30.0,-0.4,19.0,57.6,14.2,18,2,74.0,,3,0,0,0,2,0,0,0,0
1928,March,3.8,17.7,23.0,-6.8,16.0,28.4,16.3,10,1,68.5,,19,0,0,3,0,0,0,0,0
1928,February,3.3,13.8,16.0,-4.4,22.0,29.4,4.8,14,0,78.8,,12,0,0,0,0,0,0,0,0
1928,January,2.0,9.0,8.0,-8.9,4.0,43.4,8.8,18,0,84.7,,14,0,0,4,0,0,0,0,0
1927,December,-2.5,8.0,23.0,-19.9,21.0,25.3,12.8,14,1,85.6,,28,3,2,16,0,0,0,0,0
1927,November,2.8,16.9,3.0,-7.6,22.0,47.0,13.1,16,1,84.7,,15,0,0,4,0,0,0,0,0
1927,October,9.9,20.5,31.0,-0.2,22.0,18.3,7.0,15,0,78.5,,1,0,0,0,0,0,0,0,0
1927,September,14.8,28.6,7.0,4.9,29.0,25.4,5.0,16,0,74.4,,0,0,0,0,7,0,0,0,0
1927,August,18.2,31.5,1.0,10.2,18.0,132.6,35.2,18,4,74.5,,0,0,0,0,11,3,0,0,0
1927,July,19.1,31.2,1.0,9.8,21.0,118.1,24.6,21,5,74.1,,0,0,0,0,11,4,0,0,0
1927,June,15.1,31.3,17.0,5.7,10.0,48.7,9.1,19,0,69.7,,0,0,0,0,6,2,0,0,0
1927,May,11.6,30.2,31.0,1.2,1.0,39.5,8.3,16,0,66.2,,0,0,0,0,1,1,0,0,0
1927,April,7.9,21.4,22.0,0.8,5.0,74.5,15.3,24,2,75.7,,0,0,0,0,0,0,0,0,0
1927,March,7.9,20.8,22.0,-2.5,15.0,34.8,7.4,18,0,74.5,,2,0,0,0,0,0,0,0,0
1927,February,1.8,13.3,28.0,-6.5,20.0,15.7,4.5,11,0,80.5,,14,0,0,4,0,0,0,0,0
1927,January,3.0,9.4,10.0,-8.2,24.0,34.2,7.5,18,0,85.7,,9,0,0,1,0,0,0,0,0
1926,December,2.2,8.5,11.0,-8.3,25.0,32.2,7.3,20,0,87.3,,14,0,0,5,0,0,0,0,0
1926,November,7.1,14.5,14.0,-1.0,29.0,40.4,14.7,18,1,83.0,,2,0,0,0,0,0,0,0,0
1926,October,8.4,20.5,8.0,-0.7,25.0,141.9,34.4,23,3,82.7,,3,0,0,0,0,0,0,0,0
1926,September,15.5,31.2,11.0,4.9,25.0,41.6,18.6,14,1,76.0,,0,0,0,0,9,3,0,0,0
1926,August,17.2,27.6,10.0,9.7,30.0,64.2,13.5,17,3,74.8,,0,0,0,0,4,0,0,0,0
1926,July,19.2,32.9,19.0,9.3,28.0,197.9,82.4,17,7,74.8,,0,0,0,0,15,5,0,0,0
1926,June,15.4,25.1,21.0,8.0,25.0,99.0,32.5,14,4,74.5,,0,0,0,0,1,0,0,0,0
1926,May,12.4,24.2,28.0,1.8,3.0,29.2,10.5,14,1,67.4,,0,0,0,0,0,0,0,0,0
1926,April,11.6,28.1,25.0,-0.8,4.0,12.2,3.8,9,0,64.4,,1,0,0,0,2,0,0,0,0
1926,March,5.1,17.2,29.0,-4.7,21.0,44.9,7.6,19,0,74.0,,10,0,0,0,0,0,0,0,0
1926,February,4.6,12.5,3.0,-4.8,9.0,48.9,10.7,20,1,85.8,,4,0,0,2,0,0,0,0,0
1926,January,0.4,10.6,28.0,-11.8,22.0,79.1,12.0,26,1,85.5,,15,3,0,11,0,0,0,0,0
1925,December,0.4,14.7,30.0,-14.0,5.0,62.0,12.9,24,2,81.6,,17,4,0,9,0,0,0,0,0
1925,November,3.3,15.0,4.0,-6.6,30.0,39.9,11.1,21,1,85.7,,10,0,0,1,0,0,0,0,0
1925,October,9.2,22.3,3.0,-2.1,20.0,27.9,6.5,19,0,78.6,,1,0,0,0,0,0,0,0,0
1925,September,12.0,23.4,20.0,4.3,30.0,55.7,9.9,19,0,77.4,,0,0,0,0,0,0,0,0,0
1925,August,18.4,36.1,10.0,10.7,22.0,38.5,6.7,17,0,69.9,,0,0,0,0,10,2,0,0,0
1925,July,19.8,33.7,20.0,9.2,10.0,52.3,15.0,10,1,63.0,,0,0,0,0,17,7,0,0,0
1925,June,16.3,30.6,10.0,6.5,18.0,61.0,27.2,9,2,60.9,,0,0,0,0,8,2,0,0,0
1925,May,16.0,28.0,17.0,2.2,3.0,28.7,21.0,10,1,58.4,,0,0,0,0,7,0,0,0,0
1925,April,9.8,21.8,12.0,0.6,5.0,41.9,15.4,17,1,64.0,,0,0,0,0,0,0,0,0,0
1925,March,2.5,13.7,1.0,-7.7,13.0,36.8,5.7,21,0,79.2,,15,0,0,2,0,0,0,0,0
1925,February,5.0,14.9,12.0,-3.7,24.0,23.0,6.8,15,0,76.0,,4,0,0,1,0,0,0,0,0
1925,January,3.9,13.0,4.0,-3.5,14.0,27.7,5.7,17,0,83.8,,7,0,0,0,0,0,0,0,0
1924,December,2.8,10.6,2.0,-7.2,13.0,11.6,3.9,10,0,85.8,,13,0,0,2,0,0,0,0,0
1924,November,3.7,15.8,2.0,-6.9,16.0,8.3,6.1,8,0,82.3,,13,0,0,1,0,0,0,0,0
1924,October,10.4,21.8,2.0,-0.4,24.0,21.0,11.3,15,1,79.8,,1,0,0,0,0,0,0,0,0
1924,September,14.6,28.3,8.0,5.7,30.0,75.6,13.4,19,1,78.5,,0,0,0,0,3,0,0,0,0
1924,August,16.4,29.9,12.0,8.7,29.0,139.8,41.9,20,3,72.3,,0,0,0,0,5,0,0,0,0
1924,July,18.3,34.2,13.0,9.3,25.0,79.6,27.3,12,3,64.5,,0,0,0,0,12,1,0,0,0
1924,June,17.2,31.6,20.0,4.5,6.0,16.1,8.9,8,0,62.0,,0,0,0,0,9,2,0,0,0
1924,May,15.4,30.8,15.0,2.9,5.0,51.0,14.1,16,2,66.8,,0,0,0,0,6,1,0,0,0
1924,April,7.1,22.2,15.0,-2.3,12.0,65.6,11.1,22,1,71.6,,5,0,0,0,0,0,0,0,0
1924,March,3.0,17.5,24.0,-6.7,19.0,14.8,5.0,12,0,74.4,,18,0,0,0,0,0,0,0,0
1924,February,-1.9,6.5,5.0,-10.6,15.0,24.3,9.9,17,0,75.8,,25,1,0,11,0,0,0,0,0
1924,January,-2.4,6.3,19.0,-13.1,4.0,18.4,4.2,13,0,82.9,,28,4,0,14,0,0,0,0,0
1923,December,-1.7,8.7,18.0,-16.0,27.0,46.6,8.6,24,0,87.5,,20,8,1,11,0,0,0,0,0
1923,November,3.8,16.8,13.0,-5.1,25.0,16.4,5.2,17,0,82.5,,10,0,0,1,0,0,0,0,0
1923,October,11.2,27.8,1.0,2.8,31.0,82.7,22.6,22,2,79.4,,0,0,0,0,1,0,0,0,0
1923,September,14.4,29.0,14.0,5.4,25.0,24.4,7.6,19,0,72.4,,0,0,0,0,4,0,0,0,0
1923,August,16.6,29.4,9.0,8.2,6.0,34.3,9.6,15,0,68.4,,0,0,0,0,7,0,0,0,0
1923,July,19.7,36.5,14.0,9.5,2.0,43.7,9.1,13,0,65.7,,0,0,0,0,14,9,1,0,0
1923,June,12.1,23.4,24.0,5.3,7.0,81.1,21.9,21,2,75.7,,0,0,0,0,0,0,0,0,0
1923,May,12.9,31.9,6.0,3.4,18.0,81.1,18.4,19,3,70.3,,0,0,0,0,2,1,0,0,0
1923,April,7.7,23.2,12.0,-2.9,3.0,57.3,15.9,11,2,66.0,,6,0,0,0,0,0,0,0,0
1923,March,6.1,21.4,24.0,0.0,10.0,30.6,7.4,16,0,79.3,,0,0,0,0,0,0,0,0,0
1923,February,0.6,12.1,2.0,-10.2,19.0,31.3,5.1,16,0,81.7,,17,1,0,9,0,0,0,0,0
1923,January,3.1,9.0,9.0,-5.5,19.0,47.1,11.5,24,1,84.9,,10,0,0,1,0,0,0,0,0
1922,December,3.4,10.4,30.0,-8.0,10.0,45.0,10.0,22,1,85.0,,6,0,0,1,0,0,0,0,0
1922,November,3.6,12.2,7.0,-3.9,28.0,51.5,10.8,25,1,85.3,,8,0,0,0,0,0,0,0,0
1922,October,5.4,15.6,3.0,-4.0,25.0,57.7,12.4,14,1,79.9,,8,0,0,0,0,0,0,0,0
1922,September,12.5,21.7,2.0,3.0,27.0,67.9,12.3,23,2,77.4,,0,0,0,0,0,0,0,0,0
1922,August,16.6,31.5,30.0,8.3,27.0,53.2,12.6,16,1,69.3,,0,0,0,0,7,2,0,0,0
1922,July,17.2,33.7,6.0,7.4,29.0,66.3,14.7,17,1,68.9,,0,0,0,0,9,1,0,0,0
1922,June,17.2,30.0,9.0,6.6,5.0,42.8,15.5,15,1,61.9,,0,0,0,0,6,1,0,0,0
1922,May,15.2,34.5,24.0,2.5,14.0,15.4,3.0,11,0,57.4,,0,0,0,0,9,5,0,0,0
1922,April,6.6,28.7,15.0,-2.8,1.0,65.0,12.3,19,2,69.8,,8,0,0,0,2,0,0,0,0
1922,March,4.6,18.7,7.0,-5.3,30.0,24.6,3.9,15,0,74.8,,12,0,0,1,0,0,0,0,0
1922,February,-1.0,16.2,26.0,-16.8,8.0,25.1,12.2,13,1,79.0,,17,10,2,10,0,0,0,0,0
1922,January,-2.6,11.3,2.0,-15.5,27.0,48.1,9.4,18,0,82.2,,23,8,1,17,0,0,0,0,0
1921,December,1.5,12.8,28.0,-10.4,6.0,27.3,6.1,15,0,81.8,,12,1,0,9,0,0,0,0,0
1921,November,0.3,12.5,1.0,-10.8,30.0,28.1,9.1,12,0,82.4,,17,2,0,5,0,0,0,0,0
1921,October,12.1,24.8,11.0,-0.9,25.0,32.6,9.8,10,0,73.8,,1,0,0,0,0,0,0,0,0
1921,September,14.5,29.0,9.0,3.4,28.0,35.8,17.1,6,1,66.3,,0,0,0,0,6,0,0,0,0
1921,August,19.3,36.5,2.0,7.6,31.0,36.6,11.4,10,2,57.5,,0,0,0,0,18,6,0,0,0
1921,July,19.9,36.5,26.0,8.3,1.0,9.0,3.2,7,0,56.9,,0,0,0,0,20,8,1,0,0
1921,June,15.5,35.2,4.0,4.9,22.0,41.4,7.8,20,0,66.2,,0,0,0,0,6,1,0,0,0
1921,May,15.9,31.2,25.0,0.7,4.0,63.9,18.3,10,3,62.9,,0,0,0,0,10,2,0,0,0
1921,April,9.3,24.9,27.0,-1.8,17.0,19.7,9.0,11,0,64.5,,1,0,0,0,0,0,0,0,0
1921,March,7.7,21.7,26.0,-3.7,8.0,7.9,3.8,8,0,64.7,,7,0,0,0,0,0,0,0,0
1921,February,2.3,10.6,26.0,-6.0,10.0,24.1,5.8,11,0,80.2,,16,0,0,1,0,0,0,0,0
1921,January,5.4,14.3,2.0,-4.5,17.0,75.7,18.5,25,2,81.5,,9,0,0,0,0,0,0,0,0
1920,December,0.6,13.0,30.0,-9.4,16.0,48.7,8.5,24,0,88.5,,20,0,0,8,0,0,0,0,0
1920,November,1.4,14.0,16.0,-7.5,28.0,8.0,4.7,6,0,76.9,,21,0,0,3,0,0,0,0,0
1920,October,6.9,19.4,2.0,-5.6,30.0,6.5,2.8,8,0,74.2,,13,0,0,0,0,0,0,0,0
1920,September,14.3,25.0,18.0,5.5,10.0,25.3,7.3,17,0,75.3,,0,0,0,0,1,0,0,0,0
1920,August,16.7,31.7,5.0,7.8,21.0,53.2,18.6,13,1,68.2,,0,0,0,0,10,1,0,0,0
1920,July,19.4,33.3,17.0,10.2,29.0,53.0,20.2,13,2,64.7,,0,0,0,0,14,4,0,0,0
1920,June,16.1,28.2,30.0,5.1,9.0,31.8,9.6,15,0,64.4,,0,0,0,0,8,0,0,0,0
1920,May,15.4,30.4,26.0,1.7,6.0,61.0,21.6,16,2,63.8,,0,0,0,0,6,1,0,0,0
1920,April,11.2,21.0,17.0,2.9,4.0,41.7,14.3,19,1,70.6,,0,0,0,0,0,0,0,0,0
1920,March,7.5,22.2,6.0,-3.7,12.0,26.4,7.5,8,0,70.3,,6,0,0,0,0,0,0,0,0
1920,February,4.1,15.7,25.0,-4.8,8.0,8.1,2.2,9,0,79.8,,12,0,0,0,0,0,0,0,0
1920,January,3.2,11.9,13.0,-5.3,7.0,43.2,9.9,13,0,82.5,,12,0,0,3,0,0,0,0,0
1919,December,1.2,11.8,4.0,-7.3,27.0,65.3,11.5,22,1,85.0,,16,0,0,8,0,0,0,0,0
1919,November,0.0,11.7,24.0,-12.6,17.0,86.5,15.5,25,3,86.7,,20,2,0,10,0,0,0,0,0
1919,October,7.3,21.8,1.0,-2.1,30.0,50.8,14.3,16,2,81.1,,5,0,0,0,0,0,0,0,0
1919,September,16.2,34.7,11.0,0.8,30.0,14.7,10.4,8,1,65.3,,0,0,0,0,12,3,0,0,0
1919,August,17.3,31.0,20.0,6.9,31.0,17.6,4.9,12,0,64.9,,0,0,0,0,10,2,0,0,0
1919,July,16.1,27.8,19.0,6.6,14.0,47.0,14.1,14,2,69.3,,0,0,0,0,5,0,0,0,0
1919,June,16.7,32.3,18.0,7.0,3.0,23.5,9.7,15,0,62.0,,0,0,0,0,11,5,0,0,0
1919,May,12.9,26.1,31.0,0.1,1.0,5.3,1.7,6,0,59.3,,0,0,0,0,2,0,0,0,0
1919,April,7.2,16.3,18.0,-0.7,28.0,57.2,34.4,14,1,71.0,,5,0,0,0,0,0,0,0,0
1919,March,3.8,20.0,12.0,-5.5,25.0,37.2,8.9,19,0,75.8,,14,0,0,0,0,0,0,0,0
1919,February,0.8,12.5,22.0,-13.0,8.0,22.6,8.0,15,0,84.2,,14,2,0,8,0,0,0,0,0
1919,January,1.3,12.0,8.0,-11.0,30.0,17.7,4.1,17,0,83.9,,17,1,0,4,0,0,0,0,0
1918,December,4.8,11.2,14.0,-1.9,26.0,75.1,15.7,28,1,86.7,,3,0,0,0,0,0,0,0,0
1918,November,3.7,15.0,5.0,-5.2,26.0,19.5,6.1,16,0,85.4,,13,0,0,0,0,0,0,0,0
1918,October,9.0,18.5,22.0,-0.3,28.0,53.4,11.2,14,2,81.9,,1,0,0,0,0,0,0,0,0
1918,September,14.0,27.0,17.0,5.1,29.0,35.0,11.5,18,1,73.0,,0,0,0,0,3,0,0,0,0
1918,August,17.0,34.6,22.0,8.0,30.0,85.3,16.0,22,2,74.9,,0,0,0,0,7,1,0,0,0
1918,July,17.9,30.3,17.0,8.1,1.0,62.3,14.5,19,1,68.4,,0,0,0,0,9,1,1,0,0
1918,June,14.2,28.0,10.0,3.6,4.0,31.3,10.5,12,1,61.9,,0,0,0,0,2,0,0,0,0
1918,May,15.4,30.7,22.0,2.3,9.0,21.4,7.6,9,0,59.1,,0,0,0,0,8,2,0,0,0
1918,April,10.8,23.7,15.0,1.2,21.0,51.8,13.4,14,2,75.2,,0,0,0,0,0,0,0,0,0
1918,March,5.1,18.6,23.0,-3.7,8.0,10.2,1.7,15,0,73.7,,13,0,0,0,0,0,0,0,0
1918,February,2.8,11.5,9.0,-8.5,17.0,29.4,7.3,17,0,78.5,,15,0,0,2,0,0,0,0,0
1918,January,1.5,13.7,25.0,-7.5,3.0,77.1,19.5,24,3,84.2,,22,0,0,5,0,0,0,0,0
1917,December,-0.8,8.9,1.0,-9.8,24.0,22.3,8.7,16,0,84.8,,22,0,0,9,0,0,0,0,0
1917,November,6.3,13.2,24.0,-2.2,5.0,21.9,9.9,18,0,83.2,,4,0,0,0,0,0,0,0,0
1917,October,8.8,25.6,3.0,0.8,30.0,62.8,11.3,20,2,76.1,,0,0,0,0,2,0,0,0,0
1917,September,15.9,29.3,26.0,5.2,30.0,8.5,4.3,7,0,67.6,,0,0,0,0,7,0,0,0,0
1917,August,18.3,29.1,23.0,11.0,26.0,131.4,26.2,18,6,69.9,,0,0,0,0,12,0,0,0,0
1917,July,18.7,30.5,28.0,8.5,7.0,68.5,15.6,12,3,63.2,,0,0,0,0,15,1,0,0,0
1917,June,21.5,35.3,20.0,9.9,24.0,6.9,2.3,5,0,49.8,,0,0,0,0,25,10,0,0,0
1917,May,16.5,31.7,14.0,2.0,7.0,10.3,3.4,10,0,52.1,,0,0,0,0,12,1,0,0,0
1917,April,5.9,16.0,15.0,-1.7,11.0,24.6,5.3,16,0,66.1,,3,0,0,0,0,0,0,0,0
1917,March,0.4,10.0,18.0,-11.9,7.0,32.2,12.9,18,1,75.0,,21,1,0,6,0,0,0,0,0
1917,February,-3.9,5.7,16.0,-24.6,5.0,18.6,7.6,8,0,84.8,,22,10,7,9,0,0,0,0,0
1917,January,-2.0,10.3,2.0,-15.5,22.0,52.3,9.7,20,0,84.1,,27,3,1,16,0,0,0,0,0
1916,December,2.6,11.4,30.0,-6.7,21.0,52.9,9.0,20,0,88.1,,10,0,0,1,0,0,0,0,0
1916,November,5.6,16.4,1.0,-4.5,18.0,37.5,10.7,15,1,81.6,,8,0,0,2,0,0,0,0,0
1916,October,9.3,19.9,7.0,-1.7,20.0,31.3,12.1,16,1,77.5,,4,0,0,0,0,0,0,0,0
1916,September,13.1,26.0,9.0,4.4,17.0,27.0,10.9,10,1,74.7,,0,0,0,0,2,0,0,0,0
1916,August,17.2,30.0,10.0,8.4,8.0,47.9,11.6,17,1,71.6,,0,0,0,0,5,1,0,0,0
1916,July,17.1,28.6,28.0,11.1,15.0,79.0,43.8,14,1,73.6,,0,0,0,0,7,0,0,0,0
1916,June,14.4,30.7,24.0,5.8,20.0,38.7,9.1,16,0,66.0,,0,0,0,0,2,1,0,0,0
1916,May,14.5,30.3,5.0,2.0,13.0,33.3,8.1,17,0,64.7,,0,0,0,0,4,1,0,0,0
1916,April,9.9,25.5,4.0,0.8,11.0,25.5,5.1,12,0,66.6,,0,0,0,0,1,0,0,0,0
1916,March,4.4,17.2,20.0,-1.4,1.0,38.1,9.5,23,0,84.1,,7,0,0,0,0,0,0,0,0
1916,February,1.3,10.0,7.0,-6.6,27.0,49.9,12.5,16,1,81.5,,20,0,0,4,0,0,0,0,0
1916,January,4.7,12.2,22.0,-2.7,31.0,55.8,11.6,22,1,80.9,,6,0,0,0,0,0,0,0,0
1915,December,3.7,14.7,11.0,-9.5,22.0,65.9,10.9,22,1,82.7,,8,0,0,2,0,0,0,0,0
1915,November,2.6,14.2,13.0,-10.3,28.0,19.0,4.8,14,0,82.0,,11,1,0,4,0,0,0,0,0
1915,October,7.2,17.2,14.0,-4.8,29.0,39.5,8.9,16,0,86.6,,5,0,0,0,0,0,0,0,0
1915,September,13.1,25.7,13.0,1.1,21.0,19.8,7.0,13,0,71.7,,0,0,0,0,2,0,0,0,0
1915,August,16.8,28.9,2.0,8.5,31.0,82.7,30.0,18,3,72.8,,0,0,0,0,9,0,0,0,0
1915,July,17.8,32.5,5.0,8.7,31.0,48.4,16.4,16,1,64.4,,0,0,0,0,7,2,0,0,0
1915,June,19.2,34.7,9.0,5.2,20.0,17.2,7.2,4,0,51.3,,0,0,0,0,17,6,0,0,0
1915,May,14.4,27.0,26.0,2.2,4.0,10.2,3.7,5,0,55.6,,0,0,0,0,5,0,0,0,0
1915,April,8.1,22.0,26.0,-0.8,1.0,43.3,12.3,15,2,71.8,,2,0,0,0,0,0,0,0,0
1915,March,2.5,20.7,24.0,-9.3,9.0,77.5,13.5,21,3,78.3,,16,0,0,2,0,0,0,0,0
1915,February,1.6,11.6,19.0,-6.2,7.0,27.4,9.4,13,0,82.1,,18,0,0,2,0,0,0,0,0
1915,January,0.8,9.4,15.0,-9.2,29.0,54.9,19.6,24,1,84.7,,18,0,0,6,0,0,0,0,0
1914,December,4.6,13.8,7.0,-3.4,23.0,44.4,10.1,21,1,82.2,,6,0,0,0,0,0,0,0,0
1914,November,4.4,12.3,2.0,-5.7,22.0,24.1,5.2,18,0,86.0,,10,0,0,1,0,0,0,0,0
1914,October,9.1,17.8,14.0,2.4,7.0,52.7,11.8,21,1,86.3,,0,0,0,0,0,0,0,0,0
1914,September,13.8,29.8,10.0,4.9,23.0,47.7,21.3,11,1,70.7,,0,0,0,0,5,0,0,0,0
1914,August,19.0,31.5,11.0,9.2,16.0,31.8,10.3,9,1,68.4,,0,0,0,0,17,2,0,0,0
1914,July,19.8,32.8,15.0,9.0,27.0,137.1,26.0,18,5,69.5,,0,0,0,0,16,9,0,0,0
1914,June,16.4,28.8,16.0,5.8,4.0,54.7,18.3,14,1,67.1,,0,0,0,0,9,0,0,0,0
1914,May,12.4,30.7,23.0,0.6,2.0,67.7,15.7,17,1,67.5,,0,0,0,0,3,1,0,0,0
1914,April,11.0,25.2,22.0,1.6,16.0,38.8,13.5,11,2,63.2,,0,0,0,0,2,0,0,0,0
1914,March,6.0,18.7,31.0,-1.1,1.0,47.3,6.7,20,0,76.1,,2,0,0,0,0,0,0,0,0
1914,February,4.6,14.5,9.0,-3.3,6.0,18.5,5.2,11,0,80.2,,8,0,0,0,0,0,0,0,0
1914,January,-1.8,12.1,31.0,-13.3,15.0,13.8,6.1,14,0,80.2,,24,4,0,16,0,0,0,0,0
1913,December,3.3,10.7,1.0,-5.6,31.0,65.3,9.9,23,0,87.0,,7,0,0,1,0,0,0,0,0
1913,November,7.7,16.3,1.0,-1.6,23.0,33.9,7.9,20,0,84.2,,3,0,0,0,0,0,0,0,0
1913,October,10.2,22.8,3.0,-0.9,13.0,23.0,4.9,15,0,82.9,,3,0,0,0,0,0,0,0,0
1913,September,14.0,26.7,14.0,3.9,24.0,32.2,16.8,10,1,75.5,,0,0,0,0,2,0,0,0,0
1913,August,16.3,29.2,30.0,8.0,8.0,39.5,10.6,12,2,72.1,,0,0,0,0,10,0,0,0,0
1913,July,16.4,28.1,15.0,9.0,21.0,47.3,18.6,13,1,70.7,,0,0,0,0,8,0,0,0,0
1913,June,16.6,31.2,18.0,4.8,14.0,32.1,7.2,16,0,64.2,,0,0,0,0,9,1,0,0,0
1913,May,14.1,30.5,31.0,2.5,9.0,36.9,16.1,12,1,62.7,,0,0,0,0,7,1,0,0,0
1913,April,9.6,29.5,29.0,-4.7,12.0,20.7,6.2,9,0,63.1,,7,0,0,0,4,0,0,0,0
1913,March,7.2,24.6,31.0,-5.3,2.0,24.7,4.8,16,0,69.8,,5,0,0,0,0,0,0,0,0
1913,February,2.7,11.4,26.0,-8.3,20.0,18.2,6.1,9,0,75.6,,15,0,0,0,0,0,0,0,0
1913,January,0.4,9.2,25.0,-8.6,15.0,33.3,8.2,15,0,81.4,,21,0,0,6,0,0,0,0,0
1912,December,4.8,12.5,14.0,-1.8,22.0,35.0,6.7,16,0,82.4,,8,0,0,0,0,0,0,0,0
1912,November,4.1,10.2,10.0,-2.5,7.0,44.7,9.7,20,0,84.6,,5,0,0,0,0,0,0,0,0
1912,October,7.5,16.5,1.0,-3.2,7.0,26.6,7.2,17,0,79.7,,5,0,0,0,0,0,0,0,0
1912,September,10.5,18.6,1.0,2.3,21.0,31.6,9.5,18,0,78.8,,0,0,0,0,0,0,0,0,0
1912,August,15.3,26.7,19.0,7.7,29.0,104.4,14.6,24,2,76.3,,0,0,0,0,2,0,0,0,0
1912,July,20.0,32.2,28.0,8.4,5.0,33.9,9.7,10,0,64.4,,0,0,0,0,20,3,0,0,0
1912,June,17.0,30.4,29.0,6.2,1.0,68.6,10.5,19,2,70.3,,0,0,0,0,5,2,0,0,0
1912,May,12.8,26.8,12.0,0.2,1.0,75.4,17.4,12,2,67.6,,0,0,0,0,1,0,0,0,0
1912,April,8.4,20.2,22.0,-2.8,13.0,15.5,4.4,11,0,63.3,,4,0,0,0,0,0,0,0,0
1912,March,7.2,19.3,27.0,-1.7,13.0,28.0,8.1,21,0,74.9,,2,0,0,0,0,0,0,0,0
1912,February,2.7,17.5,29.0,-17.5,5.0,30.5,4.5,15,0,84.6,,7,4,2,5,0,0,0,0,0
1912,January,-1.9,8.9,2.0,-14.4,15.0,32.4,8.9,13,0,82.8,,20,9,0,12,0,0,0,0,0
1911,December,3.5,8.2,25.0,-0.9,10.0,45.6,11.3,23,1,86.7,,6,0,0,0,0,0,0,0,0
1911,November,5.7,15.1,5.0,-2.8,25.0,22.6,6.2,11,0,80.1,,6,0,0,0,0,0,0,0,0
1911,October,9.5,20.8,20.0,-1.3,17.0,18.5,6.5,14,0,74.8,,2,0,0,0,0,0,0,0,0
1911,September,15.8,34.0,3.0,4.4,11.0,31.4,11.0,14,1,65.2,,0,0,0,0,7,3,0,0,0
1911,August,21.1,34.0,13.0,9.1,17.0,3.0,1.0,6,0,55.1,,0,0,0,0,22,12,0,0,0
1911,July,20.7,37.5,23.0,8.1,4.0,20.8,12.2,10,1,58.3,,0,0,0,0,20,10,1,0,0
1911,June,16.7,29.6,5.0,5.8,15.0,57.4,17.8,13,1,61.6,,0,0,0,0,8,0,0,0,0
1911,May,15.2,27.6,30.0,2.2,21.0,12.0,3.2,11,0,62.0,,0,0,0,0,6,0,0,0,0
1911,April,9.1,25.7,19.0,-6.3,5.0,16.0,4.7,9,0,61.9,,8,0,0,0,1,0,0,0,0
1911,March,5.1,23.0,29.0,-2.6,20.0,11.9,6.5,10,0,75.7,,11,0,0,0,0,0,0,0,0
1911,February,2.8,11.4,19.0,-5.6,11.0,40.9,7.3,15,0,80.4,,14,0,0,0,0,0,0,0,0
1911,January,1.1,8.5,26.0,-6.1,14.0,19.7,8.4,11,0,85.5,,19,0,0,2,0,0,0,0,0
1910,December,3.1,11.0,12.0,-5.5,29.0,26.8,9.0,15,0,86.7,,10,0,0,0,0,0,0,0,0
1910,November,2.9,11.2,15.0,-5.3,27.0,42.8,8.9,20,0,84.5,,10,0,0,1,0,0,0,0,0
1910,October,9.9,21.7,2.0,1.3,15.0,12.2,6.5,7,0,79.7,,0,0,0,0,0,0,0,0,0
1910,September,13.4,23.8,14.0,5.0,21.0,86.9,38.8,14,2,79.8,,0,0,0,0,0,0,0,0,0
1910,August,17.1,27.5,21.0,9.4,28.0,84.2,19.1,19,3,74.0,,0,0,0,0,3,0,0,0,0
1910,July,17.0,28.6,31.0,7.2,7.0,54.9,8.9,19,0,74.5,,0,0,0,0,8,0,0,0,0
1910,June,18.6,32.8,5.0,7.4,21.0,64.4,17.3,20,2,66.2,,0,0,0,0,15,7,0,0,0
1910,May,14.5,26.7,16.0,1.6,10.0,19.3,7.1,13,0,64.7,,0,0,0,0,9,0,0,0,0
1910,April,8.5,23.8,14.0,-2.6,1.0,23.7,5.0,15,0,66.7,,4,0,0,0,0,0,0,0,0
1910,March,4.5,16.6,9.0,-2.2,31.0,26.3,10.8,14,1,76.0,,15,0,0,0,0,0,0,0,0
1910,February,3.9,12.2,19.0,-3.0,5.0,29.6,5.8,16,0,80.3,,10,0,0,0,0,0,0,0,0
1910,January,2.7,10.8,10.0,-7.7,28.0,34.3,7.7,24,0,84.1,,10,0,0,1,0,0,0,0,0
1909,December,2.8,11.5,3.0,-6.3,17.0,33.1,8.7,18,0,81.5,,10,0,0,0,0,0,0,0,0
1909,November,2.9,9.7,2.0,-5.8,24.0,63.4,24.2,17,2,87.5,,14,0,0,1,0,0,0,0,0
1909,October,11.5,23.2,18.0,0.7,27.0,21.4,4.8,16,0,80.6,,0,0,0,0,0,0,0,0,0
1909,September,14.0,25.2,11.0,5.7,2.0,54.1,12.5,18,2,78.3,,0,0,0,0,2,0,0,0,0
1909,August,17.6,29.8,9.0,9.0,4.0,33.5,9.4,15,0,72.0,,0,0,0,0,11,0,0,0,0
1909,July,16.8,26.5,18.0,8.4,3.0,66.3,19.7,17,1,69.7,,0,0,0,0,4,0,0,0,0
1909,June,15.9,33.0,2.0,6.2,8.0,86.8,24.6,15,3,67.1,,0,0,0,0,4,1,0,0,0
1909,May,12.2,30.5,23.0,0.3,7.0,19.4,7.1,7,0,57.2,,0,0,0,0,2,1,0,0,0
1909,April,8.6,23.5,18.0,-2.5,3.0,38.0,8.6,16,0,67.0,,5,0,0,0,0,0,0,0,0
1909,March,2.3,18.2,30.0,-9.4,4.0,26.3,14.7,9,1,76.5,,19,0,0,2,0,0,0,0,0
1909,February,-1.5,8.1,5.0,-12.3,12.0,48.6,13.0,14,2,84.1,,25,2,0,7,0,0,0,0,0
1909,January,-0.6,8.4,15.0,-12.3,1.0,17.6,7.3,15,0,83.6,,20,4,0,8,0,0,0,0,0
1908,December,0.0,10.5,15.0,-16.1,29.0,7.0,4.4,12,0,86.4,,17,4,3,8,0,0,0,0,0
1908,November,1.7,11.0,1.0,-10.5,11.0,20.9,4.8,14,0,80.2,,15,1,0,2,0,0,0,0,0
1908,October,9.3,28.2,3.0,-8.3,21.0,3.0,2.6,4,0,73.9,,5,0,0,0,3,0,0,0,0
1908,September,13.5,27.6,8.0,3.9,23.0,14.0,5.3,12,0,71.6,,0,0,0,0,2,0,0,0,0
1908,August,15.8,29.4,21.0,6.7,13.0,51.2,15.5,18,2,73.4,,0,0,0,0,4,0,0,0,0
1908,July,18.7,35.2,12.0,10.0,1.0,61.7,9.2,16,0,70.5,,0,0,0,0,14,2,0,0,0
1908,June,18.7,33.2,17.0,6.6,8.0,12.0,3.0,9,0,64.0,,0,0,0,0,17,4,0,0,0
1908,May,14.5,30.0,31.0,5.0,4.0,64.5,11.2,17,3,71.8,,0,0,0,0,4,1,0,0,0
1908,April,6.6,18.5,24.0,-1.2,20.0,47.2,12.9,19,1,74.1,,3,0,0,0,0,0,0,0,0
1908,March,3.7,15.6,28.0,-3.5,14.0,29.1,7.7,17,0,75.8,,15,0,0,0,0,0,0,0,0
1908,February,2.7,10.6,15.0,-7.2,4.0,36.6,4.4,21,0,81.0,,9,0,0,2,0,0,0,0,0
1908,January,-0.5,8.8,28.0,-15.0,3.0,29.8,5.7,13,0,82.5,,21,4,0,7,0,0,0,0,0
1907,December,2.0,10.1,21.0,-6.9,28.0,39.8,12.2,20,1,82.9,,12,0,0,5,0,0,0,0,0
1907,November,3.2,15.6,1.0,-5.0,20.0,8.3,3.4,7,0,84.4,,16,0,0,4,0,0,0,0,0
1907,October,12.3,22.7,13.0,4.4,26.0,29.9,13.7,17,1,84.1,,0,0,0,0,0,0,0,0,0
1907,September,13.9,27.2,14.0,2.4,23.0,29.1,8.0,12,0,76.8,,0,0,0,0,3,0,0,0,0
1907,August,16.5,31.5,5.0,8.0,17.0,68.4,18.9,18,2,73.0,,0,0,0,0,6,2,0,0,0
1907,July,15.3,28.8,29.0,8.8,19.0,145.8,44.8,21,5,75.4,,0,0,0,0,2,0,0,0,0
1907,June,16.0,29.4,28.0,7.0,4.0,83.2,14.8,19,1,69.4,,0,0,0,0,4,0,0,0,0
1907,May,14.4,31.2,12.0,3.1,30.0,34.7,12.0,14,1,60.1,,0,0,0,0,8,2,0,0,0
1907,April,7.5,15.9,2.0,-0.3,12.0,24.1,8.8,12,0,64.4,,1,0,0,0,0,0,0,0,0
1907,March,4.0,17.4,29.0,-6.9,11.0,34.4,14.6,13,1,76.5,,9,0,0,0,0,0,0,0,0
1907,February,-0.6,8.4,19.0,-10.4,11.0,31.6,7.6,17,0,84.3,,21,1,0,11,0,0,0,0,0
1907,January,0.7,7.5,17.0,-16.8,23.0,35.3,6.5,17,0,83.6,,14,4,2,5,0,0,0,0,0
1906,December,-1.5,10.2,3.0,-13.3,28.0,54.3,11.3,22,1,86.6,,22,5,0,10,0,0,0,0,0
1906,November,7.7,15.4,1.0,-0.2,11.0,33.1,8.1,20,0,83.6,,1,0,0,0,0,0,0,0,0
1906,October,10.7,22.3,21.0,2.1,27.0,23.9,10.6,9,1,79.5,,0,0,0,0,0,0,0,0,0
1906,September,13.9,31.6,3.0,2.5,25.0,107.2,25.6,18,4,78.8,,0,0,0,0,5,4,0,0,0
1906,August,17.7,33.0,3.0,7.2,29.0,38.2,8.3,13,0,69.7,,0,0,0,0,11,4,1,0,0
1906,July,18.7,31.3,19.0,7.4,1.0,120.9,45.7,13,3,69.5,,0,0,0,0,12,2,0,0,0
1906,June,16.5,31.4,27.0,5.9,7.0,64.0,39.6,11,1,68.4,,0,0,0,0,8,1,0,0,0
1906,May,14.9,26.9,7.0,2.2,1.0,77.5,16.2,18,2,69.7,,0,0,0,0,5,0,0,0,0
1906,April,9.8,25.5,13.0,-1.8,2.0,34.9,15.7,8,1,62.9,,3,0,0,0,1,0,0,0,0
1906,March,3.4,18.0,7.0,-3.5,22.0,55.0,9.7,21,0,76.1,,19,0,0,0,0,0,0,0,0
1906,February,1.8,8.8,28.0,-3.2,10.0,34.1,5.2,21,0,83.6,,16,0,0,0,0,0,0,0,0
1906,January,2.3,10.0,13.0,-9.9,3.0,46.4,7.0,19,0,81.3,,9,0,0,6,0,0,0,0,0
1905,December,2.2,12.0,8.0,-7.3,31.0,27.5,8.3,20,0,88.0,,16,0,0,1,0,0,0,0,0
1905,November,3.7,14.2,1.0,-2.2,19.0,68.2,20.2,16,1,85.5,,10,0,0,0,0,0,0,0,0
1905,October,5.6,13.4,5.0,-2.5,23.0,65.5,19.5,23,1,82.7,,4,0,0,0,0,0,0,0,0
1905,September,13.8,27.0,6.0,5.3,29.0,66.6,18.2,11,3,77.1,,0,0,0,0,2,0,0,0,0
1905,August,17.9,33.8,4.0,8.9,25.0,48.3,15.5,13,2,67.9,,0,0,0,0,11,1,0,0,0
1905,July,19.4,34.2,1.0,9.9,15.0,135.2,47.0,17,3,72.2,,0,0,0,0,12,2,2,0,0
1905,June,18.9,32.7,30.0,7.4,12.0,42.3,16.7,12,1,63.2,,0,0,0,0,13,3,0,0,0
1905,May,13.9,30.2,31.0,2.1,24.0,28.8,8.7,12,0,60.8,,0,0,0,0,6,1,0,0,0
1905,April,6.4,20.0,29.0,-3.0,8.0,43.4,9.1,18,0,72.5,,5,0,0,0,0,0,0,0,0
1905,March,5.4,15.7,29.0,-1.7,25.0,56.9,7.8,20,0,77.3,,7,0,0,0,0,0,0,0,0
1905,February,2.8,9.6,17.0,-8.8,14.0,20.4,6.2,15,0,81.2,,10,0,0,0,0,0,0,0,0
1905,January,-0.5,7.2,9.0,-12.4,3.0,39.2,12.0,15,1,78.8,,21,3,0,7,0,0,0,0,0
1904,December,3.7,11.8,17.0,-7.0,31.0,30.4,7.3,17,0,83.5,,8,0,0,0,0,0,0,0,0
1904,November,4.6,13.0,9.0,-3.6,29.0,61.0,26.1,14,2,84.0,,8,0,0,0,0,0,0,0,0
1904,October,8.9,20.7,1.0,-0.3,10.0,35.3,4.9,19,0,83.9,,1,0,0,0,0,0,0,0,0
1904,September,13.3,25.7,7.0,0.3,20.0,37.3,8.5,13,0,73.0,,0,0,0,0,1,0,0,0,0
1904,August,18.2,35.7,5.0,7.2,23.0,8.2,5.0,10,0,57.3,,0,0,0,0,11,4,0,0,0
1904,July,20.1,36.4,16.0,8.6,19.0,5.4,3.1,8,0,57.4,,0,0,0,0,18,6,0,0,0
1904,June,16.4,28.5,17.0,6.9,6.0,40.5,15.7,12,1,62.5,,0,0,0,0,6,0,0,0,0
1904,May,13.6,29.9,17.0,1.9,13.0,33.3,6.3,18,0,64.1,,0,0,0,0,4,0,0,0,0
1904,April,9.8,27.9,16.0,0.6,1.0,27.2,5.0,17,0,71.2,,0,0,0,0,1,0,0,0,0
1904,March,4.0,19.0,27.0,-4.1,7.0,19.5,6.9,12,0,75.4,,11,0,0,0,0,0,0,0,0
1904,February,1.9,9.4,11.0,-6.9,28.0,41.9,8.2,20,0,80.8,,11,0,0,5,0,0,0,0,0
1904,January,-0.3,9.1,13.0,-8.0,6.0,19.6,6.3,10,0,85.4,,23,0,0,11,0,0,0,0,0
1903,December,-0.2,6.3,11.0,-10.1,30.0,5.9,2.4,6,0,86.4,,19,1,0,5,0,0,0,0,0
1903,November,5.4,11.3,2.0,-1.5,18.0,64.5,10.0,20,1,86.0,,3,0,0,0,0,0,0,0,0
1903,October,10.5,27.0,1.0,-0.2,21.0,48.9,15.6,19,1,80.1,,1,0,0,0,1,0,0,0,0
1903,September,14.8,32.0,3.0,4.0,24.0,58.9,22.4,12,2,74.1,,0,0,0,0,7,3,0,0,0
1903,August,16.5,28.8,9.0,8.3,8.0,63.1,17.9,20,2,72.3,,0,0,0,0,4,0,0,0,0
1903,July,17.9,32.9,3.0,8.4,15.0,56.6,11.6,14,2,65.2,,0,0,0,0,10,1,0,0,0
1903,June,16.4,29.3,1.0,6.6,5.0,26.8,10.0,11,1,61.7,,0,0,0,0,7,0,0,0,0
1903,May,14.4,29.0,31.0,4.6,18.0,74.8,20.0,16,3,65.0,,0,0,0,0,5,0,0,0,0
1903,April,6.0,20.5,29.0,-0.4,11.0,23.5,4.5,19,0,68.2,,4,0,0,0,0,0,0,0,0
1903,March,7.2,25.0,26.0,-2.8,9.0,11.5,4.4,6,0,63.5,,5,0,0,0,1,0,0,0,0
1903,February,5.1,15.7,28.0,-7.1,17.0,28.7,11.1,13,1,73.4,,5,0,0,0,0,0,0,0,0
1903,January,1.3,11.7,9.0,-12.4,21.0,26.3,9.1,12,0,77.0,,13,4,0,9,0,0,0,0,0
1902,December,-2.0,9.7,17.0,-18.1,6.0,41.7,11.9,16,1,83.1,,20,7,2,17,0,0,0,0,0
1902,November,1.9,14.0,8.0,-10.3,19.0,9.9,9.3,4,0,78.0,,16,1,0,3,0,0,0,0,0
1902,October,7.7,18.5,11.0,-0.9,29.0,40.7,10.6,16,1,78.8,,1,0,0,0,0,0,0,0,0
1902,September,12.6,29.8,4.0,1.9,30.0,35.4,16.2,12,1,72.9,,0,0,0,0,3,0,0,0,0
1902,August,15.5,28.4,19.0,6.6,1.0,60.4,11.8,19,2,70.3,,0,0,0,0,3,0,0,0,0
1902,July,16.5,29.2,16.0,6.7,13.0,55.7,9.8,19,0,68.9,,0,0,0,0,7,0,0,0,0
1902,June,17.1,32.3,2.0,6.5,11.0,57.4,13.8,15,1,63.9,,0,0,0,0,9,7,0,0,0
1902,May,10.1,30.8,30.0,0.9,10.0,41.7,7.2,18,0,66.2,,0,0,0,0,4,2,0,0,0
1902,April,8.1,22.8,20.0,-2.3,28.0,27.6,9.9,14,0,64.3,,3,0,0,0,0,0,0,0,0
1902,March,4.2,15.5,20.0,-5.5,14.0,55.7,17.8,16,3,77.2,,9,0,0,0,0,0,0,0,0
1902,February,-1.5,11.5,28.0,-16.5,16.0,20.6,6.8,12,0,81.7,,26,4,1,5,0,0,0,0,0
1902,January,4.2,11.0,2.0,-3.7,15.0,27.7,4.3,21,0,80.7,,8,0,0,0,0,0,0,0,0
1901,December,1.5,12.3,31.0,-8.1,18.0,37.7,7.1,17,0,84.0,,18,0,0,5,0,0,0,0,0
1901,November,3.7,10.8,1.0,-3.8,3.0,62.2,24.7,21,1,84.2,,16,0,0,0,0,0,0,0,0
1901,October,10.5,24.9,1.0,0.7,31.0,49.2,19.9,16,1,80.3,,0,0,0,0,0,0,0,0,0
1901,September,14.4,26.8,24.0,4.0,4.0,76.9,39.4,11,2,69.0,,0,0,0,0,5,0,0,0,0
1901,August,18.0,31.7,11.0,8.4,29.0,30.4,9.1,11,0,65.4,,0,0,0,0,10,2,0,0,0
1901,July,20.6,33.0,13.0,9.4,9.0,69.2,35.4,9,2,58.9,,0,0,0,0,23,7,0,0,0
1901,June,17.1,29.4,23.0,5.3,14.0,11.9,4.9,7,0,58.6,,0,0,0,0,10,0,0,0,0
1901,May,14.5,27.1,30.0,2.6,18.0,48.9,13.7,15,1,59.2,,0,0,0,0,3,0,0,0,0
1901,April,9.0,22.9,28.0,-1.2,6.0,40.8,12.3,16,2,66.6,,1,0,0,0,0,0,0,0,0
1901,March,3.2,14.4,31.0,-4.9,26.0,32.9,9.8,20,0,76.1,,14,0,0,0,0,0,0,0,0
1901,February,-3.1,5.9,28.0,-19.7,21.0,36.8,7.0,19,0,82.7,,26,7,4,10,0,0,0,0,0
1901,January,-3.7,8.4,22.0,-15.3,5.0,31.7,12.7,10,1,81.5,,25,12,1,16,0,0,0,0,0
1900,December,3.6,9.9,4.0,-6.2,31.0,35.1,10.4,16,1,85.1,,12,0,0,1,0,0,0,0,0
1900,November,5.2,12.7,6.0,-2.4,5.0,34.6,15.8,15,1,88.5,,4,0,0,0,0,0,0,0,0
1900,October,9.9,26.0,9.0,-0.1,22.0,44.8,9.4,17,0,78.8,,1,0,0,0,1,0,0,0,0
1900,September,14.9,27.0,17.0,6.5,16.0,28.6,6.1,12,0,75.0,,0,0,0,0,4,0,0,0,0
1900,August,18.0,31.9,19.0,8.4,29.0,51.4,19.5,11,2,68.1,,0,0,0,0,9,3,0,0,0
1900,July,19.9,35.2,21.0,8.5,11.0,50.3,15.4,13,1,68.7,,0,0,0,0,15,8,0,0,0
1900,June,17.5,29.8,4.0,9.9,25.0,80.9,18.7,18,2,70.7,,0,0,0,0,8,0,0,0,0
1900,May,12.7,28.4,7.0,-1.0,11.0,44.0,12.6,10,2,60.7,,3,0,0,0,5,0,0,0,0
1900,April,7.7,24.7,21.0,-4.0,2.0,38.5,10.4,15,1,70.5,,5,0,0,0,0,0,0,0,0
1900,March,1.8,14.4,11.0,-9.2,4.0,23.4,7.2,14,0,78.4,,21,0,0,4,0,0,0,0,0
1900,February,1.2,17.8,26.0,-11.4,8.0,46.1,17.1,18,1,83.2,,17,1,0,9,0,0,0,0,0
1900,January,1.3,8.9,4.0,-12.2,14.0,63.3,15.2,25,1,89.6,,11,2,0,3,0,0,0,0,0
1899,December,-2.8,7.9,31.0,-19.2,15.0,30.3,5.3,14,0,83.3,,26,8,4,15,0,0,0,0,0
1899,November,7.9,20.9,4.0,-2.4,21.0,20.0,4.2,12,0,82.9,,1,0,0,0,0,0,0,0,0
1899,October,8.7,20.7,2.0,-1.4,16.0,12.0,2.7,14,0,79.5,,5,0,0,0,0,0,0,0,0
1899,September,13.2,30.0,6.0,5.9,22.0,76.7,21.0,24,1,79.4,,0,0,0,0,2,1,0,0,0
1899,August,17.9,31.7,5.0,5.8,27.0,10.5,4.3,6,0,67.6,,0,0,0,0,10,3,0,0,0
1899,July,18.7,31.3,21.0,9.4,5.0,87.9,25.2,17,3,74.5,,0,0,0,0,14,4,0,0,0
1899,June,16.0,28.0,20.0,6.8,8.0,36.5,12.1,11,2,68.1,,0,0,0,0,6,0,0,0,0
1899,May,12.4,26.2,19.0,0.5,4.0,135.9,36.8,19,5,72.0,,0,0,0,0,2,0,0,0,0
1899,April,8.3,19.1,29.0,-3.0,1.0,37.4,6.1,20,0,70.1,,4,0,0,0,0,0,0,0,0
1899,March,3.4,15.8,15.0,-8.9,25.0,20.7,7.8,15,0,74.0,,13,0,0,3,0,0,0,0,0
1899,February,2.9,16.1,10.0,-8.0,6.0,14.9,4.0,11,0,79.6,,14,0,0,5,0,0,0,0,0
1899,January,2.7,11.8,21.0,-9.5,28.0,48.8,18.9,19,1,83.9,,12,0,0,2,0,0,0,0,0
1898,December,4.5,12.2,4.0,-4.4,25.0,43.6,12.9,19,1,82.5,,8,0,0,0,0,0,0,0,0
1898,November,4.9,13.6,14.0,-3.1,23.0,9.5,3.9,8,0,87.0,,6,0,0,0,0,0,0,0,0
1898,October,8.8,19.7,23.0,-0.6,21.0,41.8,13.4,12,1,83.8,,2,0,0,0,0,0,0,0,0
1898,September,14.9,32.2,9.0,1.9,27.0,25.4,12.1,10,1,71.3,,0,0,0,0,6,2,0,0,0
1898,August,19.6,34.0,17.0,9.0,26.0,15.5,11.4,7,1,65.8,,0,0,0,0,18,8,0,0,0
1898,July,14.9,26.0,23.0,6.8,21.0,94.0,37.1,16,3,75.5,,0,0,0,0,1,0,0,0,0
1898,June,16.6,27.6,9.0,5.6,4.0,35.0,6.0,15,0,64.8,,0,0,0,0,6,0,0,0,0
1898,May,12.9,27.1,2.0,3.4,31.0,59.1,11.6,18,1,70.7,,0,0,0,0,2,0,0,0,0
1898,April,8.0,21.8,9.0,-0.4,6.0,54.2,26.4,17,1,77.9,,1,0,0,0,0,0,0,0,0
1898,March,4.1,13.2,29.0,-3.0,13.0,78.9,20.3,22,2,83.2,,8,0,0,0,0,0,0,0,0
1898,February,2.5,11.3,2.0,-7.7,6.0,42.2,7.6,20,0,84.8,,13,0,0,0,0,0,0,0,0
1898,January,3.4,10.3,22.0,-3.9,18.0,24.6,8.6,13,0,89.7,,13,0,0,1,0,0,0,0,0
1897,December,2.6,11.0,15.0,-5.1,27.0,19.3,6.3,13,0,87.6,,12,0,0,0,0,0,0,0,0
1897,November,3.5,13.8,15.0,-5.8,26.0,10.1,4.9,9,0,86.1,,12,0,0,0,0,0,0,0,0
1897,October,7.8,22.0,1.0,-2.5,31.0,22.2,7.0,10,0,87.0,,3,0,0,0,0,0,0,0,0
1897,September,13.3,24.6,2.0,5.3,11.0,90.8,32.7,18,2,81.9,,0,0,0,0,0,0,0,0,0
1897,August,18.9,29.0,6.0,10.3,27.0,33.3,9.1,16,0,76.1,,0,0,0,0,13,0,0,0,0
1897,July,17.3,28.3,1.0,8.6,13.0,84.7,16.4,19,3,80.8,,0,0,0,0,4,0,0,0,0
1897,June,18.8,31.5,24.0,6.3,18.0,29.5,16.5,7,1,73.3,,0,0,0,0,17,2,0,0,0
1897,May,12.3,26.6,30.0,2.5,13.0,45.2,11.0,15,1,78.2,,0,0,0,0,3,0,0,0,0
1897,April,8.3,25.7,28.0,-1.8,4.0,32.6,6.2,16,0,81.5,,4,0,0,0,1,0,0,0,0
1897,March,5.9,15.9,24.0,-0.6,31.0,46.5,5.2,24,0,84.8,,2,0,0,0,0,0,0,0,0
1897,February,0.9,11.7,26.0,-16.8,1.0,34.8,16.2,12,1,87.4,,19,1,1,5,0,0,0,0,0
1897,January,-3.1,7.5,1.0,-14.4,31.0,28.3,6.8,19,0,91.3,,28,1,0,22,0,0,0,0,0
1896,December,-0.1,6.5,10.0,-10.0,19.0,27.9,4.6,18,0,91.5,,25,0,0,9,0,0,0,0,0
1896,November,1.5,8.1,3.0,-7.8,27.0,17.2,4.3,13,0,87.7,,17,0,0,3,0,0,0,0,0
1896,October,10.3,23.6,8.0,2.5,31.0,40.5,11.1,15,1,85.4,,0,0,0,0,0,0,0,0,0
1896,September,14.1,23.4,10.0,3.2,30.0,64.2,17.6,16,2,84.6,,0,0,0,0,0,0,0,0,0
1896,August,15.9,25.5,1.0,6.7,28.0,64.3,13.7,18,1,81.6,,0,0,0,0,1,0,0,0,0
1896,July,18.7,32.0,10.0,7.5,7.0,49.5,15.8,16,1,75.9,,0,0,0,0,13,2,0,0,0
1896,June,18.6,30.6,17.0,7.4,1.0,91.0,41.6,18,2,73.1,,0,0,0,0,12,1,0,0,0
1896,May,12.2,22.5,27.0,0.8,8.0,22.4,12.4,9,1,67.5,,0,0,0,0,0,0,0,0,0
1896,April,7.4,18.3,26.0,-0.4,5.0,34.8,9.3,20,0,80.7,,2,0,0,0,0,0,0,0,0
1896,March,6.2,22.1,25.0,-2.9,14.0,77.0,21.8,24,1,82.8,,7,0,0,0,0,0,0,0,0
1896,February,1.1,12.0,9.0,-8.4,16.0,10.9,5.1,7,0,85.1,,18,0,0,3,0,0,0,0,0
1896,January,0.4,6.0,31.0,-8.4,10.0,21.1,7.7,15,0,91.5,,18,0,0,4,0,0,0,0,0
1895,December,0.4,10.0,5.0,-9.0,26.0,48.3,10.6,18,1,91.6,,19,0,0,6,0,0,0,0,0
1895,November,5.0,17.7,16.0,-8.0,30.0,29.3,8.4,12,0,85.9,,12,0,0,3,0,0,0,0,0
1895,October,8.1,26.0,2.0,-1.2,28.0,57.8,14.5,19,2,85.1,,5,0,0,0,1,0,0,0,0
1895,September,16.3,35.0,4.0,3.5,22.0,36.7,15.2,7,2,75.9,,0,0,0,0,9,2,0,0,0
1895,August,18.3,34.1,23.0,8.4,17.0,40.7,11.1,14,1,74.0,,0,0,0,0,11,2,0,0,0
1895,July,18.7,33.2,28.0,8.8,14.0,48.9,14.0,16,1,72.4,,0,0,0,0,13,2,0,0,0
1895,June,17.6,30.7,20.0,5.5,14.0,38.3,6.6,17,0,70.9,,0,0,0,0,12,2,0,0,0
1895,May,14.4,29.5,31.0,2.0,3.0,40.5,16.9,9,1,71.2,,0,0,0,0,3,0,0,0,0
1895,April,9.9,22.0,25.0,-2.3,14.0,23.2,8.2,11,0,75.4,,5,0,0,0,0,0,0,0,0
1895,March,2.8,14.0,28.0,-11.2,7.0,19.8,3.8,16,0,83.7,,12,1,0,2,0,0,0,0,0
1895,February,-5.1,3.3,27.0,-21.3,8.0,18.2,3.7,17,0,86.3,,28,10,9,19,0,0,0,0,0
1895,January,-2.8,4.6,17.0,-15.3,28.0,60.9,9.6,26,0,89.0,,29,4,1,17,0,0,0,0,0
1894,December,1.2,7.0,25.0,-6.7,13.0,33.6,11.0,16,1,90.3,,18,0,0,1,0,0,0,0,0
1894,November,5.9,15.1,15.0,-1.4,27.0,19.5,6.8,14,0,87.9,,5,0,0,1,0,0,0,0,0
1894,October,8.5,15.5,27.0,-0.5,24.0,44.4,12.5,13,1,86.6,,1,0,0,0,0,0,0,0,0
1894,September,12.1,21.8,1.0,3.5,24.0,40.9,10.0,14,1,81.0,,0,0,0,0,0,0,0,0,0
1894,August,16.4,28.9,7.0,7.7,21.0,99.9,23.7,19,2,80.9,,0,0,0,0,2,0,0,0,0
1894,July,19.8,34.6,24.0,9.8,16.0,91.2,39.9,19,2,69.8,,0,0,0,0,14,5,0,0,0
1894,June,15.9,29.3,30.0,6.7,16.0,47.8,7.4,15,0,74.5,,0,0,0,0,4,0,0,0,0
1894,May,13.1,27.2,17.0,1.8,5.0,28.9,7.0,13,0,73.6,,0,0,0,0,3,0,0,0,0
1894,April,11.1,25.7,26.0,0.8,7.0,12.6,3.9,7,0,74.2,,0,0,0,0,1,0,0,0,0
1894,March,6.0,20.2,30.0,-2.3,19.0,11.2,2.7,11,0,76.5,,5,0,0,0,0,0,0,0,0
1894,February,3.1,11.2,7.0,-8.3,18.0,45.0,13.5,15,1,80.0,,12,0,0,3,0,0,0,0,0
1894,January,-1.2,7.6,21.0,-17.3,5.0,16.6,6.4,10,0,83.7,,20,5,3,11,0,0,0,0,0
1893,December,1.3,10.5,14.0,-5.4,30.0,14.3,4.0,11,0,87.0,,15,0,0,1,0,0,0,0,0
1893,November,2.9,13.0,4.0,-4.0,10.0,59.4,19.9,20,2,88.6,,12,0,0,3,0,0,0,0,0
1893,October,10.8,20.5,6.0,3.8,19.0,50.8,10.0,19,1,83.4,,0,0,0,0,0,0,0,0,0
1893,September,13.5,25.3,16.0,3.7,11.0,74.6,45.0,16,2,73.9,,0,0,0,0,1,0,0,0,0
1893,August,18.3,34.8,19.0,9.4,2.0,35.8,12.7,12,1,69.6,,0,0,0,0,12,3,0,0,0
1893,July,18.8,34.3,9.0,9.5,5.0,69.1,20.4,14,2,66.2,,0,0,0,0,15,5,0,0,0
1893,June,17.2,32.9,28.0,4.4,1.0,20.5,4.7,10,0,59.8,,0,0,0,0,9,2,0,0,0
1893,May,13.6,30.5,23.0,1.8,7.0,14.8,3.3,12,0,67.1,,0,0,0,0,4,1,0,0,0
1893,April,9.8,23.5,26.0,-2.0,12.0,7.0,4.0,3,0,59.3,,4,0,0,0,0,0,0,0,0
1893,March,5.4,18.5,13.0,-3.2,4.0,18.3,2.4,16,0,74.4,,8,0,0,0,0,0,0,0,0
1893,February,2.3,13.3,28.0,-13.7,5.0,50.8,10.7,19,1,84.2,,8,3,0,3,0,0,0,0,0
1893,January,-7.3,6.1,31.0,-24.8,19.0,40.6,14.6,15,1,87.4,,28,19,9,23,0,0,0,0,0
1892,December,-0.4,7.2,19.0,-11.5,25.0,23.3,6.1,21,0,87.9,,23,1,0,11,0,0,0,0,0
1892,November,1.9,17.0,1.0,-11.3,27.0,10.7,4.4,8,0,89.5,,16,1,0,5,0,0,0,0,0
1892,October,8.3,22.5,1.0,-1.6,27.0,27.0,11.1,10,1,79.0,,3,0,0,0,0,0,0,0,0
1892,September,14.9,27.5,13.0,5.0,19.0,42.2,10.6,15,2,77.8,,0,0,0,0,2,0,0,0,0
1892,August,19.4,36.0,17.0,7.1,6.0,31.9,13.7,12,1,67.1,,0,0,0,0,17,7,0,0,0
1892,July,17.1,32.5,30.0,7.1,12.0,50.9,24.0,13,1,66.6,,0,0,0,0,8,2,0,0,0
1892,June,16.9,32.3,29.0,5.3,16.0,32.9,10.6,17,1,67.4,,0,0,0,0,9,2,0,0,0
1892,May,13.1,35.9,28.0,0.0,7.0,30.6,9.7,11,0,62.0,,0,0,0,0,8,3,0,0,0
1892,April,8.5,24.5,5.0,-1.3,16.0,14.5,7.1,8,0,64.9,,2,0,0,0,0,0,0,0,0
1892,March,1.3,17.4,26.0,-10.0,4.0,34.4,13.7,9,1,73.4,,23,0,0,7,0,0,0,0,0
1892,February,1.1,11.0,24.0,-11.5,17.0,25.8,12.7,13,1,82.1,,11,2,0,4,0,0,0,0,0
1892,January,-1.2,9.7,30.0,-16.3,21.0,32.6,9.7,17,0,85.6,,19,5,1,13,0,0,0,0,0
1891,December,2.6,13.5,5.0,-8.8,21.0,54.3,10.5,16,1,86.5,,12,0,0,5,0,0,0,0,0
1891,November,3.4,12.0,20.0,-5.0,4.0,25.0,5.7,14,0,89.5,,15,0,0,0,0,0,0,0,0
1891,October,10.5,24.4,1.0,-4.0,31.0,23.0,8.0,11,0,83.0,,4,0,0,0,0,0,0,0,0
1891,September,14.9,29.4,3.0,2.8,24.0,26.8,14.5,7,1,75.4,,0,0,0,0,4,0,0,0,0
1891,August,16.0,30.5,27.0,8.4,12.0,49.0,11.4,15,2,72.9,,0,0,0,0,1,1,0,0,0
1891,July,17.6,28.1,19.0,10.7,11.0,57.9,25.5,19,2,74.0,,0,0,0,0,4,0,0,0,0
1891,June,15.2,29.5,26.0,5.6,13.0,120.7,22.8,22,3,74.3,,0,0,0,0,7,0,0,0,0
1891,May,14.2,26.4,10.0,1.0,18.0,49.0,11.2,15,2,60.4,,0,0,0,0,5,0,0,0,0
1891,April,6.2,18.5,28.0,-3.2,3.0,43.4,13.5,16,1,73.1,,6,0,0,0,0,0,0,0,0
1891,March,3.5,14.3,16.0,-6.2,24.0,33.9,5.3,21,0,83.0,,12,0,0,0,0,0,0,0,0
1891,February,0.3,10.3,26.0,-12.8,14.0,13.2,11.2,6,1,85.2,,20,1,0,3,0,0,0,0,0
1891,January,-3.8,8.9,29.0,-19.5,8.0,25.2,4.8,22,0,84.4,,24,10,4,15,0,0,0,0,0
1890,December,-5.4,2.6,20.0,-16.7,19.0,5.5,1.9,8,0,85.7,,31,10,4,22,0,0,0,0,0
1890,November,3.2,11.5,5.0,-14.7,27.0,76.5,23.1,22,2,87.7,,7,4,0,4,0,0,0,0,0
1890,October,8.3,25.1,1.0,-3.8,23.0,36.2,7.7,13,0,81.2,,4,0,0,0,1,0,0,0,0
1890,September,14.2,27.5,23.0,3.6,3.0,8.1,2.8,6,0,80.0,,0,0,0,0,2,0,0,0,0
1890,August,18.0,31.0,1.0,6.6,31.0,38.8,8.9,18,0,74.5,,0,0,0,0,11,3,0,0,0
1890,July,16.8,29.7,15.0,7.0,26.0,58.0,9.7,18,0,71.9,,0,0,0,0,7,0,0,0,0
1890,June,14.9,27.9,5.0,3.2,1.0,87.3,12.3,18,3,72.9,,0,0,0,0,3,0,0,0,0
1890,May,14.8,27.5,13.0,3.8,27.0,110.6,43.3,13,3,69.5,,0,0,0,0,5,0,0,0,0
1890,April,8.1,18.0,17.0,-2.3,12.0,58.8,14.1,15,1,75.0,,5,0,0,0,0,0,0,0,0
1890,March,5.0,24.5,29.0,-15.1,1.0,15.7,3.7,15,0,79.9,,8,3,2,4,0,0,0,0,0
1890,February,-2.1,4.4,16.0,-9.0,2.0,9.4,7.7,7,0,85.3,,28,0,0,7,0,0,0,0,0
1890,January,2.3,11.3,7.0,-11.2,31.0,52.5,11.4,18,1,90.8,,11,1,0,3,0,0,0,0,0
1889,December,-0.5,7.8,23.0,-8.8,9.0,23.3,6.7,12,0,89.4,,24,0,0,10,0,0,0,0,0
1889,November,3.1,12.0,8.0,-4.8,23.0,14.6,3.6,13,0,89.3,,14,0,0,1,0,0,0,0,0
1889,October,8.7,17.7,7.0,-2.0,27.0,90.6,35.2,20,2,87.0,,2,0,0,0,0,0,0,0,0
1889,September,11.9,25.4,11.0,2.2,19.0,23.3,6.7,17,0,71.8,,0,0,0,0,1,0,0,0,0
1889,August,16.7,28.4,5.0,7.0,28.0,28.8,5.3,17,0,69.5,,0,0,0,0,7,0,0,0,0
1889,July,17.3,29.6,10.0,8.9,23.0,51.5,14.5,18,3,70.4,,0,0,0,0,7,0,0,0,0
1889,June,20.5,31.4,1.0,10.0,24.0,87.7,39.0,8,3,62.3,,0,0,0,0,19,5,0,0,0
1889,May,17.9,28.9,31.0,9.4,13.0,58.8,19.9,10,2,62.8,,0,0,0,0,10,0,0,0,0
1889,April,8.0,22.9,30.0,-1.5,18.0,23.7,12.4,12,1,78.6,,4,0,0,0,0,0,0,0,0
1889,March,1.2,12.2,25.0,-14.0,5.0,45.2,6.9,20,0,75.8,,17,3,0,5,0,0,0,0,0
1889,February,-1.9,9.3,2.0,-13.8,13.0,47.4,13.2,22,1,79.4,,21,3,0,12,0,0,0,0,0
1889,January,-2.5,6.0,30.0,-16.2,15.0,34.0,20.5,9,1,79.6,,25,7,2,12,0,0,0,0,0
1888,December,1.4,10.0,3.0,-6.0,14.0,11.4,6.2,8,0,86.0,,16,0,0,2,0,0,0,0,0
1888,November,3.5,12.1,17.0,-8.0,8.0,23.0,7.8,11,0,79.6,,13,0,0,2,0,0,0,0,0
1888,October,7.7,21.1,28.0,-3.0,20.0,83.5,25.0,18,2,79.7,,2,0,0,0,0,0,0,0,0
1888,September,13.4,25.5,6.0,0.9,27.0,22.8,9.9,5,0,72.7,,0,0,0,0,2,0,0,0,0
1888,August,16.4,30.8,11.0,7.0,15.0,35.1,9.9,14,0,72.5,,0,0,0,0,7,2,0,0,0
1888,July,16.0,26.5,23.0,6.2,9.0,68.9,19.2,19,1,72.8,,0,0,0,0,4,0,0,0,0
1888,June,17.3,31.6,25.0,4.6,2.0,30.2,10.5,13,1,60.1,,0,0,0,0,13,4,0,0,0
1888,May,13.2,32.3,19.0,1.6,11.0,3.6,2.0,6,0,57.7,,0,0,0,0,5,2,0,0,0
1888,April,6.8,19.8,30.0,-2.6,6.0,60.0,28.2,19,1,76.6,,8,0,0,0,0,0,0,0,0
1888,March,0.6,16.8,29.0,-13.0,1.0,85.4,16.8,23,3,89.9,,18,2,0,8,0,0,0,0,0
1888,February,-2.2,5.5,14.0,-14.9,25.0,45.7,10.3,16,1,90.4,,24,8,0,9,0,0,0,0,0
1888,January,-0.4,8.0,9.0,-12.6,31.0,22.0,5.8,14,0,93.3,,20,4,0,10,0,0,0,0,0
1887,December,0.5,9.5,9.0,-11.2,27.0,42.1,5.7,24,0,91.5,,16,1,0,8,0,0,0,0,0
1887,November,3.8,15.7,4.0,-7.7,16.0,32.9,6.4,19,0,90.6,,8,0,0,1,0,0,0,0,0
1887,October,6.5,14.2,4.0,-6.0,27.0,19.8,3.3,15,0,85.6,,8,0,0,0,0,0,0,0,0
1887,September,13.5,27.3,2.0,1.5,22.0,30.8,12.4,11,1,70.5,,0,0,0,0,2,0,0,0,0
1887,August,16.7,31.5,28.0,7.0,22.0,19.9,6.2,11,0,67.8,,0,0,0,0,9,2,0,0,0
1887,July,19.4,33.8,4.0,6.0,7.0,83.0,38.2,12,2,70.4,,0,0,0,0,16,7,0,0,0
1887,June,16.1,27.7,25.0,7.8,1.0,18.1,12.2,9,1,64.6,,0,0,0,0,3,0,0,0,0
1887,May,11.2,22.7,3.0,2.8,23.0,52.0,11.7,21,1,76.1,,0,0,0,0,0,0,0,0,0
1887,April,8.7,24.0,24.0,-4.0,17.0,29.8,15.2,14,1,66.9,,8,0,0,0,0,0,0,0,0
1887,March,2.2,16.2,9.0,-8.2,16.0,52.0,8.2,13,0,80.3,,16,0,0,2,0,0,0,0,0
1887,February,0.2,11.0,25.0,-10.4,17.0,4.7,2.0,6,0,82.0,,20,1,0,3,0,0,0,0,0
1887,January,-3.2,7.5,27.0,-16.9,16.0,0.8,0.3,4,0,88.0,,28,5,3,15,0,0,0,0,0
1886,December,1.5,10.0,15.0,-7.3,24.0,51.6,8.3,21,0,85.1,,18,0,0,2,0,0,0,0,0
1886,November,5.7,13.5,7.0,-2.0,2.0,29.3,5.0,16,0,87.8,,2,0,0,0,0,0,0,0,0
1886,October,9.7,26.2,2.0,-1.8,31.0,32.1,7.5,11,0,81.4,,3,0,0,0,1,0,0,0,0
1886,September,16.3,33.2,2.0,1.8,24.0,26.7,9.0,9,0,67.6,,0,0,0,0,14,5,0,0,0
1886,August,18.4,31.5,30.0,7.4,16.0,36.9,21.4,7,1,65.3,,0,0,0,0,15,5,0,0,0
1886,July,17.7,31.7,22.0,7.8,16.0,60.1,20.5,16,1,69.0,,0,0,0,0,12,2,0,0,0
1886,June,15.9,26.8,2.0,6.7,24.0,52.0,16.8,12,2,66.3,,0,0,0,0,3,0,0,0,0
1886,May,14.3,33.0,23.0,-1.4,3.0,56.7,15.1,13,2,58.7,,3,0,0,0,7,3,0,0,0
1886,April,9.9,25.7,28.0,0.0,11.0,43.9,24.4,17,1,68.5,,0,0,0,0,1,0,0,0,0
1886,March,0.6,19.0,28.0,-15.0,1.0,28.6,9.0,13,0,84.5,,21,5,0,5,0,0,0,0,0
1886,February,-3.2,4.0,3.0,-13.7,9.0,18.1,10.0,9,1,89.7,,28,4,0,13,0,0,0,0,0
1886,January,-0.9,9.7,4.0,-13.6,23.0,35.8,8.6,14,0,86.3,,21,5,0,7,0,0,0,0,0
1885,December,0.5,8.1,1.0,-11.4,12.0,19.9,6.1,16,0,87.9,,19,1,0,5,0,0,0,0,0
1885,November,2.1,14.0,30.0,-8.0,19.0,41.1,7.3,13,0,88.5,,17,0,0,0,0,0,0,0,0
1885,October,8.1,17.0,1.0,-1.7,21.0,50.9,9.2,21,0,83.3,,1,0,0,0,0,0,0,0,0
1885,September,13.7,30.3,17.0,3.3,26.0,33.7,6.3,15,0,77.3,,0,0,0,0,4,1,0,0,0
1885,August,15.3,27.8,6.0,4.8,29.0,56.1,17.8,15,2,72.3,,0,0,0,0,6,0,0,0,0
1885,July,18.5,32.5,12.0,8.3,23.0,37.8,13.9,11,1,69.4,,0,0,0,0,12,4,0,0,0
1885,June,18.3,32.8,26.0,5.7,2.0,33.6,6.1,10,0,65.3,,0,0,0,0,14,8,0,0,0
1885,May,11.5,32.5,29.0,0.5,14.0,56.3,8.5,21,0,69.1,,0,0,0,0,3,1,0,0,0
1885,April,10.8,26.8,27.0,0.6,1.0,50.3,26.5,6,1,64.3,,0,0,0,0,2,0,0,0,0
1885,March,3.1,13.5,18.0,-6.0,24.0,31.2,20.2,14,1,80.5,,12,0,0,0,0,0,0,0,0
1885,February,3.0,14.2,25.0,-11.5,22.0,28.5,6.6,12,0,83.9,,11,1,0,1,0,0,0,0,0
1885,January,-2.9,9.1,30.0,-17.3,21.0,19.8,13.6,6,1,85.9,,24,8,4,14,0,0,0,0,0
1884,December,2.4,11.7,8.0,-8.6,2.0,63.9,17.2,23,1,85.6,,12,0,0,1,0,0,0,0,0
1884,November,2.0,16.3,5.0,-9.1,23.0,57.8,23.3,14,1,87.3,,15,0,0,3,0,0,0,0,0
1884,October,8.7,24.0,1.0,-1.7,24.0,75.2,15.2,22,2,83.1,,1,0,0,0,0,0,0,0,0
1884,September,15.3,28.0,2.0,5.6,24.0,50.2,17.1,7,2,73.7,,0,0,0,0,11,0,0,0,0
1884,August,17.8,31.0,3.0,4.1,28.0,39.3,11.7,9,2,66.4,,0,0,0,0,17,2,0,0,0
1884,July,19.5,34.0,13.0,6.8,27.0,44.3,9.2,16,0,66.9,,0,0,0,0,17,8,0,0,0
1884,June,14.1,26.0,14.0,5.3,19.0,91.3,29.1,13,2,73.1,,0,0,0,0,1,0,0,0,0
1884,May,14.0,30.7,18.0,2.0,7.0,43.9,17.2,11,1,61.7,,0,0,0,0,7,2,0,0,0
1884,April,6.8,19.8,6.0,-3.3,19.0,33.6,8.9,14,0,68.5,,10,0,0,0,0,0,0,0,0
1884,March,5.3,21.0,18.0,-5.4,9.0,25.0,4.9,17,0,77.9,,12,0,0,0,0,0,0,0,0
1884,February,3.5,13.5,20.0,-5.8,18.0,16.7,4.4,10,0,78.7,,16,0,0,0,0,0,0,0,0
1884,January,3.8,12.7,30.0,-7.6,1.0,41.7,14.6,20,1,81.9,,7,0,0,1,0,0,0,0,0
1883,December,1.8,10.3,14.0,-9.3,7.0,46.4,10.1,21,1,85.8,,16,0,0,4,0,0,0,0,0
1883,November,4.9,12.1,8.0,-2.7,17.0,43.9,9.7,18,0,85.6,,5,0,0,0,0,0,0,0,0
1883,October,9.7,18.7,16.0,-0.8,7.0,45.2,17.8,19,2,82.1,,1,0,0,0,0,0,0,0,0
1883,September,14.5,27.1,1.0,4.8,11.0,65.8,18.0,17,1,72.6,,0,0,0,0,3,0,0,0,0
1883,August,17.2,30.6,14.0,7.2,18.0,45.9,18.7,10,1,68.6,,0,0,0,0,8,1,0,0,0
1883,July,18.3,34.5,4.0,8.9,16.0,86.4,24.7,20,3,68.0,,0,0,0,0,11,5,0,0,0
1883,June,18.3,31.6,30.0,7.4,13.0,36.0,10.7,7,2,61.3,,0,0,0,0,10,2,0,0,0
1883,May,13.6,29.3,26.0,1.6,11.0,45.8,16.1,8,1,62.7,,0,0,0,0,7,0,0,0,0
1883,April,6.9,18.8,18.0,-2.0,3.0,15.6,6.1,10,0,68.8,,7,0,0,0,0,0,0,0,0
1883,March,-1.5,8.8,5.0,-14.7,15.0,12.6,5.6,11,0,73.3,,26,3,0,7,0,0,0,0,0
1883,February,2.4,9.8,22.0,-6.1,20.0,16.5,4.5,12,0,83.5,,10,0,0,1,0,0,0,0,0
1883,January,-0.1,12.3,2.0,-9.6,25.0,18.5,5.1,10,0,83.1,,20,0,0,10,0,0,0,0,0
1882,December,0.3,10.6,28.0,-11.6,3.0,37.6,7.7,19,0,88.4,,22,1,0,3,0,0,0,0,0
1882,November,4.0,12.5,1.0,-6.0,19.0,41.4,6.0,23,0,85.6,,10,0,0,3,0,0,0,0,0
1882,October,8.9,17.3,2.0,0.0,17.0,34.4,9.4,15,0,88.6,,0,0,0,0,0,0,0,0,0
1882,September,14.4,25.2,2.0,5.3,29.0,46.4,7.8,14,0,83.0,,0,0,0,0,2,0,0,0,0
1882,August,15.8,28.8,13.0,8.5,25.0,63.4,14.2,18,1,78.9,,0,0,0,0,4,0,0,0,0
1882,July,18.7,33.5,16.0,10.2,2.0,152.9,28.9,17,6,69.8,,0,0,0,0,12,2,0,0,0
1882,June,15.8,29.6,24.0,3.5,14.0,69.4,10.0,17,1,64.9,,0,0,0,0,6,0,0,0,0
1882,May,13.0,27.8,29.0,0.7,17.0,47.5,21.9,14,1,64.8,,0,0,0,0,4,0,0,0,0
1882,April,9.2,23.0,22.0,-2.5,11.0,34.9,5.7,14,0,61.5,,5,0,0,0,0,0,0,0,0
1882,March,7.2,21.8,20.0,-1.8,24.0,60.7,19.9,12,2,73.8,,2,0,0,0,0,0,0,0,0
1882,February,2.7,14.3,26.0,-8.2,4.0,21.3,7.1,12,0,81.8,,14,0,0,0,0,0,0,0,0
1882,January,1.4,10.0,6.0,-6.3,17.0,17.1,7.3,7,0,89.1,,17,0,0,2,0,0,0,0,0
1881,December,1.6,11.9,18.0,-3.9,31.0,10.1,4.7,9,0,89.9,,16,0,0,0,0,0,0,0,0
1881,November,6.3,13.8,6.0,-6.1,4.0,10.5,2.2,12,0,83.1,,4,0,0,1,0,0,0,0,0
1881,October,5.6,17.7,8.0,-1.0,28.0,94.9,25.3,19,3,,,3,0,0,0,0,0,0,0,0
1881,September,12.9,23.4,2.0,0.8,30.0,40.5,10.7,15,1,79.8,,0,0,0,0,0,0,0,0,0
1881,August,16.5,33.4,6.0,7.3,29.0,78.7,14.7,17,3,71.6,,0,0,0,0,5,1,0,0,0
1881,July,19.7,35.6,20.0,7.2,28.0,43.4,22.2,14,1,63.2,,0,0,0,0,16,6,1,0,0
1881,June,15.9,33.3,22.0,5.0,13.0,64.7,15.2,15,1,67.5,,0,0,0,0,5,1,0,0,0
1881,May,13.5,26.2,25.0,-0.2,11.0,28.9,11.9,12,1,64.6,,1,0,0,0,4,0,0,0,0
1881,April,6.4,20.8,18.0,-4.5,4.0,9.9,4.3,9,0,69.3,,9,0,0,0,0,0,0,0,0
1881,March,2.6,16.8,29.0,-6.8,4.0,73.2,13.0,16,2,75.7,,16,0,0,4,0,0,0,0,0
1881,February,-0.5,6.0,11.0,-9.5,15.0,22.7,7.5,15,0,86.4,,24,0,0,4,0,0,0,0,0
1881,January,-6.0,6.4,31.0,-21.1,15.0,22.6,5.9,18,0,85.0,,28,12,8,21,0,0,0,0,0
